21:46:24.037 [DEBUG] [org.gradle.launcher.daemon.bootstrap.DaemonMain] Assuming the daemon was started with following jvm opts: [-XX:MaxMetaspaceSize=256m, -XX:+HeapDumpOnOutOfMemoryError, -Xms256m, -Xmx512m, -Dfile.encoding=UTF-8, -Duser.country=KR, -Duser.language=ko, -Duser.variant]
21:46:24.076 [DEBUG] [org.gradle.internal.nativeintegration.services.NativeServices] Native-platform posix files integration is not available. Continuing with fallback.
21:46:24.120 [INFO] [org.gradle.launcher.daemon.server.Daemon] start() called on daemon - DefaultDaemonContext[uid=06fcfde0-7515-4b86-9a0c-a828ab75b09d,javaHome=C:\Program Files\Java\jdk-1.8,daemonRegistryDir=C:\study\jpashop\jpashop\gradle\daemon,pid=3016,idleTimeout=10800000,priority=NORMAL,daemonOpts=-XX:MaxMetaspaceSize=256m,-XX:+HeapDumpOnOutOfMemoryError,-Xms256m,-Xmx512m,-Dfile.encoding=UTF-8,-Duser.country=KR,-Duser.language=ko,-Duser.variant]
21:46:32.634 [DEBUG] [org.gradle.internal.remote.internal.inet.InetAddresses] Adding IP addresses for network interface Software Loopback Interface 1
21:46:32.673 [DEBUG] [org.gradle.internal.remote.internal.inet.InetAddresses] Is this a loopback interface? true
21:46:32.673 [DEBUG] [org.gradle.internal.remote.internal.inet.InetAddresses] Adding loopback address /127.0.0.1
21:46:32.673 [DEBUG] [org.gradle.internal.remote.internal.inet.InetAddresses] Adding loopback address /0:0:0:0:0:0:0:1
21:46:32.676 [DEBUG] [org.gradle.internal.remote.internal.inet.InetAddresses] Adding IP addresses for network interface Microsoft 6to4 Adapter
21:46:32.681 [DEBUG] [org.gradle.internal.remote.internal.inet.InetAddresses] Is this a loopback interface? false
21:46:32.682 [DEBUG] [org.gradle.internal.remote.internal.inet.InetAddresses] Adding IP addresses for network interface WAN Miniport (IP)
21:46:32.688 [DEBUG] [org.gradle.internal.remote.internal.inet.InetAddresses] Is this a loopback interface? false
21:46:32.688 [DEBUG] [org.gradle.internal.remote.internal.inet.InetAddresses] Adding IP addresses for network interface WAN Miniport (SSTP)
21:46:32.693 [DEBUG] [org.gradle.internal.remote.internal.inet.InetAddresses] Is this a loopback interface? false
21:46:32.693 [DEBUG] [org.gradle.internal.remote.internal.inet.InetAddresses] Adding IP addresses for network interface LogMeIn Hamachi Virtual Ethernet Adapter #2
21:46:32.698 [DEBUG] [org.gradle.internal.remote.internal.inet.InetAddresses] Is this a loopback interface? false
21:46:32.699 [DEBUG] [org.gradle.internal.remote.internal.inet.InetAddresses] Adding remote address /25.39.249.126
21:46:32.699 [DEBUG] [org.gradle.internal.remote.internal.inet.InetAddresses] Adding remote address /2620:9b:0:0:0:0:1927:f97e
21:46:32.699 [DEBUG] [org.gradle.internal.remote.internal.inet.InetAddresses] Adding remote address /fe80:0:0:0:d867:2d20:47bf:55f3%eth1
21:46:32.699 [DEBUG] [org.gradle.internal.remote.internal.inet.InetAddresses] Adding IP addresses for network interface Microsoft IP-HTTPS Platform Adapter
21:46:32.704 [DEBUG] [org.gradle.internal.remote.internal.inet.InetAddresses] Is this a loopback interface? false
21:46:32.704 [DEBUG] [org.gradle.internal.remote.internal.inet.InetAddresses] Adding IP addresses for network interface WAN Miniport (Network Monitor)
21:46:32.751 [DEBUG] [org.gradle.internal.remote.internal.inet.InetAddresses] Is this a loopback interface? false
21:46:32.751 [DEBUG] [org.gradle.internal.remote.internal.inet.InetAddresses] Adding IP addresses for network interface Bluetooth Device (Personal Area Network)
21:46:32.756 [DEBUG] [org.gradle.internal.remote.internal.inet.InetAddresses] Is this a loopback interface? false
21:46:32.756 [DEBUG] [org.gradle.internal.remote.internal.inet.InetAddresses] Adding remote address /fe80:0:0:0:1326:7cc1:464a:b5e4%eth3
21:46:32.756 [DEBUG] [org.gradle.internal.remote.internal.inet.InetAddresses] Adding IP addresses for network interface Microsoft Wi-Fi Direct Virtual Adapter #2
21:46:32.762 [DEBUG] [org.gradle.internal.remote.internal.inet.InetAddresses] Is this a loopback interface? false
21:46:32.762 [DEBUG] [org.gradle.internal.remote.internal.inet.InetAddresses] Adding remote address /fe80:0:0:0:a9e8:4cec:777f:f113%wlan0
21:46:32.762 [DEBUG] [org.gradle.internal.remote.internal.inet.InetAddresses] Adding IP addresses for network interface Intel(R) Wi-Fi 6E AX211 160MHz
21:46:32.767 [DEBUG] [org.gradle.internal.remote.internal.inet.InetAddresses] Is this a loopback interface? false
21:46:32.767 [DEBUG] [org.gradle.internal.remote.internal.inet.InetAddresses] Adding remote address /fe80:0:0:0:80ee:f451:9861:eab6%wlan1
21:46:32.767 [DEBUG] [org.gradle.internal.remote.internal.inet.InetAddresses] Adding IP addresses for network interface WAN Miniport (IPv6)
21:46:32.834 [DEBUG] [org.gradle.internal.remote.internal.inet.InetAddresses] Is this a loopback interface? false
21:46:32.834 [DEBUG] [org.gradle.internal.remote.internal.inet.InetAddresses] Adding IP addresses for network interface WAN Miniport (L2TP)
21:46:32.843 [DEBUG] [org.gradle.internal.remote.internal.inet.InetAddresses] Is this a loopback interface? false
21:46:32.843 [DEBUG] [org.gradle.internal.remote.internal.inet.InetAddresses] Adding IP addresses for network interface Microsoft Teredo Tunneling Adapter
21:46:32.945 [DEBUG] [org.gradle.internal.remote.internal.inet.InetAddresses] Is this a loopback interface? false
21:46:32.945 [DEBUG] [org.gradle.internal.remote.internal.inet.InetAddresses] Adding IP addresses for network interface Microsoft Wi-Fi Direct Virtual Adapter
21:46:32.951 [DEBUG] [org.gradle.internal.remote.internal.inet.InetAddresses] Is this a loopback interface? false
21:46:32.951 [DEBUG] [org.gradle.internal.remote.internal.inet.InetAddresses] Adding remote address /fe80:0:0:0:3b65:925:e329:4d08%wlan2
21:46:32.951 [DEBUG] [org.gradle.internal.remote.internal.inet.InetAddresses] Adding IP addresses for network interface WAN Miniport (IKEv2)
21:46:32.956 [DEBUG] [org.gradle.internal.remote.internal.inet.InetAddresses] Is this a loopback interface? false
21:46:32.957 [DEBUG] [org.gradle.internal.remote.internal.inet.InetAddresses] Adding IP addresses for network interface TAP-Win32 Adapter V9
21:46:32.963 [DEBUG] [org.gradle.internal.remote.internal.inet.InetAddresses] Is this a loopback interface? false
21:46:32.963 [DEBUG] [org.gradle.internal.remote.internal.inet.InetAddresses] Adding remote address /fe80:0:0:0:29d6:a7fb:6984:4ee3%eth5
21:46:32.963 [DEBUG] [org.gradle.internal.remote.internal.inet.InetAddresses] Adding IP addresses for network interface Realtek Gaming 2.5GbE Family Controller
21:46:32.969 [DEBUG] [org.gradle.internal.remote.internal.inet.InetAddresses] Is this a loopback interface? false
21:46:32.969 [DEBUG] [org.gradle.internal.remote.internal.inet.InetAddresses] Adding remote address /121.190.103.177
21:46:32.970 [DEBUG] [org.gradle.internal.remote.internal.inet.InetAddresses] Adding remote address /fe80:0:0:0:263f:5a16:c47a:e544%eth6
21:46:32.970 [DEBUG] [org.gradle.internal.remote.internal.inet.InetAddresses] Adding IP addresses for network interface WAN Miniport (PPPOE)
21:46:32.975 [DEBUG] [org.gradle.internal.remote.internal.inet.InetAddresses] Is this a loopback interface? false
21:46:32.976 [DEBUG] [org.gradle.internal.remote.internal.inet.InetAddresses] Adding IP addresses for network interface Microsoft Kernel Debug Network Adapter
21:46:32.981 [DEBUG] [org.gradle.internal.remote.internal.inet.InetAddresses] Is this a loopback interface? false
21:46:32.981 [DEBUG] [org.gradle.internal.remote.internal.inet.InetAddresses] Adding IP addresses for network interface LogMeIn Hamachi Virtual Ethernet Adapter
21:46:32.986 [DEBUG] [org.gradle.internal.remote.internal.inet.InetAddresses] Is this a loopback interface? false
21:46:32.986 [DEBUG] [org.gradle.internal.remote.internal.inet.InetAddresses] Adding IP addresses for network interface WAN Miniport (PPTP)
21:46:33.001 [DEBUG] [org.gradle.internal.remote.internal.inet.InetAddresses] Is this a loopback interface? false
21:46:33.001 [DEBUG] [org.gradle.internal.remote.internal.inet.InetAddresses] Adding IP addresses for network interface TAP-Win32 Adapter V9-WFP Native MAC Layer LightWeight Filter-0000
21:46:33.008 [DEBUG] [org.gradle.internal.remote.internal.inet.InetAddresses] Is this a loopback interface? false
21:46:33.008 [DEBUG] [org.gradle.internal.remote.internal.inet.InetAddresses] Adding IP addresses for network interface TAP-Win32 Adapter V9-Nprotect Firewall Core Driver-0000
21:46:33.013 [DEBUG] [org.gradle.internal.remote.internal.inet.InetAddresses] Is this a loopback interface? false
21:46:33.014 [DEBUG] [org.gradle.internal.remote.internal.inet.InetAddresses] Adding IP addresses for network interface TAP-Win32 Adapter V9-QoS Packet Scheduler-0000
21:46:33.019 [DEBUG] [org.gradle.internal.remote.internal.inet.InetAddresses] Is this a loopback interface? false
21:46:33.019 [DEBUG] [org.gradle.internal.remote.internal.inet.InetAddresses] Adding IP addresses for network interface TAP-Win32 Adapter V9-WFP 802.3 MAC Layer LightWeight Filter-0000
21:46:33.024 [DEBUG] [org.gradle.internal.remote.internal.inet.InetAddresses] Is this a loopback interface? false
21:46:33.024 [DEBUG] [org.gradle.internal.remote.internal.inet.InetAddresses] Adding IP addresses for network interface LogMeIn Hamachi Virtual Ethernet Adapter #2-WFP Native MAC Layer LightWeight Filter-0000
21:46:33.028 [DEBUG] [org.gradle.internal.remote.internal.inet.InetAddresses] Is this a loopback interface? false
21:46:33.029 [DEBUG] [org.gradle.internal.remote.internal.inet.InetAddresses] Adding IP addresses for network interface LogMeIn Hamachi Virtual Ethernet Adapter #2-Nprotect Firewall Core Driver-0000
21:46:33.033 [DEBUG] [org.gradle.internal.remote.internal.inet.InetAddresses] Is this a loopback interface? false
21:46:33.034 [DEBUG] [org.gradle.internal.remote.internal.inet.InetAddresses] Adding IP addresses for network interface LogMeIn Hamachi Virtual Ethernet Adapter #2-WFP 802.3 MAC Layer LightWeight Filter-0000
21:46:33.039 [DEBUG] [org.gradle.internal.remote.internal.inet.InetAddresses] Is this a loopback interface? false
21:46:33.039 [DEBUG] [org.gradle.internal.remote.internal.inet.InetAddresses] Adding IP addresses for network interface Realtek Gaming 2.5GbE Family Controller-WFP Native MAC Layer LightWeight Filter-0000
21:46:33.048 [DEBUG] [org.gradle.internal.remote.internal.inet.InetAddresses] Is this a loopback interface? false
21:46:33.048 [DEBUG] [org.gradle.internal.remote.internal.inet.InetAddresses] Adding IP addresses for network interface Realtek Gaming 2.5GbE Family Controller-Nprotect Firewall Core Driver-0000
21:46:33.054 [DEBUG] [org.gradle.internal.remote.internal.inet.InetAddresses] Is this a loopback interface? false
21:46:33.054 [DEBUG] [org.gradle.internal.remote.internal.inet.InetAddresses] Adding IP addresses for network interface Realtek Gaming 2.5GbE Family Controller-QoS Packet Scheduler-0000
21:46:33.078 [DEBUG] [org.gradle.internal.remote.internal.inet.InetAddresses] Is this a loopback interface? false
21:46:33.078 [DEBUG] [org.gradle.internal.remote.internal.inet.InetAddresses] Adding IP addresses for network interface Realtek Gaming 2.5GbE Family Controller-WFP 802.3 MAC Layer LightWeight Filter-0000
21:46:33.135 [DEBUG] [org.gradle.internal.remote.internal.inet.InetAddresses] Is this a loopback interface? false
21:46:33.135 [DEBUG] [org.gradle.internal.remote.internal.inet.InetAddresses] Adding IP addresses for network interface Intel(R) Wi-Fi 6E AX211 160MHz-WFP Native MAC Layer LightWeight Filter-0000
21:46:33.142 [DEBUG] [org.gradle.internal.remote.internal.inet.InetAddresses] Is this a loopback interface? false
21:46:33.142 [DEBUG] [org.gradle.internal.remote.internal.inet.InetAddresses] Adding IP addresses for network interface Intel(R) Wi-Fi 6E AX211 160MHz-Virtual WiFi Filter Driver-0000
21:46:33.148 [DEBUG] [org.gradle.internal.remote.internal.inet.InetAddresses] Is this a loopback interface? false
21:46:33.148 [DEBUG] [org.gradle.internal.remote.internal.inet.InetAddresses] Adding IP addresses for network interface Intel(R) Wi-Fi 6E AX211 160MHz-Native WiFi Filter Driver-0000
21:46:33.198 [DEBUG] [org.gradle.internal.remote.internal.inet.InetAddresses] Is this a loopback interface? false
21:46:33.198 [DEBUG] [org.gradle.internal.remote.internal.inet.InetAddresses] Adding IP addresses for network interface Intel(R) Wi-Fi 6E AX211 160MHz-Nprotect Firewall Core Driver-0000
21:46:33.240 [DEBUG] [org.gradle.internal.remote.internal.inet.InetAddresses] Is this a loopback interface? false
21:46:33.240 [DEBUG] [org.gradle.internal.remote.internal.inet.InetAddresses] Adding IP addresses for network interface Intel(R) Wi-Fi 6E AX211 160MHz-QoS Packet Scheduler-0000
21:46:33.245 [DEBUG] [org.gradle.internal.remote.internal.inet.InetAddresses] Is this a loopback interface? false
21:46:33.245 [DEBUG] [org.gradle.internal.remote.internal.inet.InetAddresses] Adding IP addresses for network interface Intel(R) Wi-Fi 6E AX211 160MHz-WFP 802.3 MAC Layer LightWeight Filter-0000
21:46:33.298 [DEBUG] [org.gradle.internal.remote.internal.inet.InetAddresses] Is this a loopback interface? false
21:46:33.298 [DEBUG] [org.gradle.internal.remote.internal.inet.InetAddresses] Adding IP addresses for network interface Microsoft Wi-Fi Direct Virtual Adapter-WFP Native MAC Layer LightWeight Filter-0000
21:46:33.303 [DEBUG] [org.gradle.internal.remote.internal.inet.InetAddresses] Is this a loopback interface? false
21:46:33.303 [DEBUG] [org.gradle.internal.remote.internal.inet.InetAddresses] Adding IP addresses for network interface Microsoft Wi-Fi Direct Virtual Adapter-Native WiFi Filter Driver-0000
21:46:33.309 [DEBUG] [org.gradle.internal.remote.internal.inet.InetAddresses] Is this a loopback interface? false
21:46:33.309 [DEBUG] [org.gradle.internal.remote.internal.inet.InetAddresses] Adding IP addresses for network interface Microsoft Wi-Fi Direct Virtual Adapter-Nprotect Firewall Core Driver-0000
21:46:33.316 [DEBUG] [org.gradle.internal.remote.internal.inet.InetAddresses] Is this a loopback interface? false
21:46:33.316 [DEBUG] [org.gradle.internal.remote.internal.inet.InetAddresses] Adding IP addresses for network interface Microsoft Wi-Fi Direct Virtual Adapter-QoS Packet Scheduler-0000
21:46:33.321 [DEBUG] [org.gradle.internal.remote.internal.inet.InetAddresses] Is this a loopback interface? false
21:46:33.321 [DEBUG] [org.gradle.internal.remote.internal.inet.InetAddresses] Adding IP addresses for network interface Microsoft Wi-Fi Direct Virtual Adapter-WFP 802.3 MAC Layer LightWeight Filter-0000
21:46:33.326 [DEBUG] [org.gradle.internal.remote.internal.inet.InetAddresses] Is this a loopback interface? false
21:46:33.326 [DEBUG] [org.gradle.internal.remote.internal.inet.InetAddresses] Adding IP addresses for network interface WAN Miniport (IP)-WFP Native MAC Layer LightWeight Filter-0000
21:46:33.332 [DEBUG] [org.gradle.internal.remote.internal.inet.InetAddresses] Is this a loopback interface? false
21:46:33.332 [DEBUG] [org.gradle.internal.remote.internal.inet.InetAddresses] Adding IP addresses for network interface WAN Miniport (IP)-Nprotect Firewall Core Driver-0000
21:46:33.337 [DEBUG] [org.gradle.internal.remote.internal.inet.InetAddresses] Is this a loopback interface? false
21:46:33.337 [DEBUG] [org.gradle.internal.remote.internal.inet.InetAddresses] Adding IP addresses for network interface WAN Miniport (IP)-QoS Packet Scheduler-0000
21:46:33.342 [DEBUG] [org.gradle.internal.remote.internal.inet.InetAddresses] Is this a loopback interface? false
21:46:33.343 [DEBUG] [org.gradle.internal.remote.internal.inet.InetAddresses] Adding IP addresses for network interface WAN Miniport (IPv6)-WFP Native MAC Layer LightWeight Filter-0000
21:46:33.349 [DEBUG] [org.gradle.internal.remote.internal.inet.InetAddresses] Is this a loopback interface? false
21:46:33.349 [DEBUG] [org.gradle.internal.remote.internal.inet.InetAddresses] Adding IP addresses for network interface WAN Miniport (IPv6)-Nprotect Firewall Core Driver-0000
21:46:33.354 [DEBUG] [org.gradle.internal.remote.internal.inet.InetAddresses] Is this a loopback interface? false
21:46:33.354 [DEBUG] [org.gradle.internal.remote.internal.inet.InetAddresses] Adding IP addresses for network interface WAN Miniport (IPv6)-QoS Packet Scheduler-0000
21:46:33.359 [DEBUG] [org.gradle.internal.remote.internal.inet.InetAddresses] Is this a loopback interface? false
21:46:33.359 [DEBUG] [org.gradle.internal.remote.internal.inet.InetAddresses] Adding IP addresses for network interface WAN Miniport (Network Monitor)-WFP Native MAC Layer LightWeight Filter-0000
21:46:33.365 [DEBUG] [org.gradle.internal.remote.internal.inet.InetAddresses] Is this a loopback interface? false
21:46:33.365 [DEBUG] [org.gradle.internal.remote.internal.inet.InetAddresses] Adding IP addresses for network interface WAN Miniport (Network Monitor)-Nprotect Firewall Core Driver-0000
21:46:33.371 [DEBUG] [org.gradle.internal.remote.internal.inet.InetAddresses] Is this a loopback interface? false
21:46:33.372 [DEBUG] [org.gradle.internal.remote.internal.inet.InetAddresses] Adding IP addresses for network interface WAN Miniport (Network Monitor)-QoS Packet Scheduler-0000
21:46:33.446 [DEBUG] [org.gradle.internal.remote.internal.inet.InetAddresses] Is this a loopback interface? false
21:46:33.446 [DEBUG] [org.gradle.internal.remote.internal.inet.InetAddresses] Adding IP addresses for network interface Microsoft Wi-Fi Direct Virtual Adapter #2-WFP Native MAC Layer LightWeight Filter-0000
21:46:33.451 [DEBUG] [org.gradle.internal.remote.internal.inet.InetAddresses] Is this a loopback interface? false
21:46:33.451 [DEBUG] [org.gradle.internal.remote.internal.inet.InetAddresses] Adding IP addresses for network interface Microsoft Wi-Fi Direct Virtual Adapter #2-Native WiFi Filter Driver-0000
21:46:33.456 [DEBUG] [org.gradle.internal.remote.internal.inet.InetAddresses] Is this a loopback interface? false
21:46:33.456 [DEBUG] [org.gradle.internal.remote.internal.inet.InetAddresses] Adding IP addresses for network interface Microsoft Wi-Fi Direct Virtual Adapter #2-Nprotect Firewall Core Driver-0000
21:46:33.461 [DEBUG] [org.gradle.internal.remote.internal.inet.InetAddresses] Is this a loopback interface? false
21:46:33.461 [DEBUG] [org.gradle.internal.remote.internal.inet.InetAddresses] Adding IP addresses for network interface Microsoft Wi-Fi Direct Virtual Adapter #2-QoS Packet Scheduler-0000
21:46:33.467 [DEBUG] [org.gradle.internal.remote.internal.inet.InetAddresses] Is this a loopback interface? false
21:46:33.467 [DEBUG] [org.gradle.internal.remote.internal.inet.InetAddresses] Adding IP addresses for network interface Microsoft Wi-Fi Direct Virtual Adapter #2-WFP 802.3 MAC Layer LightWeight Filter-0000
21:46:33.474 [DEBUG] [org.gradle.internal.remote.internal.inet.InetAddresses] Is this a loopback interface? false
21:46:33.476 [DEBUG] [org.gradle.internal.remote.internal.inet.TcpIncomingConnector] Listening on [c84aa385-e42f-4082-9eec-8f92b1ad1a11 port:3415, addresses:[/127.0.0.1, /0:0:0:0:0:0:0:1]].
21:46:33.478 [DEBUG] [org.gradle.launcher.daemon.server.Daemon] Daemon starting at: Sun Mar 02 21:46:33 KST 2025, with address: [c84aa385-e42f-4082-9eec-8f92b1ad1a11 port:3415, addresses:[/127.0.0.1, /0:0:0:0:0:0:0:1]]
21:46:33.478 [INFO] [org.gradle.launcher.daemon.server.DaemonRegistryUpdater] Advertising the daemon address to the clients: [c84aa385-e42f-4082-9eec-8f92b1ad1a11 port:3415, addresses:[/127.0.0.1, /0:0:0:0:0:0:0:1]]
21:46:33.479 [DEBUG] [org.gradle.launcher.daemon.server.DaemonRegistryUpdater] Advertised daemon context: DefaultDaemonContext[uid=06fcfde0-7515-4b86-9a0c-a828ab75b09d,javaHome=C:\Program Files\Java\jdk-1.8,daemonRegistryDir=C:\study\jpashop\jpashop\gradle\daemon,pid=3016,idleTimeout=10800000,priority=NORMAL,daemonOpts=-XX:MaxMetaspaceSize=256m,-XX:+HeapDumpOnOutOfMemoryError,-Xms256m,-Xmx512m,-Dfile.encoding=UTF-8,-Duser.country=KR,-Duser.language=ko,-Duser.variant]
21:46:33.479 [DEBUG] [org.gradle.launcher.daemon.registry.PersistentDaemonRegistry] Storing daemon address: [c84aa385-e42f-4082-9eec-8f92b1ad1a11 port:3415, addresses:[/127.0.0.1, /0:0:0:0:0:0:0:1]], context: DefaultDaemonContext[uid=06fcfde0-7515-4b86-9a0c-a828ab75b09d,javaHome=C:\Program Files\Java\jdk-1.8,daemonRegistryDir=C:\study\jpashop\jpashop\gradle\daemon,pid=3016,idleTimeout=10800000,priority=NORMAL,daemonOpts=-XX:MaxMetaspaceSize=256m,-XX:+HeapDumpOnOutOfMemoryError,-Xms256m,-Xmx512m,-Dfile.encoding=UTF-8,-Duser.country=KR,-Duser.language=ko,-Duser.variant]
21:46:33.486 [DEBUG] [org.gradle.cache.internal.DefaultFileLockManager] Waiting to acquire exclusive lock on daemon addresses registry.
21:46:33.487 [DEBUG] [org.gradle.cache.internal.DefaultFileLockManager] Lock acquired on daemon addresses registry.
21:46:33.489 [DEBUG] [org.gradle.cache.internal.DefaultFileLockManager] Releasing lock on daemon addresses registry.
21:46:33.489 [LIFECYCLE] [org.gradle.launcher.daemon.server.Daemon] Daemon server started.
21:46:33.490 [DEBUG] [org.gradle.launcher.daemon.bootstrap.DaemonStartupCommunication] Completed writing the daemon greeting. Closing streams...
21:46:33.493 [DEBUG] [org.gradle.launcher.daemon.server.Daemon] stopOnExpiration() called on daemon
21:46:33.493 [DEBUG] [org.gradle.launcher.daemon.server.Daemon] awaitExpiration() called on daemon
21:46:33.493 [DEBUG] [org.gradle.launcher.daemon.server.DaemonStateCoordinator] daemon is running. Sleeping until state changes.
21:46:33.577 [DEBUG] [org.gradle.internal.remote.internal.inet.TcpIncomingConnector] Accepted connection from /127.0.0.1:3416 to /127.0.0.1:3415.
21:46:33.614 [DEBUG] [org.gradle.launcher.daemon.server.SynchronizedDispatchConnection] thread 26: received class org.gradle.launcher.daemon.protocol.Build
21:46:33.615 [DEBUG] [org.gradle.launcher.daemon.server.DefaultDaemonConnection] thread 26: Received non-IO message from client: Build{id=7f5dfaed-449c-4794-8483-898cc8dc4960, currentDir=C:\Users\dytpq\OneDrive\바탕 화면\jpashop-v20210728}
21:46:33.615 [INFO] [org.gradle.launcher.daemon.server.DefaultIncomingConnectionHandler] Received command: Build{id=7f5dfaed-449c-4794-8483-898cc8dc4960, currentDir=C:\Users\dytpq\OneDrive\바탕 화면\jpashop-v20210728}.
21:46:33.615 [DEBUG] [org.gradle.launcher.daemon.server.DefaultIncomingConnectionHandler] Starting executing command: Build{id=7f5dfaed-449c-4794-8483-898cc8dc4960, currentDir=C:\Users\dytpq\OneDrive\바탕 화면\jpashop-v20210728} with connection: socket connection from /127.0.0.1:3415 to /127.0.0.1:3416.
21:46:33.616 [ERROR] [org.gradle.launcher.daemon.server.DaemonStateCoordinator] Command execution: started DaemonCommandExecution[command = Build{id=7f5dfaed-449c-4794-8483-898cc8dc4960, currentDir=C:\Users\dytpq\OneDrive\바탕 화면\jpashop-v20210728}, connection = DefaultDaemonConnection: socket connection from /127.0.0.1:3415 to /127.0.0.1:3416] after 0.0 minutes of idle
21:46:33.617 [INFO] [org.gradle.launcher.daemon.server.DaemonRegistryUpdater] Marking the daemon as busy, address: [c84aa385-e42f-4082-9eec-8f92b1ad1a11 port:3415, addresses:[/127.0.0.1, /0:0:0:0:0:0:0:1]]
21:46:33.617 [DEBUG] [org.gradle.launcher.daemon.registry.PersistentDaemonRegistry] Marking busy by address: [c84aa385-e42f-4082-9eec-8f92b1ad1a11 port:3415, addresses:[/127.0.0.1, /0:0:0:0:0:0:0:1]]
21:46:33.617 [DEBUG] [org.gradle.cache.internal.DefaultFileLockManager] Waiting to acquire exclusive lock on daemon addresses registry.
21:46:33.618 [DEBUG] [org.gradle.cache.internal.DefaultFileLockManager] Lock acquired on daemon addresses registry.
21:46:33.619 [DEBUG] [org.gradle.cache.internal.DefaultFileLockManager] Releasing lock on daemon addresses registry.
21:46:33.619 [DEBUG] [org.gradle.launcher.daemon.server.DaemonStateCoordinator] resetting idle timer
21:46:33.619 [DEBUG] [org.gradle.launcher.daemon.server.DaemonStateCoordinator] daemon is running. Sleeping until state changes.
21:46:33.619 [INFO] [org.gradle.launcher.daemon.server.exec.StartBuildOrRespondWithBusy] Daemon is about to start building Build{id=7f5dfaed-449c-4794-8483-898cc8dc4960, currentDir=C:\Users\dytpq\OneDrive\바탕 화면\jpashop-v20210728}. Dispatching build started information...
21:46:33.619 [DEBUG] [org.gradle.launcher.daemon.server.SynchronizedDispatchConnection] thread 28: dispatching class org.gradle.launcher.daemon.protocol.BuildStarted
21:46:33.621 [DEBUG] [org.gradle.launcher.daemon.server.exec.EstablishBuildEnvironment] Configuring env variables: {USERDOMAIN_ROAMINGPROFILE=DESKTOP-6BA21JV, LOCALAPPDATA=C:\Users\dytpq\AppData\Local, User ID={96A72079-4BD0-4B96-BCFF-A9911D195D22}, PROCESSOR_LEVEL=6, IntelliJ IDEA=C:\Program Files\JetBrains\IntelliJ IDEA 2024.3.3\bin;, EFC_20800=1, USERDOMAIN=DESKTOP-6BA21JV, LOGONSERVER=\\DESKTOP-6BA21JV, FPS_BROWSER_APP_PROFILE_STRING=Internet Explorer, JAVA_HOME=C:\Program Files\Java\jre1.8.0_431, SESSIONNAME=Console, ALLUSERSPROFILE=C:\ProgramData, PROCESSOR_ARCHITECTURE=AMD64, PSModulePath=C:\Program Files\WindowsPowerShell\Modules;C:\WINDOWS\system32\WindowsPowerShell\v1.0\Modules, SystemDrive=C:, OneDrive=C:\Users\dytpq\OneDrive, APPDATA=C:\Users\dytpq\AppData\Roaming, USERNAME=dytpq, ProgramFiles(x86)=C:\Program Files (x86), CommonProgramFiles=C:\Program Files\Common Files, Path=C:\Program Files\Common Files\Oracle\Java\javapath;C:\Program Files (x86)\Common Files\Oracle\Java\java8path;C:\Program Files (x86)\Common Files\Oracle\Java\javapath;C:\Program Files (x86)\Razer Chroma SDK\bin;C:\Program Files\Razer Chroma SDK\bin;C:\Program Files (x86)\Razer\ChromaBroadcast\bin;C:\Program Files\Razer\ChromaBroadcast\bin;JAVA_HOME\bin;C:\WINDOWS\system32\config\systemprofile\AppData\Local\Microsoft\WindowsApps;C:\Users\dytpq\AppData\Local\Microsoft\WindowsApps;C:\Users\dytpq\AppData\Local\Programs\Microsoft VS Code\bin;C:\Users\dytpq\AppData\Roaming\npm;C:\Users\dytpq\AppData\Local\Microsoft\WindowsApps;;C:\Users\dytpq\AppData\Local\Programs\Microsoft VS Code\bin;C:\Users\dytpq\AppData\Roaming\npm;C:\Program Files\JetBrains\IntelliJ IDEA 2024.3.3\bin;, FPS_BROWSER_USER_PROFILE_STRING=Default, PATHEXT=.COM;.EXE;.BAT;.CMD;.VBS;.VBE;.JS;.JSE;.WSF;.WSH;.MSC, DriverData=C:\Windows\System32\Drivers\DriverData, OS=Windows_NT, COMPUTERNAME=DESKTOP-6BA21JV, PROCESSOR_REVISION=b701, CommonProgramW6432=C:\Program Files\Common Files, ComSpec=C:\WINDOWS\system32\cmd.exe, ProgramData=C:\ProgramData, ProgramW6432=C:\Program Files, TEMP=C:\Users\dytpq\AppData\Local\Temp, HOMEPATH=\Users\dytpq, SystemRoot=C:\WINDOWS, PROCESSOR_IDENTIFIER=Intel64 Family 6 Model 183 Stepping 1, GenuineIntel, HOMEDRIVE=C:, USERPROFILE=C:\Users\dytpq, TMP=C:\Users\dytpq\AppData\Local\Temp, CommonProgramFiles(x86)=C:\Program Files (x86)\Common Files, ProgramFiles=C:\Program Files, PUBLIC=C:\Users\Public, windir=C:\WINDOWS, NUMBER_OF_PROCESSORS=20, =::=::\}
21:46:33.624 [DEBUG] [org.gradle.launcher.daemon.server.exec.LogToClient] About to start relaying all logs to the client via the connection.
21:46:33.624 [INFO] [org.gradle.launcher.daemon.server.exec.LogToClient] The client will now receive all logging from the daemon (pid: 3016). The daemon log file: C:\study\jpashop\jpashop\gradle\daemon\5.6\daemon-3016.out.log
21:46:33.625 [INFO] [org.gradle.launcher.daemon.server.exec.LogAndCheckHealth] Starting build in new daemon [memory: 477.6 MB]
21:46:33.628 [DEBUG] [org.gradle.launcher.daemon.server.exec.ExecuteBuild] The daemon has started executing the build.
21:46:33.628 [DEBUG] [org.gradle.launcher.daemon.server.exec.ExecuteBuild] Executing build with daemon context: DefaultDaemonContext[uid=06fcfde0-7515-4b86-9a0c-a828ab75b09d,javaHome=C:\Program Files\Java\jdk-1.8,daemonRegistryDir=C:\study\jpashop\jpashop\gradle\daemon,pid=3016,idleTimeout=10800000,priority=NORMAL,daemonOpts=-XX:MaxMetaspaceSize=256m,-XX:+HeapDumpOnOutOfMemoryError,-Xms256m,-Xmx512m,-Dfile.encoding=UTF-8,-Duser.country=KR,-Duser.language=ko,-Duser.variant]

FAILURE: Build failed with an exception.

* What went wrong:
Execution failed for task ':compileJava'.
> Could not target platform: 'Java SE 11' using tool chain: 'JDK 8 (1.8)'.

* Try:
Run with --stacktrace option to get the stack trace. Run with --info or --debug option to get more log output. Run with --scan to get full insights.

* Get more help at https://help.gradle.org

BUILD FAILED in 30s
1 actionable task: 1 executed
21:46:53.514 [DEBUG] [org.gradle.launcher.daemon.server.exec.ExecuteBuild] The daemon has finished executing the build.
21:46:53.529 [DEBUG] [org.gradle.launcher.daemon.server.DaemonStateCoordinator] daemon is running. Sleeping until state changes.
21:46:53.529 [DEBUG] [org.gradle.launcher.daemon.server.DaemonStateCoordinator] Command execution: finished waiting for DaemonCommandExecution[command = Build{id=7f5dfaed-449c-4794-8483-898cc8dc4960, currentDir=C:\Users\dytpq\OneDrive\바탕 화면\jpashop-v20210728}, connection = DefaultDaemonConnection: socket connection from /127.0.0.1:3415 to /127.0.0.1:3416]. Result org.gradle.launcher.daemon.server.DaemonStateCoordinator@649d87eb with state Busy
21:46:53.529 [DEBUG] [org.gradle.launcher.daemon.server.DaemonStateCoordinator] Command execution: completed DaemonCommandExecution[command = Build{id=7f5dfaed-449c-4794-8483-898cc8dc4960, currentDir=C:\Users\dytpq\OneDrive\바탕 화면\jpashop-v20210728}, connection = DefaultDaemonConnection: socket connection from /127.0.0.1:3415 to /127.0.0.1:3416]
21:46:53.529 [DEBUG] [org.gradle.launcher.daemon.server.DaemonStateCoordinator] resetting idle timer
21:46:53.529 [INFO] [org.gradle.launcher.daemon.server.DaemonRegistryUpdater] Marking the daemon as idle, address: [c84aa385-e42f-4082-9eec-8f92b1ad1a11 port:3415, addresses:[/127.0.0.1, /0:0:0:0:0:0:0:1]]
21:46:53.529 [DEBUG] [org.gradle.launcher.daemon.registry.PersistentDaemonRegistry] Marking busy by address: [c84aa385-e42f-4082-9eec-8f92b1ad1a11 port:3415, addresses:[/127.0.0.1, /0:0:0:0:0:0:0:1]]
21:46:53.530 [DEBUG] [org.gradle.cache.internal.DefaultFileLockManager] Waiting to acquire exclusive lock on daemon addresses registry.
21:46:53.530 [DEBUG] [org.gradle.cache.internal.DefaultFileLockManager] Lock acquired on daemon addresses registry.
21:46:53.531 [DEBUG] [org.gradle.cache.internal.DefaultFileLockManager] Releasing lock on daemon addresses registry.
21:46:53.531 [DEBUG] [org.gradle.launcher.daemon.server.DaemonStateCoordinator] daemon is running. Sleeping until state changes.
21:46:53.531 [DEBUG] [org.gradle.launcher.daemon.server.exec.ReturnResult] Daemon is dispatching the build result: Success[value=org.gradle.launcher.exec.BuildActionResult@2412a713]
21:46:53.531 [DEBUG] [org.gradle.launcher.daemon.server.SynchronizedDispatchConnection] thread 25: dispatching class org.gradle.launcher.daemon.protocol.Success
21:46:53.533 [DEBUG] [org.gradle.launcher.daemon.server.DefaultIncomingConnectionHandler] Finishing executing command: Build{id=7f5dfaed-449c-4794-8483-898cc8dc4960, currentDir=C:\Users\dytpq\OneDrive\바탕 화면\jpashop-v20210728}
21:46:53.538 [DEBUG] [org.gradle.launcher.daemon.server.SynchronizedDispatchConnection] thread 26: received class org.gradle.launcher.daemon.protocol.CloseInput
21:46:53.538 [DEBUG] [org.gradle.launcher.daemon.server.DefaultDaemonConnection] thread 26: Received IO message from client: org.gradle.launcher.daemon.protocol.CloseInput@53dc66cb
21:46:53.539 [DEBUG] [org.gradle.launcher.daemon.server.SynchronizedDispatchConnection] thread 26: received class org.gradle.launcher.daemon.protocol.Finished
21:46:53.539 [DEBUG] [org.gradle.launcher.daemon.server.DefaultDaemonConnection] thread 26: Received non-IO message from client: org.gradle.launcher.daemon.protocol.Finished@106db4f4
21:46:53.539 [DEBUG] [org.gradle.launcher.daemon.server.DefaultIncomingConnectionHandler] Received finished message: org.gradle.launcher.daemon.protocol.Finished@106db4f4
21:46:53.539 [DEBUG] [org.gradle.launcher.daemon.server.SynchronizedDispatchConnection] thread 25: stopping connection
21:46:53.539 [DEBUG] [org.gradle.internal.remote.internal.inet.SocketConnection] Discarding EOFException: java.io.EOFException
21:46:53.539 [DEBUG] [org.gradle.launcher.daemon.server.SynchronizedDispatchConnection] thread 26: received null
21:46:53.539 [DEBUG] [org.gradle.launcher.daemon.server.DefaultDaemonConnection] thread 26: Received end-of-input from client.
21:46:53.539 [DEBUG] [org.gradle.launcher.daemon.server.SynchronizedDispatchConnection] thread 25: stopping connection
21:46:57.507 [DEBUG] [org.gradle.process.internal.health.memory.MemoryManager] Emitting OS memory status event {Total: 34212798464, Free: 14673117184}
21:46:57.507 [DEBUG] [org.gradle.launcher.daemon.server.health.LowMemoryDaemonExpirationStrategy] Received memory status update: {Total: 34212798464, Free: 14673117184}
21:46:57.508 [DEBUG] [org.gradle.process.internal.health.memory.MemoryManager] Emitting JVM memory status event {Maximum: 477626368, Committed: 345505792}
21:47:02.498 [DEBUG] [org.gradle.process.internal.health.memory.MemoryManager] Emitting OS memory status event {Total: 34212798464, Free: 14710009856}
21:47:02.498 [DEBUG] [org.gradle.launcher.daemon.server.health.LowMemoryDaemonExpirationStrategy] Received memory status update: {Total: 34212798464, Free: 14710009856}
21:47:02.498 [DEBUG] [org.gradle.process.internal.health.memory.MemoryManager] Emitting JVM memory status event {Maximum: 477626368, Committed: 345505792}
21:47:03.493 [DEBUG] [org.gradle.launcher.daemon.server.Daemon] DaemonExpirationPeriodicCheck running
21:47:03.497 [DEBUG] [org.gradle.cache.internal.DefaultFileLockManager] Waiting to acquire shared lock on daemon addresses registry.
21:47:03.497 [DEBUG] [org.gradle.cache.internal.DefaultFileLockManager] Lock acquired on daemon addresses registry.
21:47:03.500 [DEBUG] [org.gradle.cache.internal.DefaultFileLockManager] Releasing lock on daemon addresses registry.
21:47:03.501 [DEBUG] [org.gradle.cache.internal.DefaultFileLockManager] Waiting to acquire shared lock on daemon addresses registry.
21:47:03.501 [DEBUG] [org.gradle.cache.internal.DefaultFileLockManager] Lock acquired on daemon addresses registry.
21:47:03.501 [DEBUG] [org.gradle.cache.internal.DefaultFileLockManager] Releasing lock on daemon addresses registry.
21:47:07.498 [DEBUG] [org.gradle.process.internal.health.memory.MemoryManager] Emitting OS memory status event {Total: 34212798464, Free: 14746316800}
21:47:07.498 [DEBUG] [org.gradle.launcher.daemon.server.health.LowMemoryDaemonExpirationStrategy] Received memory status update: {Total: 34212798464, Free: 14746316800}
21:47:07.498 [DEBUG] [org.gradle.process.internal.health.memory.MemoryManager] Emitting JVM memory status event {Maximum: 477626368, Committed: 345505792}
21:47:12.503 [DEBUG] [org.gradle.process.internal.health.memory.MemoryManager] Emitting OS memory status event {Total: 34212798464, Free: 14762762240}
21:47:12.503 [DEBUG] [org.gradle.launcher.daemon.server.health.LowMemoryDaemonExpirationStrategy] Received memory status update: {Total: 34212798464, Free: 14762762240}
21:47:12.503 [DEBUG] [org.gradle.process.internal.health.memory.MemoryManager] Emitting JVM memory status event {Maximum: 477626368, Committed: 345505792}
21:47:13.499 [DEBUG] [org.gradle.launcher.daemon.server.Daemon] DaemonExpirationPeriodicCheck running
21:47:13.500 [DEBUG] [org.gradle.cache.internal.DefaultFileLockManager] Waiting to acquire shared lock on daemon addresses registry.
21:47:13.500 [DEBUG] [org.gradle.cache.internal.DefaultFileLockManager] Lock acquired on daemon addresses registry.
21:47:13.500 [DEBUG] [org.gradle.cache.internal.DefaultFileLockManager] Releasing lock on daemon addresses registry.
21:47:13.500 [DEBUG] [org.gradle.cache.internal.DefaultFileLockManager] Waiting to acquire shared lock on daemon addresses registry.
21:47:13.500 [DEBUG] [org.gradle.cache.internal.DefaultFileLockManager] Lock acquired on daemon addresses registry.
21:47:13.501 [DEBUG] [org.gradle.cache.internal.DefaultFileLockManager] Releasing lock on daemon addresses registry.
21:47:13.501 [DEBUG] [org.gradle.cache.internal.DefaultFileLockManager] Waiting to acquire shared lock on daemon addresses registry.
21:47:13.501 [DEBUG] [org.gradle.cache.internal.DefaultFileLockManager] Lock acquired on daemon addresses registry.
21:47:13.501 [DEBUG] [org.gradle.cache.internal.DefaultFileLockManager] Releasing lock on daemon addresses registry.
21:47:17.500 [DEBUG] [org.gradle.process.internal.health.memory.MemoryManager] Emitting OS memory status event {Total: 34212798464, Free: 14801096704}
21:47:17.500 [DEBUG] [org.gradle.launcher.daemon.server.health.LowMemoryDaemonExpirationStrategy] Received memory status update: {Total: 34212798464, Free: 14801096704}
21:47:17.500 [DEBUG] [org.gradle.process.internal.health.memory.MemoryManager] Emitting JVM memory status event {Maximum: 477626368, Committed: 345505792}
21:47:18.116 [DEBUG] [org.gradle.internal.remote.internal.inet.TcpIncomingConnector] Accepted connection from /127.0.0.1:3528 to /127.0.0.1:3415.
21:47:18.119 [DEBUG] [org.gradle.launcher.daemon.server.SynchronizedDispatchConnection] thread 86: received class org.gradle.launcher.daemon.protocol.Build
21:47:18.119 [DEBUG] [org.gradle.launcher.daemon.server.DefaultDaemonConnection] thread 86: Received non-IO message from client: Build{id=1893261e-d9d9-43a5-acf5-a98d670c6385, currentDir=C:\Users\dytpq\OneDrive\바탕 화면\jpashop-v20210728}
21:47:18.119 [INFO] [org.gradle.launcher.daemon.server.DefaultIncomingConnectionHandler] Received command: Build{id=1893261e-d9d9-43a5-acf5-a98d670c6385, currentDir=C:\Users\dytpq\OneDrive\바탕 화면\jpashop-v20210728}.
21:47:18.119 [DEBUG] [org.gradle.launcher.daemon.server.DefaultIncomingConnectionHandler] Starting executing command: Build{id=1893261e-d9d9-43a5-acf5-a98d670c6385, currentDir=C:\Users\dytpq\OneDrive\바탕 화면\jpashop-v20210728} with connection: socket connection from /127.0.0.1:3415 to /127.0.0.1:3528.
21:47:18.119 [ERROR] [org.gradle.launcher.daemon.server.DaemonStateCoordinator] Command execution: started DaemonCommandExecution[command = Build{id=1893261e-d9d9-43a5-acf5-a98d670c6385, currentDir=C:\Users\dytpq\OneDrive\바탕 화면\jpashop-v20210728}, connection = DefaultDaemonConnection: socket connection from /127.0.0.1:3415 to /127.0.0.1:3528] after 0.0 minutes of idle
21:47:18.120 [INFO] [org.gradle.launcher.daemon.server.DaemonRegistryUpdater] Marking the daemon as busy, address: [c84aa385-e42f-4082-9eec-8f92b1ad1a11 port:3415, addresses:[/127.0.0.1, /0:0:0:0:0:0:0:1]]
21:47:18.120 [DEBUG] [org.gradle.launcher.daemon.registry.PersistentDaemonRegistry] Marking busy by address: [c84aa385-e42f-4082-9eec-8f92b1ad1a11 port:3415, addresses:[/127.0.0.1, /0:0:0:0:0:0:0:1]]
21:47:18.120 [DEBUG] [org.gradle.cache.internal.DefaultFileLockManager] Waiting to acquire exclusive lock on daemon addresses registry.
21:47:18.120 [DEBUG] [org.gradle.cache.internal.DefaultFileLockManager] Lock acquired on daemon addresses registry.
21:47:18.121 [DEBUG] [org.gradle.cache.internal.DefaultFileLockManager] Releasing lock on daemon addresses registry.
21:47:18.121 [DEBUG] [org.gradle.launcher.daemon.server.DaemonStateCoordinator] resetting idle timer
21:47:18.121 [DEBUG] [org.gradle.launcher.daemon.server.DaemonStateCoordinator] daemon is running. Sleeping until state changes.
21:47:18.121 [INFO] [org.gradle.launcher.daemon.server.exec.StartBuildOrRespondWithBusy] Daemon is about to start building Build{id=1893261e-d9d9-43a5-acf5-a98d670c6385, currentDir=C:\Users\dytpq\OneDrive\바탕 화면\jpashop-v20210728}. Dispatching build started information...
21:47:18.121 [DEBUG] [org.gradle.launcher.daemon.server.SynchronizedDispatchConnection] thread 28: dispatching class org.gradle.launcher.daemon.protocol.BuildStarted
21:47:18.122 [DEBUG] [org.gradle.launcher.daemon.server.exec.EstablishBuildEnvironment] Configuring env variables: {USERDOMAIN_ROAMINGPROFILE=DESKTOP-6BA21JV, LOCALAPPDATA=C:\Users\dytpq\AppData\Local, User ID={96A72079-4BD0-4B96-BCFF-A9911D195D22}, PROCESSOR_LEVEL=6, IntelliJ IDEA=C:\Program Files\JetBrains\IntelliJ IDEA 2024.3.3\bin;, EFC_20800=1, USERDOMAIN=DESKTOP-6BA21JV, LOGONSERVER=\\DESKTOP-6BA21JV, FPS_BROWSER_APP_PROFILE_STRING=Internet Explorer, JAVA_HOME=C:\Program Files\Java\jre1.8.0_431, SESSIONNAME=Console, ALLUSERSPROFILE=C:\ProgramData, PROCESSOR_ARCHITECTURE=AMD64, PSModulePath=C:\Program Files\WindowsPowerShell\Modules;C:\WINDOWS\system32\WindowsPowerShell\v1.0\Modules, SystemDrive=C:, OneDrive=C:\Users\dytpq\OneDrive, APPDATA=C:\Users\dytpq\AppData\Roaming, USERNAME=dytpq, ProgramFiles(x86)=C:\Program Files (x86), CommonProgramFiles=C:\Program Files\Common Files, Path=C:\Program Files\Common Files\Oracle\Java\javapath;C:\Program Files (x86)\Common Files\Oracle\Java\java8path;C:\Program Files (x86)\Common Files\Oracle\Java\javapath;C:\Program Files (x86)\Razer Chroma SDK\bin;C:\Program Files\Razer Chroma SDK\bin;C:\Program Files (x86)\Razer\ChromaBroadcast\bin;C:\Program Files\Razer\ChromaBroadcast\bin;JAVA_HOME\bin;C:\WINDOWS\system32\config\systemprofile\AppData\Local\Microsoft\WindowsApps;C:\Users\dytpq\AppData\Local\Microsoft\WindowsApps;C:\Users\dytpq\AppData\Local\Programs\Microsoft VS Code\bin;C:\Users\dytpq\AppData\Roaming\npm;C:\Users\dytpq\AppData\Local\Microsoft\WindowsApps;;C:\Users\dytpq\AppData\Local\Programs\Microsoft VS Code\bin;C:\Users\dytpq\AppData\Roaming\npm;C:\Program Files\JetBrains\IntelliJ IDEA 2024.3.3\bin;, FPS_BROWSER_USER_PROFILE_STRING=Default, PATHEXT=.COM;.EXE;.BAT;.CMD;.VBS;.VBE;.JS;.JSE;.WSF;.WSH;.MSC, DriverData=C:\Windows\System32\Drivers\DriverData, OS=Windows_NT, COMPUTERNAME=DESKTOP-6BA21JV, PROCESSOR_REVISION=b701, CommonProgramW6432=C:\Program Files\Common Files, ComSpec=C:\WINDOWS\system32\cmd.exe, ProgramData=C:\ProgramData, ProgramW6432=C:\Program Files, TEMP=C:\Users\dytpq\AppData\Local\Temp, HOMEPATH=\Users\dytpq, SystemRoot=C:\WINDOWS, PROCESSOR_IDENTIFIER=Intel64 Family 6 Model 183 Stepping 1, GenuineIntel, HOMEDRIVE=C:, USERPROFILE=C:\Users\dytpq, TMP=C:\Users\dytpq\AppData\Local\Temp, CommonProgramFiles(x86)=C:\Program Files (x86)\Common Files, ProgramFiles=C:\Program Files, PUBLIC=C:\Users\Public, windir=C:\WINDOWS, NUMBER_OF_PROCESSORS=20, =::=::\}
21:47:18.122 [DEBUG] [org.gradle.launcher.daemon.server.exec.LogToClient] About to start relaying all logs to the client via the connection.
21:47:18.122 [INFO] [org.gradle.launcher.daemon.server.exec.LogToClient] The client will now receive all logging from the daemon (pid: 3016). The daemon log file: C:\study\jpashop\jpashop\gradle\daemon\5.6\daemon-3016.out.log
21:47:18.123 [INFO] [org.gradle.launcher.daemon.server.exec.LogAndCheckHealth] Starting 2nd build in daemon [uptime: 54.063 secs, performance: 99%, non-heap usage: 22% of 268.4 MB]
21:47:18.123 [DEBUG] [org.gradle.launcher.daemon.server.exec.ExecuteBuild] The daemon has started executing the build.
21:47:18.123 [DEBUG] [org.gradle.launcher.daemon.server.exec.ExecuteBuild] Executing build with daemon context: DefaultDaemonContext[uid=06fcfde0-7515-4b86-9a0c-a828ab75b09d,javaHome=C:\Program Files\Java\jdk-1.8,daemonRegistryDir=C:\study\jpashop\jpashop\gradle\daemon,pid=3016,idleTimeout=10800000,priority=NORMAL,daemonOpts=-XX:MaxMetaspaceSize=256m,-XX:+HeapDumpOnOutOfMemoryError,-Xms256m,-Xmx512m,-Dfile.encoding=UTF-8,-Duser.country=KR,-Duser.language=ko,-Duser.variant]

FAILURE: Build failed with an exception.

* What went wrong:
Execution failed for task ':compileJava'.
> Could not target platform: 'Java SE 11' using tool chain: 'JDK 8 (1.8)'.

* Try:
Run with --stacktrace option to get the stack trace. Run with --info or --debug option to get more log output. Run with --scan to get full insights.

* Get more help at https://help.gradle.org

BUILD FAILED in 319ms
1 actionable task: 1 executed
21:47:18.450 [DEBUG] [org.gradle.launcher.daemon.server.exec.ExecuteBuild] The daemon has finished executing the build.
21:47:18.465 [DEBUG] [org.gradle.launcher.daemon.server.DaemonStateCoordinator] daemon is running. Sleeping until state changes.
21:47:18.465 [DEBUG] [org.gradle.launcher.daemon.server.DaemonStateCoordinator] Command execution: finished waiting for DaemonCommandExecution[command = Build{id=1893261e-d9d9-43a5-acf5-a98d670c6385, currentDir=C:\Users\dytpq\OneDrive\바탕 화면\jpashop-v20210728}, connection = DefaultDaemonConnection: socket connection from /127.0.0.1:3415 to /127.0.0.1:3528]. Result org.gradle.launcher.daemon.server.DaemonStateCoordinator@649d87eb with state Busy
21:47:18.465 [DEBUG] [org.gradle.launcher.daemon.server.DaemonStateCoordinator] Command execution: completed DaemonCommandExecution[command = Build{id=1893261e-d9d9-43a5-acf5-a98d670c6385, currentDir=C:\Users\dytpq\OneDrive\바탕 화면\jpashop-v20210728}, connection = DefaultDaemonConnection: socket connection from /127.0.0.1:3415 to /127.0.0.1:3528]
21:47:18.465 [DEBUG] [org.gradle.launcher.daemon.server.DaemonStateCoordinator] resetting idle timer
21:47:18.465 [INFO] [org.gradle.launcher.daemon.server.DaemonRegistryUpdater] Marking the daemon as idle, address: [c84aa385-e42f-4082-9eec-8f92b1ad1a11 port:3415, addresses:[/127.0.0.1, /0:0:0:0:0:0:0:1]]
21:47:18.465 [DEBUG] [org.gradle.launcher.daemon.registry.PersistentDaemonRegistry] Marking busy by address: [c84aa385-e42f-4082-9eec-8f92b1ad1a11 port:3415, addresses:[/127.0.0.1, /0:0:0:0:0:0:0:1]]
21:47:18.475 [DEBUG] [org.gradle.cache.internal.DefaultFileLockManager] Waiting to acquire exclusive lock on daemon addresses registry.
21:47:18.476 [DEBUG] [org.gradle.cache.internal.DefaultFileLockManager] Lock acquired on daemon addresses registry.
21:47:18.483 [DEBUG] [org.gradle.cache.internal.DefaultFileLockManager] Releasing lock on daemon addresses registry.
21:47:18.483 [DEBUG] [org.gradle.launcher.daemon.server.DaemonStateCoordinator] daemon is running. Sleeping until state changes.
21:47:18.483 [DEBUG] [org.gradle.launcher.daemon.server.exec.ReturnResult] Daemon is dispatching the build result: Success[value=org.gradle.launcher.exec.BuildActionResult@3ee87b7]
21:47:18.483 [DEBUG] [org.gradle.launcher.daemon.server.SynchronizedDispatchConnection] thread 25: dispatching class org.gradle.launcher.daemon.protocol.Success
21:47:18.484 [DEBUG] [org.gradle.launcher.daemon.server.DefaultIncomingConnectionHandler] Finishing executing command: Build{id=1893261e-d9d9-43a5-acf5-a98d670c6385, currentDir=C:\Users\dytpq\OneDrive\바탕 화면\jpashop-v20210728}
21:47:18.486 [DEBUG] [org.gradle.launcher.daemon.server.SynchronizedDispatchConnection] thread 86: received class org.gradle.launcher.daemon.protocol.CloseInput
21:47:18.486 [DEBUG] [org.gradle.launcher.daemon.server.DefaultDaemonConnection] thread 86: Received IO message from client: org.gradle.launcher.daemon.protocol.CloseInput@3025e922
21:47:18.486 [DEBUG] [org.gradle.launcher.daemon.server.SynchronizedDispatchConnection] thread 86: received class org.gradle.launcher.daemon.protocol.Finished
21:47:18.486 [DEBUG] [org.gradle.launcher.daemon.server.DefaultDaemonConnection] thread 86: Received non-IO message from client: org.gradle.launcher.daemon.protocol.Finished@3ee21156
21:47:18.486 [DEBUG] [org.gradle.launcher.daemon.server.DefaultIncomingConnectionHandler] Received finished message: org.gradle.launcher.daemon.protocol.Finished@3ee21156
21:47:18.486 [DEBUG] [org.gradle.internal.remote.internal.inet.SocketConnection] Discarding EOFException: java.io.EOFException
21:47:18.486 [DEBUG] [org.gradle.launcher.daemon.server.SynchronizedDispatchConnection] thread 25: stopping connection
21:47:18.486 [DEBUG] [org.gradle.launcher.daemon.server.SynchronizedDispatchConnection] thread 86: received null
21:47:18.487 [DEBUG] [org.gradle.launcher.daemon.server.DefaultDaemonConnection] thread 86: Received end-of-input from client.
21:47:18.487 [DEBUG] [org.gradle.launcher.daemon.server.SynchronizedDispatchConnection] thread 25: stopping connection
21:47:22.499 [DEBUG] [org.gradle.process.internal.health.memory.MemoryManager] Emitting OS memory status event {Total: 34212798464, Free: 14791049216}
21:47:22.500 [DEBUG] [org.gradle.launcher.daemon.server.health.LowMemoryDaemonExpirationStrategy] Received memory status update: {Total: 34212798464, Free: 14791049216}
21:47:22.500 [DEBUG] [org.gradle.process.internal.health.memory.MemoryManager] Emitting JVM memory status event {Maximum: 477626368, Committed: 327155712}
21:47:23.495 [DEBUG] [org.gradle.launcher.daemon.server.Daemon] DaemonExpirationPeriodicCheck running
21:47:23.499 [DEBUG] [org.gradle.cache.internal.DefaultFileLockManager] Waiting to acquire shared lock on daemon addresses registry.
21:47:23.499 [DEBUG] [org.gradle.cache.internal.DefaultFileLockManager] Lock acquired on daemon addresses registry.
21:47:23.503 [DEBUG] [org.gradle.cache.internal.DefaultFileLockManager] Releasing lock on daemon addresses registry.
21:47:23.503 [DEBUG] [org.gradle.cache.internal.DefaultFileLockManager] Waiting to acquire shared lock on daemon addresses registry.
21:47:23.503 [DEBUG] [org.gradle.cache.internal.DefaultFileLockManager] Lock acquired on daemon addresses registry.
21:47:23.503 [DEBUG] [org.gradle.cache.internal.DefaultFileLockManager] Releasing lock on daemon addresses registry.
21:47:27.512 [DEBUG] [org.gradle.process.internal.health.memory.MemoryManager] Emitting OS memory status event {Total: 34212798464, Free: 14825377792}
21:47:27.512 [DEBUG] [org.gradle.launcher.daemon.server.health.LowMemoryDaemonExpirationStrategy] Received memory status update: {Total: 34212798464, Free: 14825377792}
21:47:27.512 [DEBUG] [org.gradle.process.internal.health.memory.MemoryManager] Emitting JVM memory status event {Maximum: 477626368, Committed: 327155712}
21:47:32.497 [DEBUG] [org.gradle.process.internal.health.memory.MemoryManager] Emitting OS memory status event {Total: 34212798464, Free: 14648950784}
21:47:32.497 [DEBUG] [org.gradle.launcher.daemon.server.health.LowMemoryDaemonExpirationStrategy] Received memory status update: {Total: 34212798464, Free: 14648950784}
21:47:32.497 [DEBUG] [org.gradle.process.internal.health.memory.MemoryManager] Emitting JVM memory status event {Maximum: 477626368, Committed: 327155712}
21:47:33.505 [DEBUG] [org.gradle.launcher.daemon.server.Daemon] DaemonExpirationPeriodicCheck running
21:47:33.505 [DEBUG] [org.gradle.cache.internal.DefaultFileLockManager] Waiting to acquire shared lock on daemon addresses registry.
21:47:33.506 [DEBUG] [org.gradle.cache.internal.DefaultFileLockManager] Lock acquired on daemon addresses registry.
21:47:33.506 [DEBUG] [org.gradle.cache.internal.DefaultFileLockManager] Releasing lock on daemon addresses registry.
21:47:33.506 [DEBUG] [org.gradle.cache.internal.DefaultFileLockManager] Waiting to acquire shared lock on daemon addresses registry.
21:47:33.506 [DEBUG] [org.gradle.cache.internal.DefaultFileLockManager] Lock acquired on daemon addresses registry.
21:47:33.506 [DEBUG] [org.gradle.cache.internal.DefaultFileLockManager] Releasing lock on daemon addresses registry.
21:47:33.507 [DEBUG] [org.gradle.cache.internal.DefaultFileLockManager] Waiting to acquire shared lock on daemon addresses registry.
21:47:33.507 [DEBUG] [org.gradle.cache.internal.DefaultFileLockManager] Lock acquired on daemon addresses registry.
21:47:33.507 [DEBUG] [org.gradle.cache.internal.DefaultFileLockManager] Releasing lock on daemon addresses registry.
21:47:37.501 [DEBUG] [org.gradle.process.internal.health.memory.MemoryManager] Emitting OS memory status event {Total: 34212798464, Free: 14537846784}
21:47:37.502 [DEBUG] [org.gradle.launcher.daemon.server.health.LowMemoryDaemonExpirationStrategy] Received memory status update: {Total: 34212798464, Free: 14537846784}
21:47:37.502 [DEBUG] [org.gradle.process.internal.health.memory.MemoryManager] Emitting JVM memory status event {Maximum: 477626368, Committed: 327155712}
21:47:42.499 [DEBUG] [org.gradle.process.internal.health.memory.MemoryManager] Emitting OS memory status event {Total: 34212798464, Free: 14701580288}
21:47:42.499 [DEBUG] [org.gradle.launcher.daemon.server.health.LowMemoryDaemonExpirationStrategy] Received memory status update: {Total: 34212798464, Free: 14701580288}
21:47:42.499 [DEBUG] [org.gradle.process.internal.health.memory.MemoryManager] Emitting JVM memory status event {Maximum: 477626368, Committed: 327155712}
21:47:43.495 [DEBUG] [org.gradle.launcher.daemon.server.Daemon] DaemonExpirationPeriodicCheck running
21:47:43.496 [DEBUG] [org.gradle.cache.internal.DefaultFileLockManager] Waiting to acquire shared lock on daemon addresses registry.
21:47:43.496 [DEBUG] [org.gradle.cache.internal.DefaultFileLockManager] Lock acquired on daemon addresses registry.
21:47:43.496 [DEBUG] [org.gradle.cache.internal.DefaultFileLockManager] Releasing lock on daemon addresses registry.
21:47:43.496 [DEBUG] [org.gradle.cache.internal.DefaultFileLockManager] Waiting to acquire shared lock on daemon addresses registry.
21:47:43.496 [DEBUG] [org.gradle.cache.internal.DefaultFileLockManager] Lock acquired on daemon addresses registry.
21:47:43.496 [DEBUG] [org.gradle.cache.internal.DefaultFileLockManager] Releasing lock on daemon addresses registry.
21:47:43.497 [DEBUG] [org.gradle.cache.internal.DefaultFileLockManager] Waiting to acquire shared lock on daemon addresses registry.
21:47:43.497 [DEBUG] [org.gradle.cache.internal.DefaultFileLockManager] Lock acquired on daemon addresses registry.
21:47:43.497 [DEBUG] [org.gradle.cache.internal.DefaultFileLockManager] Releasing lock on daemon addresses registry.
21:47:47.500 [DEBUG] [org.gradle.process.internal.health.memory.MemoryManager] Emitting OS memory status event {Total: 34212798464, Free: 14557577216}
21:47:47.500 [DEBUG] [org.gradle.launcher.daemon.server.health.LowMemoryDaemonExpirationStrategy] Received memory status update: {Total: 34212798464, Free: 14557577216}
21:47:47.500 [DEBUG] [org.gradle.process.internal.health.memory.MemoryManager] Emitting JVM memory status event {Maximum: 477626368, Committed: 327155712}
21:47:52.509 [DEBUG] [org.gradle.process.internal.health.memory.MemoryManager] Emitting OS memory status event {Total: 34212798464, Free: 14517170176}
21:47:52.510 [DEBUG] [org.gradle.launcher.daemon.server.health.LowMemoryDaemonExpirationStrategy] Received memory status update: {Total: 34212798464, Free: 14517170176}
21:47:52.510 [DEBUG] [org.gradle.process.internal.health.memory.MemoryManager] Emitting JVM memory status event {Maximum: 477626368, Committed: 327155712}
21:47:53.508 [DEBUG] [org.gradle.launcher.daemon.server.Daemon] DaemonExpirationPeriodicCheck running
21:47:53.511 [DEBUG] [org.gradle.cache.internal.DefaultFileLockManager] Waiting to acquire shared lock on daemon addresses registry.
21:47:53.511 [DEBUG] [org.gradle.cache.internal.DefaultFileLockManager] Lock acquired on daemon addresses registry.
21:47:53.512 [DEBUG] [org.gradle.cache.internal.DefaultFileLockManager] Releasing lock on daemon addresses registry.
21:47:53.513 [DEBUG] [org.gradle.cache.internal.DefaultFileLockManager] Waiting to acquire shared lock on daemon addresses registry.
21:47:53.513 [DEBUG] [org.gradle.cache.internal.DefaultFileLockManager] Lock acquired on daemon addresses registry.
21:47:53.513 [DEBUG] [org.gradle.cache.internal.DefaultFileLockManager] Releasing lock on daemon addresses registry.
21:47:53.514 [DEBUG] [org.gradle.cache.internal.DefaultFileLockManager] Waiting to acquire shared lock on daemon addresses registry.
21:47:53.514 [DEBUG] [org.gradle.cache.internal.DefaultFileLockManager] Lock acquired on daemon addresses registry.
21:47:53.514 [DEBUG] [org.gradle.cache.internal.DefaultFileLockManager] Releasing lock on daemon addresses registry.
21:47:57.508 [DEBUG] [org.gradle.process.internal.health.memory.MemoryManager] Emitting OS memory status event {Total: 34212798464, Free: 14538993664}
21:47:57.508 [DEBUG] [org.gradle.launcher.daemon.server.health.LowMemoryDaemonExpirationStrategy] Received memory status update: {Total: 34212798464, Free: 14538993664}
21:47:57.508 [DEBUG] [org.gradle.process.internal.health.memory.MemoryManager] Emitting JVM memory status event {Maximum: 477626368, Committed: 327155712}
21:48:02.503 [DEBUG] [org.gradle.process.internal.health.memory.MemoryManager] Emitting OS memory status event {Total: 34212798464, Free: 14526349312}
21:48:02.503 [DEBUG] [org.gradle.launcher.daemon.server.health.LowMemoryDaemonExpirationStrategy] Received memory status update: {Total: 34212798464, Free: 14526349312}
21:48:02.506 [DEBUG] [org.gradle.process.internal.health.memory.MemoryManager] Emitting JVM memory status event {Maximum: 477626368, Committed: 327155712}
21:48:03.501 [DEBUG] [org.gradle.launcher.daemon.server.Daemon] DaemonExpirationPeriodicCheck running
21:48:03.502 [DEBUG] [org.gradle.cache.internal.DefaultFileLockManager] Waiting to acquire shared lock on daemon addresses registry.
21:48:03.502 [DEBUG] [org.gradle.cache.internal.DefaultFileLockManager] Lock acquired on daemon addresses registry.
21:48:03.502 [DEBUG] [org.gradle.cache.internal.DefaultFileLockManager] Releasing lock on daemon addresses registry.
21:48:03.503 [DEBUG] [org.gradle.cache.internal.DefaultFileLockManager] Waiting to acquire shared lock on daemon addresses registry.
21:48:03.503 [DEBUG] [org.gradle.cache.internal.DefaultFileLockManager] Lock acquired on daemon addresses registry.
21:48:03.503 [DEBUG] [org.gradle.cache.internal.DefaultFileLockManager] Releasing lock on daemon addresses registry.
21:48:03.503 [DEBUG] [org.gradle.cache.internal.DefaultFileLockManager] Waiting to acquire shared lock on daemon addresses registry.
21:48:03.503 [DEBUG] [org.gradle.cache.internal.DefaultFileLockManager] Lock acquired on daemon addresses registry.
21:48:03.504 [DEBUG] [org.gradle.cache.internal.DefaultFileLockManager] Releasing lock on daemon addresses registry.
21:48:03.838 [DEBUG] [org.gradle.cache.internal.LockOnDemandCrossProcessCacheAccess] Lock on file hash cache (C:\study\jpashop\jpashop\gradle\caches\5.6\fileHashes) requested by another process - releasing lock.
21:48:03.838 [DEBUG] [org.gradle.cache.internal.LockOnDemandCrossProcessCacheAccess] Releasing file lock for file hash cache (C:\study\jpashop\jpashop\gradle\caches\5.6\fileHashes)
21:48:03.838 [DEBUG] [org.gradle.cache.internal.btree.BTreePersistentIndexedCache] Closing cache fileHashes.bin (C:\study\jpashop\jpashop\gradle\caches\5.6\fileHashes\fileHashes.bin)
21:48:03.838 [DEBUG] [org.gradle.cache.internal.btree.BTreePersistentIndexedCache] Closing cache resourceHashesCache.bin (C:\study\jpashop\jpashop\gradle\caches\5.6\fileHashes\resourceHashesCache.bin)
21:48:03.838 [DEBUG] [org.gradle.cache.internal.DefaultFileLockManager] Releasing lock on file hash cache (C:\study\jpashop\jpashop\gradle\caches\5.6\fileHashes).
21:48:03.839 [DEBUG] [org.gradle.cache.internal.locklistener.FileLockCommunicator] Confirming lock release to Gradle process at port 63763 for lock with id 145681085090366930.
21:48:03.839 [DEBUG] [org.gradle.cache.internal.locklistener.FileLockCommunicator] Confirming lock release to Gradle process at port 63763 for lock with id 145681085090366930.
21:48:03.846 [DEBUG] [org.gradle.cache.internal.LockOnDemandCrossProcessCacheAccess] Lock on journal cache (C:\study\jpashop\jpashop\gradle\caches\journal-1) requested by another process - releasing lock.
21:48:03.846 [DEBUG] [org.gradle.cache.internal.LockOnDemandCrossProcessCacheAccess] Releasing file lock for journal cache (C:\study\jpashop\jpashop\gradle\caches\journal-1)
21:48:03.846 [DEBUG] [org.gradle.cache.internal.btree.BTreePersistentIndexedCache] Closing cache file-access.bin (C:\study\jpashop\jpashop\gradle\caches\journal-1\file-access.bin)
21:48:03.846 [DEBUG] [org.gradle.cache.internal.DefaultFileLockManager] Releasing lock on journal cache (C:\study\jpashop\jpashop\gradle\caches\journal-1).
21:48:03.846 [DEBUG] [org.gradle.cache.internal.locklistener.FileLockCommunicator] Confirming lock release to Gradle process at port 63763 for lock with id 2391126056191118335.
21:48:03.847 [DEBUG] [org.gradle.cache.internal.locklistener.FileLockCommunicator] Confirming lock release to Gradle process at port 63763 for lock with id 2391126056191118335.
21:48:07.501 [DEBUG] [org.gradle.process.internal.health.memory.MemoryManager] Emitting OS memory status event {Total: 34212798464, Free: 14315040768}
21:48:07.501 [DEBUG] [org.gradle.launcher.daemon.server.health.LowMemoryDaemonExpirationStrategy] Received memory status update: {Total: 34212798464, Free: 14315040768}
21:48:07.501 [DEBUG] [org.gradle.process.internal.health.memory.MemoryManager] Emitting JVM memory status event {Maximum: 477626368, Committed: 327155712}
21:48:12.509 [DEBUG] [org.gradle.process.internal.health.memory.MemoryManager] Emitting OS memory status event {Total: 34212798464, Free: 14368993280}
21:48:12.509 [DEBUG] [org.gradle.launcher.daemon.server.health.LowMemoryDaemonExpirationStrategy] Received memory status update: {Total: 34212798464, Free: 14368993280}
21:48:12.509 [DEBUG] [org.gradle.process.internal.health.memory.MemoryManager] Emitting JVM memory status event {Maximum: 477626368, Committed: 327155712}
21:48:13.497 [DEBUG] [org.gradle.launcher.daemon.server.Daemon] DaemonExpirationPeriodicCheck running
21:48:13.501 [DEBUG] [org.gradle.cache.internal.DefaultFileLockManager] Waiting to acquire shared lock on daemon addresses registry.
21:48:13.501 [DEBUG] [org.gradle.cache.internal.DefaultFileLockManager] Lock acquired on daemon addresses registry.
21:48:13.506 [DEBUG] [org.gradle.cache.internal.DefaultFileLockManager] Releasing lock on daemon addresses registry.
21:48:13.506 [DEBUG] [org.gradle.cache.internal.DefaultFileLockManager] Waiting to acquire shared lock on daemon addresses registry.
21:48:13.506 [DEBUG] [org.gradle.cache.internal.DefaultFileLockManager] Lock acquired on daemon addresses registry.
21:48:13.507 [DEBUG] [org.gradle.cache.internal.DefaultFileLockManager] Releasing lock on daemon addresses registry.
21:48:13.507 [DEBUG] [org.gradle.cache.internal.DefaultFileLockManager] Waiting to acquire shared lock on daemon addresses registry.
21:48:13.507 [DEBUG] [org.gradle.cache.internal.DefaultFileLockManager] Lock acquired on daemon addresses registry.
21:48:13.507 [DEBUG] [org.gradle.cache.internal.DefaultFileLockManager] Releasing lock on daemon addresses registry.
21:48:17.508 [DEBUG] [org.gradle.process.internal.health.memory.MemoryManager] Emitting OS memory status event {Total: 34212798464, Free: 14361157632}
21:48:17.508 [DEBUG] [org.gradle.launcher.daemon.server.health.LowMemoryDaemonExpirationStrategy] Received memory status update: {Total: 34212798464, Free: 14361157632}
21:48:17.509 [DEBUG] [org.gradle.process.internal.health.memory.MemoryManager] Emitting JVM memory status event {Maximum: 477626368, Committed: 327155712}
21:48:17.850 [DEBUG] [org.gradle.internal.remote.internal.inet.TcpIncomingConnector] Accepted connection from /127.0.0.1:3692 to /127.0.0.1:3415.
21:48:17.853 [DEBUG] [org.gradle.launcher.daemon.server.SynchronizedDispatchConnection] thread 139: received class org.gradle.launcher.daemon.protocol.Build
21:48:17.853 [DEBUG] [org.gradle.launcher.daemon.server.DefaultDaemonConnection] thread 139: Received non-IO message from client: Build{id=bb8b1c1e-759b-41c9-837b-95005a3745a8, currentDir=C:\Users\dytpq\OneDrive\바탕 화면\jpashop-v20210728}
21:48:17.853 [INFO] [org.gradle.launcher.daemon.server.DefaultIncomingConnectionHandler] Received command: Build{id=bb8b1c1e-759b-41c9-837b-95005a3745a8, currentDir=C:\Users\dytpq\OneDrive\바탕 화면\jpashop-v20210728}.
21:48:17.853 [DEBUG] [org.gradle.launcher.daemon.server.DefaultIncomingConnectionHandler] Starting executing command: Build{id=bb8b1c1e-759b-41c9-837b-95005a3745a8, currentDir=C:\Users\dytpq\OneDrive\바탕 화면\jpashop-v20210728} with connection: socket connection from /127.0.0.1:3415 to /127.0.0.1:3692.
21:48:17.853 [ERROR] [org.gradle.launcher.daemon.server.DaemonStateCoordinator] Command execution: started DaemonCommandExecution[command = Build{id=bb8b1c1e-759b-41c9-837b-95005a3745a8, currentDir=C:\Users\dytpq\OneDrive\바탕 화면\jpashop-v20210728}, connection = DefaultDaemonConnection: socket connection from /127.0.0.1:3415 to /127.0.0.1:3692] after 0.0 minutes of idle
21:48:17.853 [INFO] [org.gradle.launcher.daemon.server.DaemonRegistryUpdater] Marking the daemon as busy, address: [c84aa385-e42f-4082-9eec-8f92b1ad1a11 port:3415, addresses:[/127.0.0.1, /0:0:0:0:0:0:0:1]]
21:48:17.853 [DEBUG] [org.gradle.launcher.daemon.registry.PersistentDaemonRegistry] Marking busy by address: [c84aa385-e42f-4082-9eec-8f92b1ad1a11 port:3415, addresses:[/127.0.0.1, /0:0:0:0:0:0:0:1]]
21:48:17.853 [DEBUG] [org.gradle.cache.internal.DefaultFileLockManager] Waiting to acquire exclusive lock on daemon addresses registry.
21:48:17.854 [DEBUG] [org.gradle.cache.internal.DefaultFileLockManager] Lock acquired on daemon addresses registry.
21:48:17.854 [DEBUG] [org.gradle.cache.internal.DefaultFileLockManager] Releasing lock on daemon addresses registry.
21:48:17.854 [DEBUG] [org.gradle.launcher.daemon.server.DaemonStateCoordinator] resetting idle timer
21:48:17.854 [DEBUG] [org.gradle.launcher.daemon.server.DaemonStateCoordinator] daemon is running. Sleeping until state changes.
21:48:17.854 [INFO] [org.gradle.launcher.daemon.server.exec.StartBuildOrRespondWithBusy] Daemon is about to start building Build{id=bb8b1c1e-759b-41c9-837b-95005a3745a8, currentDir=C:\Users\dytpq\OneDrive\바탕 화면\jpashop-v20210728}. Dispatching build started information...
21:48:17.855 [DEBUG] [org.gradle.launcher.daemon.server.SynchronizedDispatchConnection] thread 28: dispatching class org.gradle.launcher.daemon.protocol.BuildStarted
21:48:17.855 [DEBUG] [org.gradle.launcher.daemon.server.exec.EstablishBuildEnvironment] Configuring env variables: {USERDOMAIN_ROAMINGPROFILE=DESKTOP-6BA21JV, LOCALAPPDATA=C:\Users\dytpq\AppData\Local, User ID={96A72079-4BD0-4B96-BCFF-A9911D195D22}, PROCESSOR_LEVEL=6, IntelliJ IDEA=C:\Program Files\JetBrains\IntelliJ IDEA 2024.3.3\bin;, EFC_20800=1, USERDOMAIN=DESKTOP-6BA21JV, LOGONSERVER=\\DESKTOP-6BA21JV, FPS_BROWSER_APP_PROFILE_STRING=Internet Explorer, JAVA_HOME=C:\Program Files\Java\jre1.8.0_431, SESSIONNAME=Console, ALLUSERSPROFILE=C:\ProgramData, PROCESSOR_ARCHITECTURE=AMD64, PSModulePath=C:\Program Files\WindowsPowerShell\Modules;C:\WINDOWS\system32\WindowsPowerShell\v1.0\Modules, SystemDrive=C:, OneDrive=C:\Users\dytpq\OneDrive, APPDATA=C:\Users\dytpq\AppData\Roaming, USERNAME=dytpq, ProgramFiles(x86)=C:\Program Files (x86), CommonProgramFiles=C:\Program Files\Common Files, Path=C:\Program Files\Common Files\Oracle\Java\javapath;C:\Program Files (x86)\Common Files\Oracle\Java\java8path;C:\Program Files (x86)\Common Files\Oracle\Java\javapath;C:\Program Files (x86)\Razer Chroma SDK\bin;C:\Program Files\Razer Chroma SDK\bin;C:\Program Files (x86)\Razer\ChromaBroadcast\bin;C:\Program Files\Razer\ChromaBroadcast\bin;JAVA_HOME\bin;C:\WINDOWS\system32\config\systemprofile\AppData\Local\Microsoft\WindowsApps;C:\Users\dytpq\AppData\Local\Microsoft\WindowsApps;C:\Users\dytpq\AppData\Local\Programs\Microsoft VS Code\bin;C:\Users\dytpq\AppData\Roaming\npm;C:\Users\dytpq\AppData\Local\Microsoft\WindowsApps;;C:\Users\dytpq\AppData\Local\Programs\Microsoft VS Code\bin;C:\Users\dytpq\AppData\Roaming\npm;C:\Program Files\JetBrains\IntelliJ IDEA 2024.3.3\bin;, FPS_BROWSER_USER_PROFILE_STRING=Default, PATHEXT=.COM;.EXE;.BAT;.CMD;.VBS;.VBE;.JS;.JSE;.WSF;.WSH;.MSC, DriverData=C:\Windows\System32\Drivers\DriverData, OS=Windows_NT, COMPUTERNAME=DESKTOP-6BA21JV, PROCESSOR_REVISION=b701, CommonProgramW6432=C:\Program Files\Common Files, ComSpec=C:\WINDOWS\system32\cmd.exe, ProgramData=C:\ProgramData, ProgramW6432=C:\Program Files, TEMP=C:\Users\dytpq\AppData\Local\Temp, HOMEPATH=\Users\dytpq, SystemRoot=C:\WINDOWS, PROCESSOR_IDENTIFIER=Intel64 Family 6 Model 183 Stepping 1, GenuineIntel, HOMEDRIVE=C:, USERPROFILE=C:\Users\dytpq, TMP=C:\Users\dytpq\AppData\Local\Temp, CommonProgramFiles(x86)=C:\Program Files (x86)\Common Files, ProgramFiles=C:\Program Files, PUBLIC=C:\Users\Public, windir=C:\WINDOWS, NUMBER_OF_PROCESSORS=20, =::=::\}
21:48:17.856 [DEBUG] [org.gradle.launcher.daemon.server.exec.LogToClient] About to start relaying all logs to the client via the connection.
21:48:17.856 [INFO] [org.gradle.launcher.daemon.server.exec.LogToClient] The client will now receive all logging from the daemon (pid: 3016). The daemon log file: C:\study\jpashop\jpashop\gradle\daemon\5.6\daemon-3016.out.log
21:48:17.856 [INFO] [org.gradle.launcher.daemon.server.exec.LogAndCheckHealth] Starting 3rd build in daemon [uptime: 1 mins 53.797 secs, performance: 99%, non-heap usage: 22% of 268.4 MB]
21:48:17.856 [DEBUG] [org.gradle.launcher.daemon.server.exec.ExecuteBuild] The daemon has started executing the build.
21:48:17.856 [DEBUG] [org.gradle.launcher.daemon.server.exec.ExecuteBuild] Executing build with daemon context: DefaultDaemonContext[uid=06fcfde0-7515-4b86-9a0c-a828ab75b09d,javaHome=C:\Program Files\Java\jdk-1.8,daemonRegistryDir=C:\study\jpashop\jpashop\gradle\daemon,pid=3016,idleTimeout=10800000,priority=NORMAL,daemonOpts=-XX:MaxMetaspaceSize=256m,-XX:+HeapDumpOnOutOfMemoryError,-Xms256m,-Xmx512m,-Dfile.encoding=UTF-8,-Duser.country=KR,-Duser.language=ko,-Duser.variant]

FAILURE: Build failed with an exception.

* What went wrong:
Execution failed for task ':compileJava'.
> Could not target platform: 'Java SE 11' using tool chain: 'JDK 8 (1.8)'.

* Try:
Run with --stacktrace option to get the stack trace. Run with --info or --debug option to get more log output. Run with --scan to get full insights.

* Get more help at https://help.gradle.org

BUILD FAILED in 288ms
1 actionable task: 1 executed
21:48:18.155 [DEBUG] [org.gradle.launcher.daemon.server.exec.ExecuteBuild] The daemon has finished executing the build.
21:48:18.170 [DEBUG] [org.gradle.launcher.daemon.server.DaemonStateCoordinator] daemon is running. Sleeping until state changes.
21:48:18.170 [DEBUG] [org.gradle.launcher.daemon.server.DaemonStateCoordinator] Command execution: finished waiting for DaemonCommandExecution[command = Build{id=bb8b1c1e-759b-41c9-837b-95005a3745a8, currentDir=C:\Users\dytpq\OneDrive\바탕 화면\jpashop-v20210728}, connection = DefaultDaemonConnection: socket connection from /127.0.0.1:3415 to /127.0.0.1:3692]. Result org.gradle.launcher.daemon.server.DaemonStateCoordinator@649d87eb with state Busy
21:48:18.171 [DEBUG] [org.gradle.launcher.daemon.server.DaemonStateCoordinator] Command execution: completed DaemonCommandExecution[command = Build{id=bb8b1c1e-759b-41c9-837b-95005a3745a8, currentDir=C:\Users\dytpq\OneDrive\바탕 화면\jpashop-v20210728}, connection = DefaultDaemonConnection: socket connection from /127.0.0.1:3415 to /127.0.0.1:3692]
21:48:18.171 [DEBUG] [org.gradle.launcher.daemon.server.DaemonStateCoordinator] resetting idle timer
21:48:18.171 [INFO] [org.gradle.launcher.daemon.server.DaemonRegistryUpdater] Marking the daemon as idle, address: [c84aa385-e42f-4082-9eec-8f92b1ad1a11 port:3415, addresses:[/127.0.0.1, /0:0:0:0:0:0:0:1]]
21:48:18.171 [DEBUG] [org.gradle.launcher.daemon.registry.PersistentDaemonRegistry] Marking busy by address: [c84aa385-e42f-4082-9eec-8f92b1ad1a11 port:3415, addresses:[/127.0.0.1, /0:0:0:0:0:0:0:1]]
21:48:18.177 [DEBUG] [org.gradle.cache.internal.DefaultFileLockManager] Waiting to acquire exclusive lock on daemon addresses registry.
21:48:18.177 [DEBUG] [org.gradle.cache.internal.DefaultFileLockManager] Lock acquired on daemon addresses registry.
21:48:18.184 [DEBUG] [org.gradle.cache.internal.DefaultFileLockManager] Releasing lock on daemon addresses registry.
21:48:18.184 [DEBUG] [org.gradle.launcher.daemon.server.DaemonStateCoordinator] daemon is running. Sleeping until state changes.
21:48:18.184 [DEBUG] [org.gradle.launcher.daemon.server.exec.ReturnResult] Daemon is dispatching the build result: Success[value=org.gradle.launcher.exec.BuildActionResult@700170d4]
21:48:18.184 [DEBUG] [org.gradle.launcher.daemon.server.SynchronizedDispatchConnection] thread 25: dispatching class org.gradle.launcher.daemon.protocol.Success
21:48:18.184 [DEBUG] [org.gradle.launcher.daemon.server.DefaultIncomingConnectionHandler] Finishing executing command: Build{id=bb8b1c1e-759b-41c9-837b-95005a3745a8, currentDir=C:\Users\dytpq\OneDrive\바탕 화면\jpashop-v20210728}
21:48:18.186 [DEBUG] [org.gradle.launcher.daemon.server.SynchronizedDispatchConnection] thread 139: received class org.gradle.launcher.daemon.protocol.CloseInput
21:48:18.186 [DEBUG] [org.gradle.launcher.daemon.server.DefaultDaemonConnection] thread 139: Received IO message from client: org.gradle.launcher.daemon.protocol.CloseInput@7bf878c4
21:48:18.186 [DEBUG] [org.gradle.launcher.daemon.server.SynchronizedDispatchConnection] thread 139: received class org.gradle.launcher.daemon.protocol.Finished
21:48:18.186 [DEBUG] [org.gradle.launcher.daemon.server.DefaultDaemonConnection] thread 139: Received non-IO message from client: org.gradle.launcher.daemon.protocol.Finished@7fc7e363
21:48:18.186 [DEBUG] [org.gradle.launcher.daemon.server.DefaultIncomingConnectionHandler] Received finished message: org.gradle.launcher.daemon.protocol.Finished@7fc7e363
21:48:18.186 [DEBUG] [org.gradle.internal.remote.internal.inet.SocketConnection] Discarding EOFException: java.io.EOFException
21:48:18.187 [DEBUG] [org.gradle.launcher.daemon.server.SynchronizedDispatchConnection] thread 25: stopping connection
21:48:18.187 [DEBUG] [org.gradle.launcher.daemon.server.SynchronizedDispatchConnection] thread 139: received null
21:48:18.187 [DEBUG] [org.gradle.launcher.daemon.server.DefaultDaemonConnection] thread 139: Received end-of-input from client.
21:48:18.187 [DEBUG] [org.gradle.launcher.daemon.server.SynchronizedDispatchConnection] thread 25: stopping connection
21:48:22.510 [DEBUG] [org.gradle.process.internal.health.memory.MemoryManager] Emitting OS memory status event {Total: 34212798464, Free: 14361489408}
21:48:22.510 [DEBUG] [org.gradle.launcher.daemon.server.health.LowMemoryDaemonExpirationStrategy] Received memory status update: {Total: 34212798464, Free: 14361489408}
21:48:22.510 [DEBUG] [org.gradle.process.internal.health.memory.MemoryManager] Emitting JVM memory status event {Maximum: 477626368, Committed: 343932928}
21:48:23.504 [DEBUG] [org.gradle.launcher.daemon.server.Daemon] DaemonExpirationPeriodicCheck running
21:48:23.507 [DEBUG] [org.gradle.cache.internal.DefaultFileLockManager] Waiting to acquire shared lock on daemon addresses registry.
21:48:23.508 [DEBUG] [org.gradle.cache.internal.DefaultFileLockManager] Lock acquired on daemon addresses registry.
21:48:23.512 [DEBUG] [org.gradle.cache.internal.DefaultFileLockManager] Releasing lock on daemon addresses registry.
21:48:23.513 [DEBUG] [org.gradle.cache.internal.DefaultFileLockManager] Waiting to acquire shared lock on daemon addresses registry.
21:48:23.513 [DEBUG] [org.gradle.cache.internal.DefaultFileLockManager] Lock acquired on daemon addresses registry.
21:48:23.513 [DEBUG] [org.gradle.cache.internal.DefaultFileLockManager] Releasing lock on daemon addresses registry.
21:48:27.510 [DEBUG] [org.gradle.process.internal.health.memory.MemoryManager] Emitting OS memory status event {Total: 34212798464, Free: 14356635648}
21:48:27.510 [DEBUG] [org.gradle.launcher.daemon.server.health.LowMemoryDaemonExpirationStrategy] Received memory status update: {Total: 34212798464, Free: 14356635648}
21:48:27.510 [DEBUG] [org.gradle.process.internal.health.memory.MemoryManager] Emitting JVM memory status event {Maximum: 477626368, Committed: 343932928}
21:48:32.503 [DEBUG] [org.gradle.process.internal.health.memory.MemoryManager] Emitting OS memory status event {Total: 34212798464, Free: 14366609408}
21:48:32.503 [DEBUG] [org.gradle.launcher.daemon.server.health.LowMemoryDaemonExpirationStrategy] Received memory status update: {Total: 34212798464, Free: 14366609408}
21:48:32.504 [DEBUG] [org.gradle.process.internal.health.memory.MemoryManager] Emitting JVM memory status event {Maximum: 477626368, Committed: 343932928}
21:48:33.496 [DEBUG] [org.gradle.launcher.daemon.server.Daemon] DaemonExpirationPeriodicCheck running
21:48:33.498 [DEBUG] [org.gradle.cache.internal.DefaultFileLockManager] Waiting to acquire shared lock on daemon addresses registry.
21:48:33.498 [DEBUG] [org.gradle.cache.internal.DefaultFileLockManager] Lock acquired on daemon addresses registry.
21:48:33.499 [DEBUG] [org.gradle.cache.internal.DefaultFileLockManager] Releasing lock on daemon addresses registry.
21:48:33.500 [DEBUG] [org.gradle.cache.internal.DefaultFileLockManager] Waiting to acquire shared lock on daemon addresses registry.
21:48:33.500 [DEBUG] [org.gradle.cache.internal.DefaultFileLockManager] Lock acquired on daemon addresses registry.
21:48:33.501 [DEBUG] [org.gradle.cache.internal.DefaultFileLockManager] Releasing lock on daemon addresses registry.
21:48:33.501 [DEBUG] [org.gradle.cache.internal.DefaultFileLockManager] Waiting to acquire shared lock on daemon addresses registry.
21:48:33.501 [DEBUG] [org.gradle.cache.internal.DefaultFileLockManager] Lock acquired on daemon addresses registry.
21:48:33.501 [DEBUG] [org.gradle.cache.internal.DefaultFileLockManager] Releasing lock on daemon addresses registry.
21:48:37.510 [DEBUG] [org.gradle.process.internal.health.memory.MemoryManager] Emitting OS memory status event {Total: 34212798464, Free: 14362075136}
21:48:37.510 [DEBUG] [org.gradle.launcher.daemon.server.health.LowMemoryDaemonExpirationStrategy] Received memory status update: {Total: 34212798464, Free: 14362075136}
21:48:37.511 [DEBUG] [org.gradle.process.internal.health.memory.MemoryManager] Emitting JVM memory status event {Maximum: 477626368, Committed: 343932928}
21:48:42.506 [DEBUG] [org.gradle.process.internal.health.memory.MemoryManager] Emitting OS memory status event {Total: 34212798464, Free: 14005800960}
21:48:42.506 [DEBUG] [org.gradle.launcher.daemon.server.health.LowMemoryDaemonExpirationStrategy] Received memory status update: {Total: 34212798464, Free: 14005800960}
21:48:42.506 [DEBUG] [org.gradle.process.internal.health.memory.MemoryManager] Emitting JVM memory status event {Maximum: 477626368, Committed: 343932928}
21:48:43.505 [DEBUG] [org.gradle.launcher.daemon.server.Daemon] DaemonExpirationPeriodicCheck running
21:48:43.507 [DEBUG] [org.gradle.cache.internal.DefaultFileLockManager] Waiting to acquire shared lock on daemon addresses registry.
21:48:43.507 [DEBUG] [org.gradle.cache.internal.DefaultFileLockManager] Lock acquired on daemon addresses registry.
21:48:43.508 [DEBUG] [org.gradle.cache.internal.DefaultFileLockManager] Releasing lock on daemon addresses registry.
21:48:43.510 [DEBUG] [org.gradle.cache.internal.DefaultFileLockManager] Waiting to acquire shared lock on daemon addresses registry.
21:48:43.510 [DEBUG] [org.gradle.cache.internal.DefaultFileLockManager] Lock acquired on daemon addresses registry.
21:48:43.511 [DEBUG] [org.gradle.cache.internal.DefaultFileLockManager] Releasing lock on daemon addresses registry.
21:48:43.512 [DEBUG] [org.gradle.cache.internal.DefaultFileLockManager] Waiting to acquire shared lock on daemon addresses registry.
21:48:43.512 [DEBUG] [org.gradle.cache.internal.DefaultFileLockManager] Lock acquired on daemon addresses registry.
21:48:43.512 [DEBUG] [org.gradle.cache.internal.DefaultFileLockManager] Releasing lock on daemon addresses registry.
21:48:47.503 [DEBUG] [org.gradle.process.internal.health.memory.MemoryManager] Emitting OS memory status event {Total: 34212798464, Free: 13996498944}
21:48:47.503 [DEBUG] [org.gradle.launcher.daemon.server.health.LowMemoryDaemonExpirationStrategy] Received memory status update: {Total: 34212798464, Free: 13996498944}
21:48:47.503 [DEBUG] [org.gradle.process.internal.health.memory.MemoryManager] Emitting JVM memory status event {Maximum: 477626368, Committed: 343932928}
21:48:52.497 [DEBUG] [org.gradle.process.internal.health.memory.MemoryManager] Emitting OS memory status event {Total: 34212798464, Free: 14006116352}
21:48:52.497 [DEBUG] [org.gradle.launcher.daemon.server.health.LowMemoryDaemonExpirationStrategy] Received memory status update: {Total: 34212798464, Free: 14006116352}
21:48:52.497 [DEBUG] [org.gradle.process.internal.health.memory.MemoryManager] Emitting JVM memory status event {Maximum: 477626368, Committed: 343932928}
21:48:53.506 [DEBUG] [org.gradle.launcher.daemon.server.Daemon] DaemonExpirationPeriodicCheck running
21:48:53.507 [DEBUG] [org.gradle.cache.internal.DefaultFileLockManager] Waiting to acquire shared lock on daemon addresses registry.
21:48:53.507 [DEBUG] [org.gradle.cache.internal.DefaultFileLockManager] Lock acquired on daemon addresses registry.
21:48:53.507 [DEBUG] [org.gradle.cache.internal.DefaultFileLockManager] Releasing lock on daemon addresses registry.
21:48:53.508 [DEBUG] [org.gradle.cache.internal.DefaultFileLockManager] Waiting to acquire shared lock on daemon addresses registry.
21:48:53.508 [DEBUG] [org.gradle.cache.internal.DefaultFileLockManager] Lock acquired on daemon addresses registry.
21:48:53.508 [DEBUG] [org.gradle.cache.internal.DefaultFileLockManager] Releasing lock on daemon addresses registry.
21:48:53.508 [DEBUG] [org.gradle.cache.internal.DefaultFileLockManager] Waiting to acquire shared lock on daemon addresses registry.
21:48:53.508 [DEBUG] [org.gradle.cache.internal.DefaultFileLockManager] Lock acquired on daemon addresses registry.
21:48:53.509 [DEBUG] [org.gradle.cache.internal.DefaultFileLockManager] Releasing lock on daemon addresses registry.
21:48:57.499 [DEBUG] [org.gradle.process.internal.health.memory.MemoryManager] Emitting OS memory status event {Total: 34212798464, Free: 13858177024}
21:48:57.499 [DEBUG] [org.gradle.launcher.daemon.server.health.LowMemoryDaemonExpirationStrategy] Received memory status update: {Total: 34212798464, Free: 13858177024}
21:48:57.499 [DEBUG] [org.gradle.process.internal.health.memory.MemoryManager] Emitting JVM memory status event {Maximum: 477626368, Committed: 343932928}
21:49:02.499 [DEBUG] [org.gradle.process.internal.health.memory.MemoryManager] Emitting OS memory status event {Total: 34212798464, Free: 13806907392}
21:49:02.499 [DEBUG] [org.gradle.launcher.daemon.server.health.LowMemoryDaemonExpirationStrategy] Received memory status update: {Total: 34212798464, Free: 13806907392}
21:49:02.500 [DEBUG] [org.gradle.process.internal.health.memory.MemoryManager] Emitting JVM memory status event {Maximum: 477626368, Committed: 343932928}
21:49:03.504 [DEBUG] [org.gradle.launcher.daemon.server.Daemon] DaemonExpirationPeriodicCheck running
21:49:03.505 [DEBUG] [org.gradle.cache.internal.DefaultFileLockManager] Waiting to acquire shared lock on daemon addresses registry.
21:49:03.505 [DEBUG] [org.gradle.cache.internal.DefaultFileLockManager] Lock acquired on daemon addresses registry.
21:49:03.505 [DEBUG] [org.gradle.cache.internal.DefaultFileLockManager] Releasing lock on daemon addresses registry.
21:49:03.506 [DEBUG] [org.gradle.cache.internal.DefaultFileLockManager] Waiting to acquire shared lock on daemon addresses registry.
21:49:03.506 [DEBUG] [org.gradle.cache.internal.DefaultFileLockManager] Lock acquired on daemon addresses registry.
21:49:03.506 [DEBUG] [org.gradle.cache.internal.DefaultFileLockManager] Releasing lock on daemon addresses registry.
21:49:03.506 [DEBUG] [org.gradle.cache.internal.DefaultFileLockManager] Waiting to acquire shared lock on daemon addresses registry.
21:49:03.507 [DEBUG] [org.gradle.cache.internal.DefaultFileLockManager] Lock acquired on daemon addresses registry.
21:49:03.507 [DEBUG] [org.gradle.cache.internal.DefaultFileLockManager] Releasing lock on daemon addresses registry.
21:49:07.497 [DEBUG] [org.gradle.process.internal.health.memory.MemoryManager] Emitting OS memory status event {Total: 34212798464, Free: 13807800320}
21:49:07.497 [DEBUG] [org.gradle.launcher.daemon.server.health.LowMemoryDaemonExpirationStrategy] Received memory status update: {Total: 34212798464, Free: 13807800320}
21:49:07.497 [DEBUG] [org.gradle.process.internal.health.memory.MemoryManager] Emitting JVM memory status event {Maximum: 477626368, Committed: 343932928}
21:49:12.502 [DEBUG] [org.gradle.process.internal.health.memory.MemoryManager] Emitting OS memory status event {Total: 34212798464, Free: 13795815424}
21:49:12.502 [DEBUG] [org.gradle.launcher.daemon.server.health.LowMemoryDaemonExpirationStrategy] Received memory status update: {Total: 34212798464, Free: 13795815424}
21:49:12.502 [DEBUG] [org.gradle.process.internal.health.memory.MemoryManager] Emitting JVM memory status event {Maximum: 477626368, Committed: 343932928}
21:49:13.498 [DEBUG] [org.gradle.launcher.daemon.server.Daemon] DaemonExpirationPeriodicCheck running
21:49:13.499 [DEBUG] [org.gradle.cache.internal.DefaultFileLockManager] Waiting to acquire shared lock on daemon addresses registry.
21:49:13.499 [DEBUG] [org.gradle.cache.internal.DefaultFileLockManager] Lock acquired on daemon addresses registry.
21:49:13.499 [DEBUG] [org.gradle.cache.internal.DefaultFileLockManager] Releasing lock on daemon addresses registry.
21:49:13.499 [DEBUG] [org.gradle.cache.internal.DefaultFileLockManager] Waiting to acquire shared lock on daemon addresses registry.
21:49:13.499 [DEBUG] [org.gradle.cache.internal.DefaultFileLockManager] Lock acquired on daemon addresses registry.
21:49:13.500 [DEBUG] [org.gradle.cache.internal.DefaultFileLockManager] Releasing lock on daemon addresses registry.
21:49:13.500 [DEBUG] [org.gradle.cache.internal.DefaultFileLockManager] Waiting to acquire shared lock on daemon addresses registry.
21:49:13.500 [DEBUG] [org.gradle.cache.internal.DefaultFileLockManager] Lock acquired on daemon addresses registry.
21:49:13.500 [DEBUG] [org.gradle.cache.internal.DefaultFileLockManager] Releasing lock on daemon addresses registry.
21:49:17.509 [DEBUG] [org.gradle.process.internal.health.memory.MemoryManager] Emitting OS memory status event {Total: 34212798464, Free: 13692203008}
21:49:17.509 [DEBUG] [org.gradle.launcher.daemon.server.health.LowMemoryDaemonExpirationStrategy] Received memory status update: {Total: 34212798464, Free: 13692203008}
21:49:17.509 [DEBUG] [org.gradle.process.internal.health.memory.MemoryManager] Emitting JVM memory status event {Maximum: 477626368, Committed: 343932928}
21:49:22.505 [DEBUG] [org.gradle.process.internal.health.memory.MemoryManager] Emitting OS memory status event {Total: 34212798464, Free: 13670100992}
21:49:22.505 [DEBUG] [org.gradle.launcher.daemon.server.health.LowMemoryDaemonExpirationStrategy] Received memory status update: {Total: 34212798464, Free: 13670100992}
21:49:22.505 [DEBUG] [org.gradle.process.internal.health.memory.MemoryManager] Emitting JVM memory status event {Maximum: 477626368, Committed: 343932928}
21:49:23.498 [DEBUG] [org.gradle.launcher.daemon.server.Daemon] DaemonExpirationPeriodicCheck running
21:49:23.498 [DEBUG] [org.gradle.cache.internal.DefaultFileLockManager] Waiting to acquire shared lock on daemon addresses registry.
21:49:23.498 [DEBUG] [org.gradle.cache.internal.DefaultFileLockManager] Lock acquired on daemon addresses registry.
21:49:23.498 [DEBUG] [org.gradle.cache.internal.DefaultFileLockManager] Releasing lock on daemon addresses registry.
21:49:23.499 [DEBUG] [org.gradle.cache.internal.DefaultFileLockManager] Waiting to acquire shared lock on daemon addresses registry.
21:49:23.499 [DEBUG] [org.gradle.cache.internal.DefaultFileLockManager] Lock acquired on daemon addresses registry.
21:49:23.499 [DEBUG] [org.gradle.cache.internal.DefaultFileLockManager] Releasing lock on daemon addresses registry.
21:49:23.499 [DEBUG] [org.gradle.cache.internal.DefaultFileLockManager] Waiting to acquire shared lock on daemon addresses registry.
21:49:23.499 [DEBUG] [org.gradle.cache.internal.DefaultFileLockManager] Lock acquired on daemon addresses registry.
21:49:23.500 [DEBUG] [org.gradle.cache.internal.DefaultFileLockManager] Releasing lock on daemon addresses registry.
21:49:27.508 [DEBUG] [org.gradle.process.internal.health.memory.MemoryManager] Emitting OS memory status event {Total: 34212798464, Free: 13668229120}
21:49:27.508 [DEBUG] [org.gradle.launcher.daemon.server.health.LowMemoryDaemonExpirationStrategy] Received memory status update: {Total: 34212798464, Free: 13668229120}
21:49:27.508 [DEBUG] [org.gradle.process.internal.health.memory.MemoryManager] Emitting JVM memory status event {Maximum: 477626368, Committed: 343932928}
21:49:32.504 [DEBUG] [org.gradle.process.internal.health.memory.MemoryManager] Emitting OS memory status event {Total: 34212798464, Free: 13721485312}
21:49:32.505 [DEBUG] [org.gradle.launcher.daemon.server.health.LowMemoryDaemonExpirationStrategy] Received memory status update: {Total: 34212798464, Free: 13721485312}
21:49:32.505 [DEBUG] [org.gradle.process.internal.health.memory.MemoryManager] Emitting JVM memory status event {Maximum: 477626368, Committed: 343932928}
21:49:33.499 [DEBUG] [org.gradle.launcher.daemon.server.Daemon] DaemonExpirationPeriodicCheck running
21:49:33.500 [DEBUG] [org.gradle.cache.internal.DefaultFileLockManager] Waiting to acquire shared lock on daemon addresses registry.
21:49:33.500 [DEBUG] [org.gradle.cache.internal.DefaultFileLockManager] Lock acquired on daemon addresses registry.
21:49:33.500 [DEBUG] [org.gradle.cache.internal.DefaultFileLockManager] Releasing lock on daemon addresses registry.
21:49:33.501 [DEBUG] [org.gradle.cache.internal.DefaultFileLockManager] Waiting to acquire shared lock on daemon addresses registry.
21:49:33.501 [DEBUG] [org.gradle.cache.internal.DefaultFileLockManager] Lock acquired on daemon addresses registry.
21:49:33.501 [DEBUG] [org.gradle.cache.internal.DefaultFileLockManager] Releasing lock on daemon addresses registry.
21:49:33.502 [DEBUG] [org.gradle.cache.internal.DefaultFileLockManager] Waiting to acquire shared lock on daemon addresses registry.
21:49:33.502 [DEBUG] [org.gradle.cache.internal.DefaultFileLockManager] Lock acquired on daemon addresses registry.
21:49:33.502 [DEBUG] [org.gradle.cache.internal.DefaultFileLockManager] Releasing lock on daemon addresses registry.
21:49:37.507 [DEBUG] [org.gradle.process.internal.health.memory.MemoryManager] Emitting OS memory status event {Total: 34212798464, Free: 13990674432}
21:49:37.507 [DEBUG] [org.gradle.launcher.daemon.server.health.LowMemoryDaemonExpirationStrategy] Received memory status update: {Total: 34212798464, Free: 13990674432}
21:49:37.507 [DEBUG] [org.gradle.process.internal.health.memory.MemoryManager] Emitting JVM memory status event {Maximum: 477626368, Committed: 343932928}
21:49:42.505 [DEBUG] [org.gradle.process.internal.health.memory.MemoryManager] Emitting OS memory status event {Total: 34212798464, Free: 13994594304}
21:49:42.505 [DEBUG] [org.gradle.launcher.daemon.server.health.LowMemoryDaemonExpirationStrategy] Received memory status update: {Total: 34212798464, Free: 13994594304}
21:49:42.505 [DEBUG] [org.gradle.process.internal.health.memory.MemoryManager] Emitting JVM memory status event {Maximum: 477626368, Committed: 343932928}
21:49:43.501 [DEBUG] [org.gradle.launcher.daemon.server.Daemon] DaemonExpirationPeriodicCheck running
21:49:43.502 [DEBUG] [org.gradle.cache.internal.DefaultFileLockManager] Waiting to acquire shared lock on daemon addresses registry.
21:49:43.502 [DEBUG] [org.gradle.cache.internal.DefaultFileLockManager] Lock acquired on daemon addresses registry.
21:49:43.502 [DEBUG] [org.gradle.cache.internal.DefaultFileLockManager] Releasing lock on daemon addresses registry.
21:49:43.503 [DEBUG] [org.gradle.cache.internal.DefaultFileLockManager] Waiting to acquire shared lock on daemon addresses registry.
21:49:43.503 [DEBUG] [org.gradle.cache.internal.DefaultFileLockManager] Lock acquired on daemon addresses registry.
21:49:43.503 [DEBUG] [org.gradle.cache.internal.DefaultFileLockManager] Releasing lock on daemon addresses registry.
21:49:43.503 [DEBUG] [org.gradle.cache.internal.DefaultFileLockManager] Waiting to acquire shared lock on daemon addresses registry.
21:49:43.503 [DEBUG] [org.gradle.cache.internal.DefaultFileLockManager] Lock acquired on daemon addresses registry.
21:49:43.504 [DEBUG] [org.gradle.cache.internal.DefaultFileLockManager] Releasing lock on daemon addresses registry.
21:49:47.510 [DEBUG] [org.gradle.process.internal.health.memory.MemoryManager] Emitting OS memory status event {Total: 34212798464, Free: 13932703744}
21:49:47.510 [DEBUG] [org.gradle.launcher.daemon.server.health.LowMemoryDaemonExpirationStrategy] Received memory status update: {Total: 34212798464, Free: 13932703744}
21:49:47.510 [DEBUG] [org.gradle.process.internal.health.memory.MemoryManager] Emitting JVM memory status event {Maximum: 477626368, Committed: 343932928}
21:49:52.498 [DEBUG] [org.gradle.process.internal.health.memory.MemoryManager] Emitting OS memory status event {Total: 34212798464, Free: 13932441600}
21:49:52.498 [DEBUG] [org.gradle.launcher.daemon.server.health.LowMemoryDaemonExpirationStrategy] Received memory status update: {Total: 34212798464, Free: 13932441600}
21:49:52.498 [DEBUG] [org.gradle.process.internal.health.memory.MemoryManager] Emitting JVM memory status event {Maximum: 477626368, Committed: 343932928}
21:49:53.506 [DEBUG] [org.gradle.launcher.daemon.server.Daemon] DaemonExpirationPeriodicCheck running
21:49:53.506 [DEBUG] [org.gradle.cache.internal.DefaultFileLockManager] Waiting to acquire shared lock on daemon addresses registry.
21:49:53.506 [DEBUG] [org.gradle.cache.internal.DefaultFileLockManager] Lock acquired on daemon addresses registry.
21:49:53.506 [DEBUG] [org.gradle.cache.internal.DefaultFileLockManager] Releasing lock on daemon addresses registry.
21:49:53.507 [DEBUG] [org.gradle.cache.internal.DefaultFileLockManager] Waiting to acquire shared lock on daemon addresses registry.
21:49:53.507 [DEBUG] [org.gradle.cache.internal.DefaultFileLockManager] Lock acquired on daemon addresses registry.
21:49:53.507 [DEBUG] [org.gradle.cache.internal.DefaultFileLockManager] Releasing lock on daemon addresses registry.
21:49:53.507 [DEBUG] [org.gradle.cache.internal.DefaultFileLockManager] Waiting to acquire shared lock on daemon addresses registry.
21:49:53.507 [DEBUG] [org.gradle.cache.internal.DefaultFileLockManager] Lock acquired on daemon addresses registry.
21:49:53.508 [DEBUG] [org.gradle.cache.internal.DefaultFileLockManager] Releasing lock on daemon addresses registry.
21:49:57.498 [DEBUG] [org.gradle.process.internal.health.memory.MemoryManager] Emitting OS memory status event {Total: 34212798464, Free: 13924638720}
21:49:57.498 [DEBUG] [org.gradle.launcher.daemon.server.health.LowMemoryDaemonExpirationStrategy] Received memory status update: {Total: 34212798464, Free: 13924638720}
21:49:57.498 [DEBUG] [org.gradle.process.internal.health.memory.MemoryManager] Emitting JVM memory status event {Maximum: 477626368, Committed: 343932928}
21:50:02.500 [DEBUG] [org.gradle.process.internal.health.memory.MemoryManager] Emitting OS memory status event {Total: 34212798464, Free: 13944713216}
21:50:02.500 [DEBUG] [org.gradle.launcher.daemon.server.health.LowMemoryDaemonExpirationStrategy] Received memory status update: {Total: 34212798464, Free: 13944713216}
21:50:02.500 [DEBUG] [org.gradle.process.internal.health.memory.MemoryManager] Emitting JVM memory status event {Maximum: 477626368, Committed: 343932928}
21:50:03.496 [DEBUG] [org.gradle.launcher.daemon.server.Daemon] DaemonExpirationPeriodicCheck running
21:50:03.496 [DEBUG] [org.gradle.cache.internal.DefaultFileLockManager] Waiting to acquire shared lock on daemon addresses registry.
21:50:03.496 [DEBUG] [org.gradle.cache.internal.DefaultFileLockManager] Lock acquired on daemon addresses registry.
21:50:03.496 [DEBUG] [org.gradle.cache.internal.DefaultFileLockManager] Releasing lock on daemon addresses registry.
21:50:03.497 [DEBUG] [org.gradle.cache.internal.DefaultFileLockManager] Waiting to acquire shared lock on daemon addresses registry.
21:50:03.497 [DEBUG] [org.gradle.cache.internal.DefaultFileLockManager] Lock acquired on daemon addresses registry.
21:50:03.497 [DEBUG] [org.gradle.cache.internal.DefaultFileLockManager] Releasing lock on daemon addresses registry.
21:50:03.497 [DEBUG] [org.gradle.cache.internal.DefaultFileLockManager] Waiting to acquire shared lock on daemon addresses registry.
21:50:03.497 [DEBUG] [org.gradle.cache.internal.DefaultFileLockManager] Lock acquired on daemon addresses registry.
21:50:03.498 [DEBUG] [org.gradle.cache.internal.DefaultFileLockManager] Releasing lock on daemon addresses registry.
21:50:07.505 [DEBUG] [org.gradle.process.internal.health.memory.MemoryManager] Emitting OS memory status event {Total: 34212798464, Free: 13966594048}
21:50:07.505 [DEBUG] [org.gradle.launcher.daemon.server.health.LowMemoryDaemonExpirationStrategy] Received memory status update: {Total: 34212798464, Free: 13966594048}
21:50:07.505 [DEBUG] [org.gradle.process.internal.health.memory.MemoryManager] Emitting JVM memory status event {Maximum: 477626368, Committed: 343932928}
21:50:12.498 [DEBUG] [org.gradle.process.internal.health.memory.MemoryManager] Emitting OS memory status event {Total: 34212798464, Free: 13950840832}
21:50:12.498 [DEBUG] [org.gradle.launcher.daemon.server.health.LowMemoryDaemonExpirationStrategy] Received memory status update: {Total: 34212798464, Free: 13950840832}
21:50:12.498 [DEBUG] [org.gradle.process.internal.health.memory.MemoryManager] Emitting JVM memory status event {Maximum: 477626368, Committed: 343932928}
21:50:13.506 [DEBUG] [org.gradle.launcher.daemon.server.Daemon] DaemonExpirationPeriodicCheck running
21:50:13.507 [DEBUG] [org.gradle.cache.internal.DefaultFileLockManager] Waiting to acquire shared lock on daemon addresses registry.
21:50:13.507 [DEBUG] [org.gradle.cache.internal.DefaultFileLockManager] Lock acquired on daemon addresses registry.
21:50:13.507 [DEBUG] [org.gradle.cache.internal.DefaultFileLockManager] Releasing lock on daemon addresses registry.
21:50:13.508 [DEBUG] [org.gradle.cache.internal.DefaultFileLockManager] Waiting to acquire shared lock on daemon addresses registry.
21:50:13.508 [DEBUG] [org.gradle.cache.internal.DefaultFileLockManager] Lock acquired on daemon addresses registry.
21:50:13.508 [DEBUG] [org.gradle.cache.internal.DefaultFileLockManager] Releasing lock on daemon addresses registry.
21:50:13.508 [DEBUG] [org.gradle.cache.internal.DefaultFileLockManager] Waiting to acquire shared lock on daemon addresses registry.
21:50:13.508 [DEBUG] [org.gradle.cache.internal.DefaultFileLockManager] Lock acquired on daemon addresses registry.
21:50:13.509 [DEBUG] [org.gradle.cache.internal.DefaultFileLockManager] Releasing lock on daemon addresses registry.
21:50:17.511 [DEBUG] [org.gradle.process.internal.health.memory.MemoryManager] Emitting OS memory status event {Total: 34212798464, Free: 13683249152}
21:50:17.511 [DEBUG] [org.gradle.launcher.daemon.server.health.LowMemoryDaemonExpirationStrategy] Received memory status update: {Total: 34212798464, Free: 13683249152}
21:50:17.512 [DEBUG] [org.gradle.process.internal.health.memory.MemoryManager] Emitting JVM memory status event {Maximum: 477626368, Committed: 343932928}
21:50:22.506 [DEBUG] [org.gradle.process.internal.health.memory.MemoryManager] Emitting OS memory status event {Total: 34212798464, Free: 14167539712}
21:50:22.507 [DEBUG] [org.gradle.launcher.daemon.server.health.LowMemoryDaemonExpirationStrategy] Received memory status update: {Total: 34212798464, Free: 14167539712}
21:50:22.507 [DEBUG] [org.gradle.process.internal.health.memory.MemoryManager] Emitting JVM memory status event {Maximum: 477626368, Committed: 343932928}
21:50:23.505 [DEBUG] [org.gradle.launcher.daemon.server.Daemon] DaemonExpirationPeriodicCheck running
21:50:23.509 [DEBUG] [org.gradle.cache.internal.DefaultFileLockManager] Waiting to acquire shared lock on daemon addresses registry.
21:50:23.509 [DEBUG] [org.gradle.cache.internal.DefaultFileLockManager] Lock acquired on daemon addresses registry.
21:50:23.512 [DEBUG] [org.gradle.cache.internal.DefaultFileLockManager] Releasing lock on daemon addresses registry.
21:50:23.513 [DEBUG] [org.gradle.cache.internal.DefaultFileLockManager] Waiting to acquire shared lock on daemon addresses registry.
21:50:23.513 [DEBUG] [org.gradle.cache.internal.DefaultFileLockManager] Lock acquired on daemon addresses registry.
21:50:23.513 [DEBUG] [org.gradle.cache.internal.DefaultFileLockManager] Releasing lock on daemon addresses registry.
21:50:23.513 [DEBUG] [org.gradle.cache.internal.DefaultFileLockManager] Waiting to acquire shared lock on daemon addresses registry.
21:50:23.513 [DEBUG] [org.gradle.cache.internal.DefaultFileLockManager] Lock acquired on daemon addresses registry.
21:50:23.513 [DEBUG] [org.gradle.cache.internal.DefaultFileLockManager] Releasing lock on daemon addresses registry.
21:50:27.510 [DEBUG] [org.gradle.process.internal.health.memory.MemoryManager] Emitting OS memory status event {Total: 34212798464, Free: 14185783296}
21:50:27.510 [DEBUG] [org.gradle.launcher.daemon.server.health.LowMemoryDaemonExpirationStrategy] Received memory status update: {Total: 34212798464, Free: 14185783296}
21:50:27.510 [DEBUG] [org.gradle.process.internal.health.memory.MemoryManager] Emitting JVM memory status event {Maximum: 477626368, Committed: 343932928}
21:50:32.501 [DEBUG] [org.gradle.process.internal.health.memory.MemoryManager] Emitting OS memory status event {Total: 34212798464, Free: 14194278400}
21:50:32.501 [DEBUG] [org.gradle.launcher.daemon.server.health.LowMemoryDaemonExpirationStrategy] Received memory status update: {Total: 34212798464, Free: 14194278400}
21:50:32.501 [DEBUG] [org.gradle.process.internal.health.memory.MemoryManager] Emitting JVM memory status event {Maximum: 477626368, Committed: 343932928}
21:50:33.501 [DEBUG] [org.gradle.launcher.daemon.server.Daemon] DaemonExpirationPeriodicCheck running
21:50:33.502 [DEBUG] [org.gradle.cache.internal.DefaultFileLockManager] Waiting to acquire shared lock on daemon addresses registry.
21:50:33.502 [DEBUG] [org.gradle.cache.internal.DefaultFileLockManager] Lock acquired on daemon addresses registry.
21:50:33.502 [DEBUG] [org.gradle.cache.internal.DefaultFileLockManager] Releasing lock on daemon addresses registry.
21:50:33.502 [DEBUG] [org.gradle.cache.internal.DefaultFileLockManager] Waiting to acquire shared lock on daemon addresses registry.
21:50:33.502 [DEBUG] [org.gradle.cache.internal.DefaultFileLockManager] Lock acquired on daemon addresses registry.
21:50:33.503 [DEBUG] [org.gradle.cache.internal.DefaultFileLockManager] Releasing lock on daemon addresses registry.
21:50:33.503 [DEBUG] [org.gradle.cache.internal.DefaultFileLockManager] Waiting to acquire shared lock on daemon addresses registry.
21:50:33.503 [DEBUG] [org.gradle.cache.internal.DefaultFileLockManager] Lock acquired on daemon addresses registry.
21:50:33.503 [DEBUG] [org.gradle.cache.internal.DefaultFileLockManager] Releasing lock on daemon addresses registry.
21:50:37.505 [DEBUG] [org.gradle.process.internal.health.memory.MemoryManager] Emitting OS memory status event {Total: 34212798464, Free: 14203359232}
21:50:37.506 [DEBUG] [org.gradle.launcher.daemon.server.health.LowMemoryDaemonExpirationStrategy] Received memory status update: {Total: 34212798464, Free: 14203359232}
21:50:37.506 [DEBUG] [org.gradle.process.internal.health.memory.MemoryManager] Emitting JVM memory status event {Maximum: 477626368, Committed: 343932928}
21:50:42.508 [DEBUG] [org.gradle.process.internal.health.memory.MemoryManager] Emitting OS memory status event {Total: 34212798464, Free: 14230224896}
21:50:42.508 [DEBUG] [org.gradle.launcher.daemon.server.health.LowMemoryDaemonExpirationStrategy] Received memory status update: {Total: 34212798464, Free: 14230224896}
21:50:42.508 [DEBUG] [org.gradle.process.internal.health.memory.MemoryManager] Emitting JVM memory status event {Maximum: 477626368, Committed: 343932928}
21:50:43.504 [DEBUG] [org.gradle.launcher.daemon.server.Daemon] DaemonExpirationPeriodicCheck running
21:50:43.505 [DEBUG] [org.gradle.cache.internal.DefaultFileLockManager] Waiting to acquire shared lock on daemon addresses registry.
21:50:43.505 [DEBUG] [org.gradle.cache.internal.DefaultFileLockManager] Lock acquired on daemon addresses registry.
21:50:43.505 [DEBUG] [org.gradle.cache.internal.DefaultFileLockManager] Releasing lock on daemon addresses registry.
21:50:43.505 [DEBUG] [org.gradle.cache.internal.DefaultFileLockManager] Waiting to acquire shared lock on daemon addresses registry.
21:50:43.505 [DEBUG] [org.gradle.cache.internal.DefaultFileLockManager] Lock acquired on daemon addresses registry.
21:50:43.506 [DEBUG] [org.gradle.cache.internal.DefaultFileLockManager] Releasing lock on daemon addresses registry.
21:50:43.506 [DEBUG] [org.gradle.cache.internal.DefaultFileLockManager] Waiting to acquire shared lock on daemon addresses registry.
21:50:43.506 [DEBUG] [org.gradle.cache.internal.DefaultFileLockManager] Lock acquired on daemon addresses registry.
21:50:43.506 [DEBUG] [org.gradle.cache.internal.DefaultFileLockManager] Releasing lock on daemon addresses registry.
21:50:47.500 [DEBUG] [org.gradle.process.internal.health.memory.MemoryManager] Emitting OS memory status event {Total: 34212798464, Free: 14251384832}
21:50:47.500 [DEBUG] [org.gradle.launcher.daemon.server.health.LowMemoryDaemonExpirationStrategy] Received memory status update: {Total: 34212798464, Free: 14251384832}
21:50:47.500 [DEBUG] [org.gradle.process.internal.health.memory.MemoryManager] Emitting JVM memory status event {Maximum: 477626368, Committed: 343932928}
21:50:52.501 [DEBUG] [org.gradle.process.internal.health.memory.MemoryManager] Emitting OS memory status event {Total: 34212798464, Free: 14248636416}
21:50:52.501 [DEBUG] [org.gradle.launcher.daemon.server.health.LowMemoryDaemonExpirationStrategy] Received memory status update: {Total: 34212798464, Free: 14248636416}
21:50:52.501 [DEBUG] [org.gradle.process.internal.health.memory.MemoryManager] Emitting JVM memory status event {Maximum: 477626368, Committed: 343932928}
21:50:53.493 [DEBUG] [org.gradle.launcher.daemon.server.Daemon] DaemonExpirationPeriodicCheck running
21:50:53.494 [DEBUG] [org.gradle.cache.internal.DefaultFileLockManager] Waiting to acquire shared lock on daemon addresses registry.
21:50:53.494 [DEBUG] [org.gradle.cache.internal.DefaultFileLockManager] Lock acquired on daemon addresses registry.
21:50:53.494 [DEBUG] [org.gradle.cache.internal.DefaultFileLockManager] Releasing lock on daemon addresses registry.
21:50:53.495 [DEBUG] [org.gradle.cache.internal.DefaultFileLockManager] Waiting to acquire shared lock on daemon addresses registry.
21:50:53.495 [DEBUG] [org.gradle.cache.internal.DefaultFileLockManager] Lock acquired on daemon addresses registry.
21:50:53.495 [DEBUG] [org.gradle.cache.internal.DefaultFileLockManager] Releasing lock on daemon addresses registry.
21:50:53.495 [DEBUG] [org.gradle.cache.internal.DefaultFileLockManager] Waiting to acquire shared lock on daemon addresses registry.
21:50:53.495 [DEBUG] [org.gradle.cache.internal.DefaultFileLockManager] Lock acquired on daemon addresses registry.
21:50:53.496 [DEBUG] [org.gradle.cache.internal.DefaultFileLockManager] Releasing lock on daemon addresses registry.
21:50:57.509 [DEBUG] [org.gradle.process.internal.health.memory.MemoryManager] Emitting OS memory status event {Total: 34212798464, Free: 14232412160}
21:50:57.510 [DEBUG] [org.gradle.launcher.daemon.server.health.LowMemoryDaemonExpirationStrategy] Received memory status update: {Total: 34212798464, Free: 14232412160}
21:50:57.510 [DEBUG] [org.gradle.process.internal.health.memory.MemoryManager] Emitting JVM memory status event {Maximum: 477626368, Committed: 343932928}
21:51:02.506 [DEBUG] [org.gradle.process.internal.health.memory.MemoryManager] Emitting OS memory status event {Total: 34212798464, Free: 14246567936}
21:51:02.506 [DEBUG] [org.gradle.launcher.daemon.server.health.LowMemoryDaemonExpirationStrategy] Received memory status update: {Total: 34212798464, Free: 14246567936}
21:51:02.506 [DEBUG] [org.gradle.process.internal.health.memory.MemoryManager] Emitting JVM memory status event {Maximum: 477626368, Committed: 343932928}
21:51:03.504 [DEBUG] [org.gradle.launcher.daemon.server.Daemon] DaemonExpirationPeriodicCheck running
21:51:03.504 [DEBUG] [org.gradle.cache.internal.DefaultFileLockManager] Waiting to acquire shared lock on daemon addresses registry.
21:51:03.505 [DEBUG] [org.gradle.cache.internal.DefaultFileLockManager] Lock acquired on daemon addresses registry.
21:51:03.505 [DEBUG] [org.gradle.cache.internal.DefaultFileLockManager] Releasing lock on daemon addresses registry.
21:51:03.505 [DEBUG] [org.gradle.cache.internal.DefaultFileLockManager] Waiting to acquire shared lock on daemon addresses registry.
21:51:03.505 [DEBUG] [org.gradle.cache.internal.DefaultFileLockManager] Lock acquired on daemon addresses registry.
21:51:03.505 [DEBUG] [org.gradle.cache.internal.DefaultFileLockManager] Releasing lock on daemon addresses registry.
21:51:03.506 [DEBUG] [org.gradle.cache.internal.DefaultFileLockManager] Waiting to acquire shared lock on daemon addresses registry.
21:51:03.506 [DEBUG] [org.gradle.cache.internal.DefaultFileLockManager] Lock acquired on daemon addresses registry.
21:51:03.506 [DEBUG] [org.gradle.cache.internal.DefaultFileLockManager] Releasing lock on daemon addresses registry.
21:51:07.500 [DEBUG] [org.gradle.process.internal.health.memory.MemoryManager] Emitting OS memory status event {Total: 34212798464, Free: 14235660288}
21:51:07.500 [DEBUG] [org.gradle.launcher.daemon.server.health.LowMemoryDaemonExpirationStrategy] Received memory status update: {Total: 34212798464, Free: 14235660288}
21:51:07.500 [DEBUG] [org.gradle.process.internal.health.memory.MemoryManager] Emitting JVM memory status event {Maximum: 477626368, Committed: 343932928}
21:51:12.501 [DEBUG] [org.gradle.process.internal.health.memory.MemoryManager] Emitting OS memory status event {Total: 34212798464, Free: 14236815360}
21:51:12.501 [DEBUG] [org.gradle.launcher.daemon.server.health.LowMemoryDaemonExpirationStrategy] Received memory status update: {Total: 34212798464, Free: 14236815360}
21:51:12.501 [DEBUG] [org.gradle.process.internal.health.memory.MemoryManager] Emitting JVM memory status event {Maximum: 477626368, Committed: 343932928}
21:51:13.502 [DEBUG] [org.gradle.launcher.daemon.server.Daemon] DaemonExpirationPeriodicCheck running
21:51:13.502 [DEBUG] [org.gradle.cache.internal.DefaultFileLockManager] Waiting to acquire shared lock on daemon addresses registry.
21:51:13.502 [DEBUG] [org.gradle.cache.internal.DefaultFileLockManager] Lock acquired on daemon addresses registry.
21:51:13.503 [DEBUG] [org.gradle.cache.internal.DefaultFileLockManager] Releasing lock on daemon addresses registry.
21:51:13.503 [DEBUG] [org.gradle.cache.internal.DefaultFileLockManager] Waiting to acquire shared lock on daemon addresses registry.
21:51:13.503 [DEBUG] [org.gradle.cache.internal.DefaultFileLockManager] Lock acquired on daemon addresses registry.
21:51:13.504 [DEBUG] [org.gradle.cache.internal.DefaultFileLockManager] Releasing lock on daemon addresses registry.
21:51:13.504 [DEBUG] [org.gradle.cache.internal.DefaultFileLockManager] Waiting to acquire shared lock on daemon addresses registry.
21:51:13.504 [DEBUG] [org.gradle.cache.internal.DefaultFileLockManager] Lock acquired on daemon addresses registry.
21:51:13.504 [DEBUG] [org.gradle.cache.internal.DefaultFileLockManager] Releasing lock on daemon addresses registry.
21:51:17.507 [DEBUG] [org.gradle.process.internal.health.memory.MemoryManager] Emitting OS memory status event {Total: 34212798464, Free: 14236303360}
21:51:17.507 [DEBUG] [org.gradle.launcher.daemon.server.health.LowMemoryDaemonExpirationStrategy] Received memory status update: {Total: 34212798464, Free: 14236303360}
21:51:17.507 [DEBUG] [org.gradle.process.internal.health.memory.MemoryManager] Emitting JVM memory status event {Maximum: 477626368, Committed: 343932928}
21:51:22.508 [DEBUG] [org.gradle.process.internal.health.memory.MemoryManager] Emitting OS memory status event {Total: 34212798464, Free: 14237437952}
21:51:22.509 [DEBUG] [org.gradle.launcher.daemon.server.health.LowMemoryDaemonExpirationStrategy] Received memory status update: {Total: 34212798464, Free: 14237437952}
21:51:22.509 [DEBUG] [org.gradle.process.internal.health.memory.MemoryManager] Emitting JVM memory status event {Maximum: 477626368, Committed: 343932928}
21:51:23.503 [DEBUG] [org.gradle.launcher.daemon.server.Daemon] DaemonExpirationPeriodicCheck running
21:51:23.503 [DEBUG] [org.gradle.cache.internal.DefaultFileLockManager] Waiting to acquire shared lock on daemon addresses registry.
21:51:23.503 [DEBUG] [org.gradle.cache.internal.DefaultFileLockManager] Lock acquired on daemon addresses registry.
21:51:23.504 [DEBUG] [org.gradle.cache.internal.DefaultFileLockManager] Releasing lock on daemon addresses registry.
21:51:23.504 [DEBUG] [org.gradle.cache.internal.DefaultFileLockManager] Waiting to acquire shared lock on daemon addresses registry.
21:51:23.504 [DEBUG] [org.gradle.cache.internal.DefaultFileLockManager] Lock acquired on daemon addresses registry.
21:51:23.504 [DEBUG] [org.gradle.cache.internal.DefaultFileLockManager] Releasing lock on daemon addresses registry.
21:51:23.505 [DEBUG] [org.gradle.cache.internal.DefaultFileLockManager] Waiting to acquire shared lock on daemon addresses registry.
21:51:23.505 [DEBUG] [org.gradle.cache.internal.DefaultFileLockManager] Lock acquired on daemon addresses registry.
21:51:23.505 [DEBUG] [org.gradle.cache.internal.DefaultFileLockManager] Releasing lock on daemon addresses registry.
21:51:27.506 [DEBUG] [org.gradle.process.internal.health.memory.MemoryManager] Emitting OS memory status event {Total: 34212798464, Free: 14238167040}
21:51:27.506 [DEBUG] [org.gradle.launcher.daemon.server.health.LowMemoryDaemonExpirationStrategy] Received memory status update: {Total: 34212798464, Free: 14238167040}
21:51:27.506 [DEBUG] [org.gradle.process.internal.health.memory.MemoryManager] Emitting JVM memory status event {Maximum: 477626368, Committed: 343932928}
21:51:32.497 [DEBUG] [org.gradle.process.internal.health.memory.MemoryManager] Emitting OS memory status event {Total: 34212798464, Free: 14257799168}
21:51:32.497 [DEBUG] [org.gradle.launcher.daemon.server.health.LowMemoryDaemonExpirationStrategy] Received memory status update: {Total: 34212798464, Free: 14257799168}
21:51:32.497 [DEBUG] [org.gradle.process.internal.health.memory.MemoryManager] Emitting JVM memory status event {Maximum: 477626368, Committed: 343932928}
21:51:33.505 [DEBUG] [org.gradle.launcher.daemon.server.Daemon] DaemonExpirationPeriodicCheck running
21:51:33.505 [DEBUG] [org.gradle.cache.internal.DefaultFileLockManager] Waiting to acquire shared lock on daemon addresses registry.
21:51:33.505 [DEBUG] [org.gradle.cache.internal.DefaultFileLockManager] Lock acquired on daemon addresses registry.
21:51:33.506 [DEBUG] [org.gradle.cache.internal.DefaultFileLockManager] Releasing lock on daemon addresses registry.
21:51:33.506 [DEBUG] [org.gradle.cache.internal.DefaultFileLockManager] Waiting to acquire shared lock on daemon addresses registry.
21:51:33.506 [DEBUG] [org.gradle.cache.internal.DefaultFileLockManager] Lock acquired on daemon addresses registry.
21:51:33.506 [DEBUG] [org.gradle.cache.internal.DefaultFileLockManager] Releasing lock on daemon addresses registry.
21:51:33.506 [DEBUG] [org.gradle.cache.internal.DefaultFileLockManager] Waiting to acquire shared lock on daemon addresses registry.
21:51:33.506 [DEBUG] [org.gradle.cache.internal.DefaultFileLockManager] Lock acquired on daemon addresses registry.
21:51:33.507 [DEBUG] [org.gradle.cache.internal.DefaultFileLockManager] Releasing lock on daemon addresses registry.
21:51:37.503 [DEBUG] [org.gradle.process.internal.health.memory.MemoryManager] Emitting OS memory status event {Total: 34212798464, Free: 14276096000}
21:51:37.503 [DEBUG] [org.gradle.launcher.daemon.server.health.LowMemoryDaemonExpirationStrategy] Received memory status update: {Total: 34212798464, Free: 14276096000}
21:51:37.503 [DEBUG] [org.gradle.process.internal.health.memory.MemoryManager] Emitting JVM memory status event {Maximum: 477626368, Committed: 343932928}
21:51:42.508 [DEBUG] [org.gradle.process.internal.health.memory.MemoryManager] Emitting OS memory status event {Total: 34212798464, Free: 14254256128}
21:51:42.508 [DEBUG] [org.gradle.launcher.daemon.server.health.LowMemoryDaemonExpirationStrategy] Received memory status update: {Total: 34212798464, Free: 14254256128}
21:51:42.508 [DEBUG] [org.gradle.process.internal.health.memory.MemoryManager] Emitting JVM memory status event {Maximum: 477626368, Committed: 343932928}
21:51:43.504 [DEBUG] [org.gradle.launcher.daemon.server.Daemon] DaemonExpirationPeriodicCheck running
21:51:43.504 [DEBUG] [org.gradle.cache.internal.DefaultFileLockManager] Waiting to acquire shared lock on daemon addresses registry.
21:51:43.504 [DEBUG] [org.gradle.cache.internal.DefaultFileLockManager] Lock acquired on daemon addresses registry.
21:51:43.505 [DEBUG] [org.gradle.cache.internal.DefaultFileLockManager] Releasing lock on daemon addresses registry.
21:51:43.505 [DEBUG] [org.gradle.cache.internal.DefaultFileLockManager] Waiting to acquire shared lock on daemon addresses registry.
21:51:43.505 [DEBUG] [org.gradle.cache.internal.DefaultFileLockManager] Lock acquired on daemon addresses registry.
21:51:43.505 [DEBUG] [org.gradle.cache.internal.DefaultFileLockManager] Releasing lock on daemon addresses registry.
21:51:43.505 [DEBUG] [org.gradle.cache.internal.DefaultFileLockManager] Waiting to acquire shared lock on daemon addresses registry.
21:51:43.505 [DEBUG] [org.gradle.cache.internal.DefaultFileLockManager] Lock acquired on daemon addresses registry.
21:51:43.506 [DEBUG] [org.gradle.cache.internal.DefaultFileLockManager] Releasing lock on daemon addresses registry.
21:51:47.500 [DEBUG] [org.gradle.process.internal.health.memory.MemoryManager] Emitting OS memory status event {Total: 34212798464, Free: 14263877632}
21:51:47.500 [DEBUG] [org.gradle.launcher.daemon.server.health.LowMemoryDaemonExpirationStrategy] Received memory status update: {Total: 34212798464, Free: 14263877632}
21:51:47.500 [DEBUG] [org.gradle.process.internal.health.memory.MemoryManager] Emitting JVM memory status event {Maximum: 477626368, Committed: 343932928}
21:51:52.505 [DEBUG] [org.gradle.process.internal.health.memory.MemoryManager] Emitting OS memory status event {Total: 34212798464, Free: 14228623360}
21:51:52.505 [DEBUG] [org.gradle.launcher.daemon.server.health.LowMemoryDaemonExpirationStrategy] Received memory status update: {Total: 34212798464, Free: 14228623360}
21:51:52.505 [DEBUG] [org.gradle.process.internal.health.memory.MemoryManager] Emitting JVM memory status event {Maximum: 477626368, Committed: 343932928}
21:51:53.502 [DEBUG] [org.gradle.launcher.daemon.server.Daemon] DaemonExpirationPeriodicCheck running
21:51:53.503 [DEBUG] [org.gradle.cache.internal.DefaultFileLockManager] Waiting to acquire shared lock on daemon addresses registry.
21:51:53.503 [DEBUG] [org.gradle.cache.internal.DefaultFileLockManager] Lock acquired on daemon addresses registry.
21:51:53.503 [DEBUG] [org.gradle.cache.internal.DefaultFileLockManager] Releasing lock on daemon addresses registry.
21:51:53.504 [DEBUG] [org.gradle.cache.internal.DefaultFileLockManager] Waiting to acquire shared lock on daemon addresses registry.
21:51:53.504 [DEBUG] [org.gradle.cache.internal.DefaultFileLockManager] Lock acquired on daemon addresses registry.
21:51:53.504 [DEBUG] [org.gradle.cache.internal.DefaultFileLockManager] Releasing lock on daemon addresses registry.
21:51:53.504 [DEBUG] [org.gradle.cache.internal.DefaultFileLockManager] Waiting to acquire shared lock on daemon addresses registry.
21:51:53.505 [DEBUG] [org.gradle.cache.internal.DefaultFileLockManager] Lock acquired on daemon addresses registry.
21:51:53.505 [DEBUG] [org.gradle.cache.internal.DefaultFileLockManager] Releasing lock on daemon addresses registry.
21:51:57.505 [DEBUG] [org.gradle.process.internal.health.memory.MemoryManager] Emitting OS memory status event {Total: 34212798464, Free: 14245277696}
21:51:57.505 [DEBUG] [org.gradle.launcher.daemon.server.health.LowMemoryDaemonExpirationStrategy] Received memory status update: {Total: 34212798464, Free: 14245277696}
21:51:57.505 [DEBUG] [org.gradle.process.internal.health.memory.MemoryManager] Emitting JVM memory status event {Maximum: 477626368, Committed: 343932928}
21:52:02.510 [DEBUG] [org.gradle.process.internal.health.memory.MemoryManager] Emitting OS memory status event {Total: 34212798464, Free: 14252380160}
21:52:02.510 [DEBUG] [org.gradle.launcher.daemon.server.health.LowMemoryDaemonExpirationStrategy] Received memory status update: {Total: 34212798464, Free: 14252380160}
21:52:02.510 [DEBUG] [org.gradle.process.internal.health.memory.MemoryManager] Emitting JVM memory status event {Maximum: 477626368, Committed: 343932928}
21:52:03.502 [DEBUG] [org.gradle.launcher.daemon.server.Daemon] DaemonExpirationPeriodicCheck running
21:52:03.503 [DEBUG] [org.gradle.cache.internal.DefaultFileLockManager] Waiting to acquire shared lock on daemon addresses registry.
21:52:03.503 [DEBUG] [org.gradle.cache.internal.DefaultFileLockManager] Lock acquired on daemon addresses registry.
21:52:03.503 [DEBUG] [org.gradle.cache.internal.DefaultFileLockManager] Releasing lock on daemon addresses registry.
21:52:03.503 [DEBUG] [org.gradle.cache.internal.DefaultFileLockManager] Waiting to acquire shared lock on daemon addresses registry.
21:52:03.503 [DEBUG] [org.gradle.cache.internal.DefaultFileLockManager] Lock acquired on daemon addresses registry.
21:52:03.504 [DEBUG] [org.gradle.cache.internal.DefaultFileLockManager] Releasing lock on daemon addresses registry.
21:52:03.504 [DEBUG] [org.gradle.cache.internal.DefaultFileLockManager] Waiting to acquire shared lock on daemon addresses registry.
21:52:03.504 [DEBUG] [org.gradle.cache.internal.DefaultFileLockManager] Lock acquired on daemon addresses registry.
21:52:03.504 [DEBUG] [org.gradle.cache.internal.DefaultFileLockManager] Releasing lock on daemon addresses registry.
21:52:07.499 [DEBUG] [org.gradle.process.internal.health.memory.MemoryManager] Emitting OS memory status event {Total: 34212798464, Free: 14289616896}
21:52:07.499 [DEBUG] [org.gradle.launcher.daemon.server.health.LowMemoryDaemonExpirationStrategy] Received memory status update: {Total: 34212798464, Free: 14289616896}
21:52:07.499 [DEBUG] [org.gradle.process.internal.health.memory.MemoryManager] Emitting JVM memory status event {Maximum: 477626368, Committed: 343932928}
21:52:12.507 [DEBUG] [org.gradle.process.internal.health.memory.MemoryManager] Emitting OS memory status event {Total: 34212798464, Free: 14271451136}
21:52:12.507 [DEBUG] [org.gradle.launcher.daemon.server.health.LowMemoryDaemonExpirationStrategy] Received memory status update: {Total: 34212798464, Free: 14271451136}
21:52:12.507 [DEBUG] [org.gradle.process.internal.health.memory.MemoryManager] Emitting JVM memory status event {Maximum: 477626368, Committed: 343932928}
21:52:13.500 [DEBUG] [org.gradle.launcher.daemon.server.Daemon] DaemonExpirationPeriodicCheck running
21:52:13.500 [DEBUG] [org.gradle.cache.internal.DefaultFileLockManager] Waiting to acquire shared lock on daemon addresses registry.
21:52:13.501 [DEBUG] [org.gradle.cache.internal.DefaultFileLockManager] Lock acquired on daemon addresses registry.
21:52:13.501 [DEBUG] [org.gradle.cache.internal.DefaultFileLockManager] Releasing lock on daemon addresses registry.
21:52:13.501 [DEBUG] [org.gradle.cache.internal.DefaultFileLockManager] Waiting to acquire shared lock on daemon addresses registry.
21:52:13.501 [DEBUG] [org.gradle.cache.internal.DefaultFileLockManager] Lock acquired on daemon addresses registry.
21:52:13.501 [DEBUG] [org.gradle.cache.internal.DefaultFileLockManager] Releasing lock on daemon addresses registry.
21:52:13.502 [DEBUG] [org.gradle.cache.internal.DefaultFileLockManager] Waiting to acquire shared lock on daemon addresses registry.
21:52:13.502 [DEBUG] [org.gradle.cache.internal.DefaultFileLockManager] Lock acquired on daemon addresses registry.
21:52:13.502 [DEBUG] [org.gradle.cache.internal.DefaultFileLockManager] Releasing lock on daemon addresses registry.
21:52:17.500 [DEBUG] [org.gradle.process.internal.health.memory.MemoryManager] Emitting OS memory status event {Total: 34212798464, Free: 14291021824}
21:52:17.500 [DEBUG] [org.gradle.launcher.daemon.server.health.LowMemoryDaemonExpirationStrategy] Received memory status update: {Total: 34212798464, Free: 14291021824}
21:52:17.500 [DEBUG] [org.gradle.process.internal.health.memory.MemoryManager] Emitting JVM memory status event {Maximum: 477626368, Committed: 343932928}
21:52:22.508 [DEBUG] [org.gradle.process.internal.health.memory.MemoryManager] Emitting OS memory status event {Total: 34212798464, Free: 14309900288}
21:52:22.508 [DEBUG] [org.gradle.launcher.daemon.server.health.LowMemoryDaemonExpirationStrategy] Received memory status update: {Total: 34212798464, Free: 14309900288}
21:52:22.508 [DEBUG] [org.gradle.process.internal.health.memory.MemoryManager] Emitting JVM memory status event {Maximum: 477626368, Committed: 343932928}
21:52:23.501 [DEBUG] [org.gradle.launcher.daemon.server.Daemon] DaemonExpirationPeriodicCheck running
21:52:23.501 [DEBUG] [org.gradle.cache.internal.DefaultFileLockManager] Waiting to acquire shared lock on daemon addresses registry.
21:52:23.501 [DEBUG] [org.gradle.cache.internal.DefaultFileLockManager] Lock acquired on daemon addresses registry.
21:52:23.501 [DEBUG] [org.gradle.cache.internal.DefaultFileLockManager] Releasing lock on daemon addresses registry.
21:52:23.502 [DEBUG] [org.gradle.cache.internal.DefaultFileLockManager] Waiting to acquire shared lock on daemon addresses registry.
21:52:23.502 [DEBUG] [org.gradle.cache.internal.DefaultFileLockManager] Lock acquired on daemon addresses registry.
21:52:23.502 [DEBUG] [org.gradle.cache.internal.DefaultFileLockManager] Releasing lock on daemon addresses registry.
21:52:23.502 [DEBUG] [org.gradle.cache.internal.DefaultFileLockManager] Waiting to acquire shared lock on daemon addresses registry.
21:52:23.502 [DEBUG] [org.gradle.cache.internal.DefaultFileLockManager] Lock acquired on daemon addresses registry.
21:52:23.503 [DEBUG] [org.gradle.cache.internal.DefaultFileLockManager] Releasing lock on daemon addresses registry.
21:52:27.501 [DEBUG] [org.gradle.process.internal.health.memory.MemoryManager] Emitting OS memory status event {Total: 34212798464, Free: 14332751872}
21:52:27.501 [DEBUG] [org.gradle.launcher.daemon.server.health.LowMemoryDaemonExpirationStrategy] Received memory status update: {Total: 34212798464, Free: 14332751872}
21:52:27.501 [DEBUG] [org.gradle.process.internal.health.memory.MemoryManager] Emitting JVM memory status event {Maximum: 477626368, Committed: 343932928}
21:52:32.508 [DEBUG] [org.gradle.process.internal.health.memory.MemoryManager] Emitting OS memory status event {Total: 34212798464, Free: 14236188672}
21:52:32.508 [DEBUG] [org.gradle.launcher.daemon.server.health.LowMemoryDaemonExpirationStrategy] Received memory status update: {Total: 34212798464, Free: 14236188672}
21:52:32.508 [DEBUG] [org.gradle.process.internal.health.memory.MemoryManager] Emitting JVM memory status event {Maximum: 477626368, Committed: 343932928}
21:52:33.501 [DEBUG] [org.gradle.launcher.daemon.server.Daemon] DaemonExpirationPeriodicCheck running
21:52:33.502 [DEBUG] [org.gradle.cache.internal.DefaultFileLockManager] Waiting to acquire shared lock on daemon addresses registry.
21:52:33.502 [DEBUG] [org.gradle.cache.internal.DefaultFileLockManager] Lock acquired on daemon addresses registry.
21:52:33.502 [DEBUG] [org.gradle.cache.internal.DefaultFileLockManager] Releasing lock on daemon addresses registry.
21:52:33.502 [DEBUG] [org.gradle.cache.internal.DefaultFileLockManager] Waiting to acquire shared lock on daemon addresses registry.
21:52:33.502 [DEBUG] [org.gradle.cache.internal.DefaultFileLockManager] Lock acquired on daemon addresses registry.
21:52:33.503 [DEBUG] [org.gradle.cache.internal.DefaultFileLockManager] Releasing lock on daemon addresses registry.
21:52:33.503 [DEBUG] [org.gradle.cache.internal.DefaultFileLockManager] Waiting to acquire shared lock on daemon addresses registry.
21:52:33.503 [DEBUG] [org.gradle.cache.internal.DefaultFileLockManager] Lock acquired on daemon addresses registry.
21:52:33.503 [DEBUG] [org.gradle.cache.internal.DefaultFileLockManager] Releasing lock on daemon addresses registry.
21:52:37.505 [DEBUG] [org.gradle.process.internal.health.memory.MemoryManager] Emitting OS memory status event {Total: 34212798464, Free: 14147530752}
21:52:37.505 [DEBUG] [org.gradle.launcher.daemon.server.health.LowMemoryDaemonExpirationStrategy] Received memory status update: {Total: 34212798464, Free: 14147530752}
21:52:37.505 [DEBUG] [org.gradle.process.internal.health.memory.MemoryManager] Emitting JVM memory status event {Maximum: 477626368, Committed: 343932928}
21:52:42.507 [DEBUG] [org.gradle.process.internal.health.memory.MemoryManager] Emitting OS memory status event {Total: 34212798464, Free: 14111641600}
21:52:42.507 [DEBUG] [org.gradle.launcher.daemon.server.health.LowMemoryDaemonExpirationStrategy] Received memory status update: {Total: 34212798464, Free: 14111641600}
21:52:42.507 [DEBUG] [org.gradle.process.internal.health.memory.MemoryManager] Emitting JVM memory status event {Maximum: 477626368, Committed: 343932928}
21:52:43.500 [DEBUG] [org.gradle.launcher.daemon.server.Daemon] DaemonExpirationPeriodicCheck running
21:52:43.500 [DEBUG] [org.gradle.cache.internal.DefaultFileLockManager] Waiting to acquire shared lock on daemon addresses registry.
21:52:43.501 [DEBUG] [org.gradle.cache.internal.DefaultFileLockManager] Lock acquired on daemon addresses registry.
21:52:43.501 [DEBUG] [org.gradle.cache.internal.DefaultFileLockManager] Releasing lock on daemon addresses registry.
21:52:43.501 [DEBUG] [org.gradle.cache.internal.DefaultFileLockManager] Waiting to acquire shared lock on daemon addresses registry.
21:52:43.501 [DEBUG] [org.gradle.cache.internal.DefaultFileLockManager] Lock acquired on daemon addresses registry.
21:52:43.501 [DEBUG] [org.gradle.cache.internal.DefaultFileLockManager] Releasing lock on daemon addresses registry.
21:52:43.502 [DEBUG] [org.gradle.cache.internal.DefaultFileLockManager] Waiting to acquire shared lock on daemon addresses registry.
21:52:43.502 [DEBUG] [org.gradle.cache.internal.DefaultFileLockManager] Lock acquired on daemon addresses registry.
21:52:43.502 [DEBUG] [org.gradle.cache.internal.DefaultFileLockManager] Releasing lock on daemon addresses registry.
21:52:47.498 [DEBUG] [org.gradle.process.internal.health.memory.MemoryManager] Emitting OS memory status event {Total: 34212798464, Free: 14151938048}
21:52:47.498 [DEBUG] [org.gradle.launcher.daemon.server.health.LowMemoryDaemonExpirationStrategy] Received memory status update: {Total: 34212798464, Free: 14151938048}
21:52:47.498 [DEBUG] [org.gradle.process.internal.health.memory.MemoryManager] Emitting JVM memory status event {Maximum: 477626368, Committed: 343932928}
21:52:52.508 [DEBUG] [org.gradle.process.internal.health.memory.MemoryManager] Emitting OS memory status event {Total: 34212798464, Free: 14162190336}
21:52:52.509 [DEBUG] [org.gradle.launcher.daemon.server.health.LowMemoryDaemonExpirationStrategy] Received memory status update: {Total: 34212798464, Free: 14162190336}
21:52:52.509 [DEBUG] [org.gradle.process.internal.health.memory.MemoryManager] Emitting JVM memory status event {Maximum: 477626368, Committed: 343932928}
21:52:53.503 [DEBUG] [org.gradle.launcher.daemon.server.Daemon] DaemonExpirationPeriodicCheck running
21:52:53.503 [DEBUG] [org.gradle.cache.internal.DefaultFileLockManager] Waiting to acquire shared lock on daemon addresses registry.
21:52:53.503 [DEBUG] [org.gradle.cache.internal.DefaultFileLockManager] Lock acquired on daemon addresses registry.
21:52:53.503 [DEBUG] [org.gradle.cache.internal.DefaultFileLockManager] Releasing lock on daemon addresses registry.
21:52:53.504 [DEBUG] [org.gradle.cache.internal.DefaultFileLockManager] Waiting to acquire shared lock on daemon addresses registry.
21:52:53.504 [DEBUG] [org.gradle.cache.internal.DefaultFileLockManager] Lock acquired on daemon addresses registry.
21:52:53.504 [DEBUG] [org.gradle.cache.internal.DefaultFileLockManager] Releasing lock on daemon addresses registry.
21:52:53.504 [DEBUG] [org.gradle.cache.internal.DefaultFileLockManager] Waiting to acquire shared lock on daemon addresses registry.
21:52:53.504 [DEBUG] [org.gradle.cache.internal.DefaultFileLockManager] Lock acquired on daemon addresses registry.
21:52:53.504 [DEBUG] [org.gradle.cache.internal.DefaultFileLockManager] Releasing lock on daemon addresses registry.
21:52:57.501 [DEBUG] [org.gradle.process.internal.health.memory.MemoryManager] Emitting OS memory status event {Total: 34212798464, Free: 14427013120}
21:52:57.501 [DEBUG] [org.gradle.launcher.daemon.server.health.LowMemoryDaemonExpirationStrategy] Received memory status update: {Total: 34212798464, Free: 14427013120}
21:52:57.501 [DEBUG] [org.gradle.process.internal.health.memory.MemoryManager] Emitting JVM memory status event {Maximum: 477626368, Committed: 343932928}
21:53:02.500 [DEBUG] [org.gradle.process.internal.health.memory.MemoryManager] Emitting OS memory status event {Total: 34212798464, Free: 14410555392}
21:53:02.500 [DEBUG] [org.gradle.launcher.daemon.server.health.LowMemoryDaemonExpirationStrategy] Received memory status update: {Total: 34212798464, Free: 14410555392}
21:53:02.500 [DEBUG] [org.gradle.process.internal.health.memory.MemoryManager] Emitting JVM memory status event {Maximum: 477626368, Committed: 343932928}
21:53:03.497 [DEBUG] [org.gradle.launcher.daemon.server.Daemon] DaemonExpirationPeriodicCheck running
21:53:03.498 [DEBUG] [org.gradle.cache.internal.DefaultFileLockManager] Waiting to acquire shared lock on daemon addresses registry.
21:53:03.498 [DEBUG] [org.gradle.cache.internal.DefaultFileLockManager] Lock acquired on daemon addresses registry.
21:53:03.498 [DEBUG] [org.gradle.cache.internal.DefaultFileLockManager] Releasing lock on daemon addresses registry.
21:53:03.498 [DEBUG] [org.gradle.cache.internal.DefaultFileLockManager] Waiting to acquire shared lock on daemon addresses registry.
21:53:03.499 [DEBUG] [org.gradle.cache.internal.DefaultFileLockManager] Lock acquired on daemon addresses registry.
21:53:03.499 [DEBUG] [org.gradle.cache.internal.DefaultFileLockManager] Releasing lock on daemon addresses registry.
21:53:03.499 [DEBUG] [org.gradle.cache.internal.DefaultFileLockManager] Waiting to acquire shared lock on daemon addresses registry.
21:53:03.499 [DEBUG] [org.gradle.cache.internal.DefaultFileLockManager] Lock acquired on daemon addresses registry.
21:53:03.499 [DEBUG] [org.gradle.cache.internal.DefaultFileLockManager] Releasing lock on daemon addresses registry.
21:53:07.497 [DEBUG] [org.gradle.process.internal.health.memory.MemoryManager] Emitting OS memory status event {Total: 34212798464, Free: 14393393152}
21:53:07.498 [DEBUG] [org.gradle.launcher.daemon.server.health.LowMemoryDaemonExpirationStrategy] Received memory status update: {Total: 34212798464, Free: 14393393152}
21:53:07.498 [DEBUG] [org.gradle.process.internal.health.memory.MemoryManager] Emitting JVM memory status event {Maximum: 477626368, Committed: 343932928}
21:53:12.500 [DEBUG] [org.gradle.process.internal.health.memory.MemoryManager] Emitting OS memory status event {Total: 34212798464, Free: 14383222784}
21:53:12.500 [DEBUG] [org.gradle.launcher.daemon.server.health.LowMemoryDaemonExpirationStrategy] Received memory status update: {Total: 34212798464, Free: 14383222784}
21:53:12.500 [DEBUG] [org.gradle.process.internal.health.memory.MemoryManager] Emitting JVM memory status event {Maximum: 477626368, Committed: 343932928}
21:53:13.508 [DEBUG] [org.gradle.launcher.daemon.server.Daemon] DaemonExpirationPeriodicCheck running
21:53:13.508 [DEBUG] [org.gradle.cache.internal.DefaultFileLockManager] Waiting to acquire shared lock on daemon addresses registry.
21:53:13.508 [DEBUG] [org.gradle.cache.internal.DefaultFileLockManager] Lock acquired on daemon addresses registry.
21:53:13.509 [DEBUG] [org.gradle.cache.internal.DefaultFileLockManager] Releasing lock on daemon addresses registry.
21:53:13.509 [DEBUG] [org.gradle.cache.internal.DefaultFileLockManager] Waiting to acquire shared lock on daemon addresses registry.
21:53:13.509 [DEBUG] [org.gradle.cache.internal.DefaultFileLockManager] Lock acquired on daemon addresses registry.
21:53:13.509 [DEBUG] [org.gradle.cache.internal.DefaultFileLockManager] Releasing lock on daemon addresses registry.
21:53:13.510 [DEBUG] [org.gradle.cache.internal.DefaultFileLockManager] Waiting to acquire shared lock on daemon addresses registry.
21:53:13.510 [DEBUG] [org.gradle.cache.internal.DefaultFileLockManager] Lock acquired on daemon addresses registry.
21:53:13.510 [DEBUG] [org.gradle.cache.internal.DefaultFileLockManager] Releasing lock on daemon addresses registry.
21:53:17.509 [DEBUG] [org.gradle.process.internal.health.memory.MemoryManager] Emitting OS memory status event {Total: 34212798464, Free: 14377332736}
21:53:17.509 [DEBUG] [org.gradle.launcher.daemon.server.health.LowMemoryDaemonExpirationStrategy] Received memory status update: {Total: 34212798464, Free: 14377332736}
21:53:17.509 [DEBUG] [org.gradle.process.internal.health.memory.MemoryManager] Emitting JVM memory status event {Maximum: 477626368, Committed: 343932928}
21:53:22.499 [DEBUG] [org.gradle.process.internal.health.memory.MemoryManager] Emitting OS memory status event {Total: 34212798464, Free: 14308134912}
21:53:22.499 [DEBUG] [org.gradle.launcher.daemon.server.health.LowMemoryDaemonExpirationStrategy] Received memory status update: {Total: 34212798464, Free: 14308134912}
21:53:22.500 [DEBUG] [org.gradle.process.internal.health.memory.MemoryManager] Emitting JVM memory status event {Maximum: 477626368, Committed: 343932928}
21:53:23.495 [DEBUG] [org.gradle.launcher.daemon.server.Daemon] DaemonExpirationPeriodicCheck running
21:53:23.496 [DEBUG] [org.gradle.cache.internal.DefaultFileLockManager] Waiting to acquire shared lock on daemon addresses registry.
21:53:23.496 [DEBUG] [org.gradle.cache.internal.DefaultFileLockManager] Lock acquired on daemon addresses registry.
21:53:23.496 [DEBUG] [org.gradle.cache.internal.DefaultFileLockManager] Releasing lock on daemon addresses registry.
21:53:23.496 [DEBUG] [org.gradle.cache.internal.DefaultFileLockManager] Waiting to acquire shared lock on daemon addresses registry.
21:53:23.496 [DEBUG] [org.gradle.cache.internal.DefaultFileLockManager] Lock acquired on daemon addresses registry.
21:53:23.496 [DEBUG] [org.gradle.cache.internal.DefaultFileLockManager] Releasing lock on daemon addresses registry.
21:53:23.497 [DEBUG] [org.gradle.cache.internal.DefaultFileLockManager] Waiting to acquire shared lock on daemon addresses registry.
21:53:23.497 [DEBUG] [org.gradle.cache.internal.DefaultFileLockManager] Lock acquired on daemon addresses registry.
21:53:23.497 [DEBUG] [org.gradle.cache.internal.DefaultFileLockManager] Releasing lock on daemon addresses registry.
21:53:27.499 [DEBUG] [org.gradle.process.internal.health.memory.MemoryManager] Emitting OS memory status event {Total: 34212798464, Free: 14264737792}
21:53:27.499 [DEBUG] [org.gradle.launcher.daemon.server.health.LowMemoryDaemonExpirationStrategy] Received memory status update: {Total: 34212798464, Free: 14264737792}
21:53:27.499 [DEBUG] [org.gradle.process.internal.health.memory.MemoryManager] Emitting JVM memory status event {Maximum: 477626368, Committed: 343932928}
21:53:32.506 [DEBUG] [org.gradle.process.internal.health.memory.MemoryManager] Emitting OS memory status event {Total: 34212798464, Free: 14171230208}
21:53:32.506 [DEBUG] [org.gradle.launcher.daemon.server.health.LowMemoryDaemonExpirationStrategy] Received memory status update: {Total: 34212798464, Free: 14171230208}
21:53:32.506 [DEBUG] [org.gradle.process.internal.health.memory.MemoryManager] Emitting JVM memory status event {Maximum: 477626368, Committed: 343932928}
21:53:33.494 [DEBUG] [org.gradle.launcher.daemon.server.Daemon] DaemonExpirationPeriodicCheck running
21:53:33.495 [DEBUG] [org.gradle.cache.internal.DefaultFileLockManager] Waiting to acquire shared lock on daemon addresses registry.
21:53:33.495 [DEBUG] [org.gradle.cache.internal.DefaultFileLockManager] Lock acquired on daemon addresses registry.
21:53:33.495 [DEBUG] [org.gradle.cache.internal.DefaultFileLockManager] Releasing lock on daemon addresses registry.
21:53:33.495 [DEBUG] [org.gradle.cache.internal.DefaultFileLockManager] Waiting to acquire shared lock on daemon addresses registry.
21:53:33.495 [DEBUG] [org.gradle.cache.internal.DefaultFileLockManager] Lock acquired on daemon addresses registry.
21:53:33.496 [DEBUG] [org.gradle.cache.internal.DefaultFileLockManager] Releasing lock on daemon addresses registry.
21:53:33.496 [DEBUG] [org.gradle.cache.internal.DefaultFileLockManager] Waiting to acquire shared lock on daemon addresses registry.
21:53:33.496 [DEBUG] [org.gradle.cache.internal.DefaultFileLockManager] Lock acquired on daemon addresses registry.
21:53:33.496 [DEBUG] [org.gradle.cache.internal.DefaultFileLockManager] Releasing lock on daemon addresses registry.
21:53:37.498 [DEBUG] [org.gradle.process.internal.health.memory.MemoryManager] Emitting OS memory status event {Total: 34212798464, Free: 14205149184}
21:53:37.498 [DEBUG] [org.gradle.launcher.daemon.server.health.LowMemoryDaemonExpirationStrategy] Received memory status update: {Total: 34212798464, Free: 14205149184}
21:53:37.498 [DEBUG] [org.gradle.process.internal.health.memory.MemoryManager] Emitting JVM memory status event {Maximum: 477626368, Committed: 343932928}
21:53:42.506 [DEBUG] [org.gradle.process.internal.health.memory.MemoryManager] Emitting OS memory status event {Total: 34212798464, Free: 14220627968}
21:53:42.506 [DEBUG] [org.gradle.launcher.daemon.server.health.LowMemoryDaemonExpirationStrategy] Received memory status update: {Total: 34212798464, Free: 14220627968}
21:53:42.506 [DEBUG] [org.gradle.process.internal.health.memory.MemoryManager] Emitting JVM memory status event {Maximum: 477626368, Committed: 343932928}
21:53:43.499 [DEBUG] [org.gradle.launcher.daemon.server.Daemon] DaemonExpirationPeriodicCheck running
21:53:43.499 [DEBUG] [org.gradle.cache.internal.DefaultFileLockManager] Waiting to acquire shared lock on daemon addresses registry.
21:53:43.499 [DEBUG] [org.gradle.cache.internal.DefaultFileLockManager] Lock acquired on daemon addresses registry.
21:53:43.500 [DEBUG] [org.gradle.cache.internal.DefaultFileLockManager] Releasing lock on daemon addresses registry.
21:53:43.500 [DEBUG] [org.gradle.cache.internal.DefaultFileLockManager] Waiting to acquire shared lock on daemon addresses registry.
21:53:43.500 [DEBUG] [org.gradle.cache.internal.DefaultFileLockManager] Lock acquired on daemon addresses registry.
21:53:43.500 [DEBUG] [org.gradle.cache.internal.DefaultFileLockManager] Releasing lock on daemon addresses registry.
21:53:43.500 [DEBUG] [org.gradle.cache.internal.DefaultFileLockManager] Waiting to acquire shared lock on daemon addresses registry.
21:53:43.500 [DEBUG] [org.gradle.cache.internal.DefaultFileLockManager] Lock acquired on daemon addresses registry.
21:53:43.501 [DEBUG] [org.gradle.cache.internal.DefaultFileLockManager] Releasing lock on daemon addresses registry.
21:53:47.500 [DEBUG] [org.gradle.process.internal.health.memory.MemoryManager] Emitting OS memory status event {Total: 34212798464, Free: 14227050496}
21:53:47.501 [DEBUG] [org.gradle.launcher.daemon.server.health.LowMemoryDaemonExpirationStrategy] Received memory status update: {Total: 34212798464, Free: 14227050496}
21:53:47.501 [DEBUG] [org.gradle.process.internal.health.memory.MemoryManager] Emitting JVM memory status event {Maximum: 477626368, Committed: 343932928}
21:53:52.500 [DEBUG] [org.gradle.process.internal.health.memory.MemoryManager] Emitting OS memory status event {Total: 34212798464, Free: 14219722752}
21:53:52.500 [DEBUG] [org.gradle.launcher.daemon.server.health.LowMemoryDaemonExpirationStrategy] Received memory status update: {Total: 34212798464, Free: 14219722752}
21:53:52.500 [DEBUG] [org.gradle.process.internal.health.memory.MemoryManager] Emitting JVM memory status event {Maximum: 477626368, Committed: 343932928}
21:53:53.496 [DEBUG] [org.gradle.launcher.daemon.server.Daemon] DaemonExpirationPeriodicCheck running
21:53:53.496 [DEBUG] [org.gradle.cache.internal.DefaultFileLockManager] Waiting to acquire shared lock on daemon addresses registry.
21:53:53.497 [DEBUG] [org.gradle.cache.internal.DefaultFileLockManager] Lock acquired on daemon addresses registry.
21:53:53.497 [DEBUG] [org.gradle.cache.internal.DefaultFileLockManager] Releasing lock on daemon addresses registry.
21:53:53.497 [DEBUG] [org.gradle.cache.internal.DefaultFileLockManager] Waiting to acquire shared lock on daemon addresses registry.
21:53:53.497 [DEBUG] [org.gradle.cache.internal.DefaultFileLockManager] Lock acquired on daemon addresses registry.
21:53:53.498 [DEBUG] [org.gradle.cache.internal.DefaultFileLockManager] Releasing lock on daemon addresses registry.
21:53:53.498 [DEBUG] [org.gradle.cache.internal.DefaultFileLockManager] Waiting to acquire shared lock on daemon addresses registry.
21:53:53.498 [DEBUG] [org.gradle.cache.internal.DefaultFileLockManager] Lock acquired on daemon addresses registry.
21:53:53.498 [DEBUG] [org.gradle.cache.internal.DefaultFileLockManager] Releasing lock on daemon addresses registry.
21:53:57.503 [DEBUG] [org.gradle.process.internal.health.memory.MemoryManager] Emitting OS memory status event {Total: 34212798464, Free: 14259142656}
21:53:57.503 [DEBUG] [org.gradle.launcher.daemon.server.health.LowMemoryDaemonExpirationStrategy] Received memory status update: {Total: 34212798464, Free: 14259142656}
21:53:57.503 [DEBUG] [org.gradle.process.internal.health.memory.MemoryManager] Emitting JVM memory status event {Maximum: 477626368, Committed: 343932928}
21:54:02.500 [DEBUG] [org.gradle.process.internal.health.memory.MemoryManager] Emitting OS memory status event {Total: 34212798464, Free: 14251425792}
21:54:02.500 [DEBUG] [org.gradle.launcher.daemon.server.health.LowMemoryDaemonExpirationStrategy] Received memory status update: {Total: 34212798464, Free: 14251425792}
21:54:02.500 [DEBUG] [org.gradle.process.internal.health.memory.MemoryManager] Emitting JVM memory status event {Maximum: 477626368, Committed: 343932928}
21:54:03.494 [DEBUG] [org.gradle.launcher.daemon.server.Daemon] DaemonExpirationPeriodicCheck running
21:54:03.495 [DEBUG] [org.gradle.cache.internal.DefaultFileLockManager] Waiting to acquire shared lock on daemon addresses registry.
21:54:03.495 [DEBUG] [org.gradle.cache.internal.DefaultFileLockManager] Lock acquired on daemon addresses registry.
21:54:03.495 [DEBUG] [org.gradle.cache.internal.DefaultFileLockManager] Releasing lock on daemon addresses registry.
21:54:03.496 [DEBUG] [org.gradle.cache.internal.DefaultFileLockManager] Waiting to acquire shared lock on daemon addresses registry.
21:54:03.496 [DEBUG] [org.gradle.cache.internal.DefaultFileLockManager] Lock acquired on daemon addresses registry.
21:54:03.496 [DEBUG] [org.gradle.cache.internal.DefaultFileLockManager] Releasing lock on daemon addresses registry.
21:54:03.496 [DEBUG] [org.gradle.cache.internal.DefaultFileLockManager] Waiting to acquire shared lock on daemon addresses registry.
21:54:03.496 [DEBUG] [org.gradle.cache.internal.DefaultFileLockManager] Lock acquired on daemon addresses registry.
21:54:03.496 [DEBUG] [org.gradle.cache.internal.DefaultFileLockManager] Releasing lock on daemon addresses registry.
21:54:07.507 [DEBUG] [org.gradle.process.internal.health.memory.MemoryManager] Emitting OS memory status event {Total: 34212798464, Free: 14070263808}
21:54:07.507 [DEBUG] [org.gradle.launcher.daemon.server.health.LowMemoryDaemonExpirationStrategy] Received memory status update: {Total: 34212798464, Free: 14070263808}
21:54:07.507 [DEBUG] [org.gradle.process.internal.health.memory.MemoryManager] Emitting JVM memory status event {Maximum: 477626368, Committed: 343932928}
21:54:12.507 [DEBUG] [org.gradle.process.internal.health.memory.MemoryManager] Emitting OS memory status event {Total: 34212798464, Free: 14015709184}
21:54:12.508 [DEBUG] [org.gradle.launcher.daemon.server.health.LowMemoryDaemonExpirationStrategy] Received memory status update: {Total: 34212798464, Free: 14015709184}
21:54:12.508 [DEBUG] [org.gradle.process.internal.health.memory.MemoryManager] Emitting JVM memory status event {Maximum: 477626368, Committed: 343932928}
21:54:13.506 [DEBUG] [org.gradle.launcher.daemon.server.Daemon] DaemonExpirationPeriodicCheck running
21:54:13.506 [DEBUG] [org.gradle.cache.internal.DefaultFileLockManager] Waiting to acquire shared lock on daemon addresses registry.
21:54:13.506 [DEBUG] [org.gradle.cache.internal.DefaultFileLockManager] Lock acquired on daemon addresses registry.
21:54:13.506 [DEBUG] [org.gradle.cache.internal.DefaultFileLockManager] Releasing lock on daemon addresses registry.
21:54:13.507 [DEBUG] [org.gradle.cache.internal.DefaultFileLockManager] Waiting to acquire shared lock on daemon addresses registry.
21:54:13.507 [DEBUG] [org.gradle.cache.internal.DefaultFileLockManager] Lock acquired on daemon addresses registry.
21:54:13.507 [DEBUG] [org.gradle.cache.internal.DefaultFileLockManager] Releasing lock on daemon addresses registry.
21:54:13.507 [DEBUG] [org.gradle.cache.internal.DefaultFileLockManager] Waiting to acquire shared lock on daemon addresses registry.
21:54:13.507 [DEBUG] [org.gradle.cache.internal.DefaultFileLockManager] Lock acquired on daemon addresses registry.
21:54:13.507 [DEBUG] [org.gradle.cache.internal.DefaultFileLockManager] Releasing lock on daemon addresses registry.
21:54:17.508 [DEBUG] [org.gradle.process.internal.health.memory.MemoryManager] Emitting OS memory status event {Total: 34212798464, Free: 14035283968}
21:54:17.508 [DEBUG] [org.gradle.launcher.daemon.server.health.LowMemoryDaemonExpirationStrategy] Received memory status update: {Total: 34212798464, Free: 14035283968}
21:54:17.508 [DEBUG] [org.gradle.process.internal.health.memory.MemoryManager] Emitting JVM memory status event {Maximum: 477626368, Committed: 343932928}
21:54:22.505 [DEBUG] [org.gradle.process.internal.health.memory.MemoryManager] Emitting OS memory status event {Total: 34212798464, Free: 14027042816}
21:54:22.505 [DEBUG] [org.gradle.launcher.daemon.server.health.LowMemoryDaemonExpirationStrategy] Received memory status update: {Total: 34212798464, Free: 14027042816}
21:54:22.505 [DEBUG] [org.gradle.process.internal.health.memory.MemoryManager] Emitting JVM memory status event {Maximum: 477626368, Committed: 343932928}
21:54:23.498 [DEBUG] [org.gradle.launcher.daemon.server.Daemon] DaemonExpirationPeriodicCheck running
21:54:23.499 [DEBUG] [org.gradle.cache.internal.DefaultFileLockManager] Waiting to acquire shared lock on daemon addresses registry.
21:54:23.499 [DEBUG] [org.gradle.cache.internal.DefaultFileLockManager] Lock acquired on daemon addresses registry.
21:54:23.499 [DEBUG] [org.gradle.cache.internal.DefaultFileLockManager] Releasing lock on daemon addresses registry.
21:54:23.499 [DEBUG] [org.gradle.cache.internal.DefaultFileLockManager] Waiting to acquire shared lock on daemon addresses registry.
21:54:23.499 [DEBUG] [org.gradle.cache.internal.DefaultFileLockManager] Lock acquired on daemon addresses registry.
21:54:23.500 [DEBUG] [org.gradle.cache.internal.DefaultFileLockManager] Releasing lock on daemon addresses registry.
21:54:23.500 [DEBUG] [org.gradle.cache.internal.DefaultFileLockManager] Waiting to acquire shared lock on daemon addresses registry.
21:54:23.500 [DEBUG] [org.gradle.cache.internal.DefaultFileLockManager] Lock acquired on daemon addresses registry.
21:54:23.500 [DEBUG] [org.gradle.cache.internal.DefaultFileLockManager] Releasing lock on daemon addresses registry.
21:54:27.501 [DEBUG] [org.gradle.process.internal.health.memory.MemoryManager] Emitting OS memory status event {Total: 34212798464, Free: 14024130560}
21:54:27.501 [DEBUG] [org.gradle.launcher.daemon.server.health.LowMemoryDaemonExpirationStrategy] Received memory status update: {Total: 34212798464, Free: 14024130560}
21:54:27.501 [DEBUG] [org.gradle.process.internal.health.memory.MemoryManager] Emitting JVM memory status event {Maximum: 477626368, Committed: 343932928}
21:54:32.507 [DEBUG] [org.gradle.process.internal.health.memory.MemoryManager] Emitting OS memory status event {Total: 34212798464, Free: 14012608512}
21:54:32.508 [DEBUG] [org.gradle.launcher.daemon.server.health.LowMemoryDaemonExpirationStrategy] Received memory status update: {Total: 34212798464, Free: 14012608512}
21:54:32.508 [DEBUG] [org.gradle.process.internal.health.memory.MemoryManager] Emitting JVM memory status event {Maximum: 477626368, Committed: 343932928}
21:54:33.500 [DEBUG] [org.gradle.launcher.daemon.server.Daemon] DaemonExpirationPeriodicCheck running
21:54:33.500 [DEBUG] [org.gradle.cache.internal.DefaultFileLockManager] Waiting to acquire shared lock on daemon addresses registry.
21:54:33.501 [DEBUG] [org.gradle.cache.internal.DefaultFileLockManager] Lock acquired on daemon addresses registry.
21:54:33.501 [DEBUG] [org.gradle.cache.internal.DefaultFileLockManager] Releasing lock on daemon addresses registry.
21:54:33.501 [DEBUG] [org.gradle.cache.internal.DefaultFileLockManager] Waiting to acquire shared lock on daemon addresses registry.
21:54:33.502 [DEBUG] [org.gradle.cache.internal.DefaultFileLockManager] Lock acquired on daemon addresses registry.
21:54:33.502 [DEBUG] [org.gradle.cache.internal.DefaultFileLockManager] Releasing lock on daemon addresses registry.
21:54:33.502 [DEBUG] [org.gradle.cache.internal.DefaultFileLockManager] Waiting to acquire shared lock on daemon addresses registry.
21:54:33.502 [DEBUG] [org.gradle.cache.internal.DefaultFileLockManager] Lock acquired on daemon addresses registry.
21:54:33.503 [DEBUG] [org.gradle.cache.internal.DefaultFileLockManager] Releasing lock on daemon addresses registry.
21:54:37.498 [DEBUG] [org.gradle.process.internal.health.memory.MemoryManager] Emitting OS memory status event {Total: 34212798464, Free: 14010191872}
21:54:37.498 [DEBUG] [org.gradle.launcher.daemon.server.health.LowMemoryDaemonExpirationStrategy] Received memory status update: {Total: 34212798464, Free: 14010191872}
21:54:37.498 [DEBUG] [org.gradle.process.internal.health.memory.MemoryManager] Emitting JVM memory status event {Maximum: 477626368, Committed: 343932928}
21:54:42.505 [DEBUG] [org.gradle.process.internal.health.memory.MemoryManager] Emitting OS memory status event {Total: 34212798464, Free: 13816180736}
21:54:42.505 [DEBUG] [org.gradle.launcher.daemon.server.health.LowMemoryDaemonExpirationStrategy] Received memory status update: {Total: 34212798464, Free: 13816180736}
21:54:42.505 [DEBUG] [org.gradle.process.internal.health.memory.MemoryManager] Emitting JVM memory status event {Maximum: 477626368, Committed: 343932928}
21:54:43.498 [DEBUG] [org.gradle.launcher.daemon.server.Daemon] DaemonExpirationPeriodicCheck running
21:54:43.499 [DEBUG] [org.gradle.cache.internal.DefaultFileLockManager] Waiting to acquire shared lock on daemon addresses registry.
21:54:43.499 [DEBUG] [org.gradle.cache.internal.DefaultFileLockManager] Lock acquired on daemon addresses registry.
21:54:43.499 [DEBUG] [org.gradle.cache.internal.DefaultFileLockManager] Releasing lock on daemon addresses registry.
21:54:43.500 [DEBUG] [org.gradle.cache.internal.DefaultFileLockManager] Waiting to acquire shared lock on daemon addresses registry.
21:54:43.500 [DEBUG] [org.gradle.cache.internal.DefaultFileLockManager] Lock acquired on daemon addresses registry.
21:54:43.500 [DEBUG] [org.gradle.cache.internal.DefaultFileLockManager] Releasing lock on daemon addresses registry.
21:54:43.500 [DEBUG] [org.gradle.cache.internal.DefaultFileLockManager] Waiting to acquire shared lock on daemon addresses registry.
21:54:43.500 [DEBUG] [org.gradle.cache.internal.DefaultFileLockManager] Lock acquired on daemon addresses registry.
21:54:43.501 [DEBUG] [org.gradle.cache.internal.DefaultFileLockManager] Releasing lock on daemon addresses registry.
21:54:47.503 [DEBUG] [org.gradle.process.internal.health.memory.MemoryManager] Emitting OS memory status event {Total: 34212798464, Free: 13777399808}
21:54:47.503 [DEBUG] [org.gradle.launcher.daemon.server.health.LowMemoryDaemonExpirationStrategy] Received memory status update: {Total: 34212798464, Free: 13777399808}
21:54:47.503 [DEBUG] [org.gradle.process.internal.health.memory.MemoryManager] Emitting JVM memory status event {Maximum: 477626368, Committed: 343932928}
21:54:52.504 [DEBUG] [org.gradle.process.internal.health.memory.MemoryManager] Emitting OS memory status event {Total: 34212798464, Free: 13946814464}
21:54:52.504 [DEBUG] [org.gradle.launcher.daemon.server.health.LowMemoryDaemonExpirationStrategy] Received memory status update: {Total: 34212798464, Free: 13946814464}
21:54:52.504 [DEBUG] [org.gradle.process.internal.health.memory.MemoryManager] Emitting JVM memory status event {Maximum: 477626368, Committed: 343932928}
21:54:53.496 [DEBUG] [org.gradle.launcher.daemon.server.Daemon] DaemonExpirationPeriodicCheck running
21:54:53.496 [DEBUG] [org.gradle.cache.internal.DefaultFileLockManager] Waiting to acquire shared lock on daemon addresses registry.
21:54:53.497 [DEBUG] [org.gradle.cache.internal.DefaultFileLockManager] Lock acquired on daemon addresses registry.
21:54:53.497 [DEBUG] [org.gradle.cache.internal.DefaultFileLockManager] Releasing lock on daemon addresses registry.
21:54:53.497 [DEBUG] [org.gradle.cache.internal.DefaultFileLockManager] Waiting to acquire shared lock on daemon addresses registry.
21:54:53.497 [DEBUG] [org.gradle.cache.internal.DefaultFileLockManager] Lock acquired on daemon addresses registry.
21:54:53.497 [DEBUG] [org.gradle.cache.internal.DefaultFileLockManager] Releasing lock on daemon addresses registry.
21:54:53.498 [DEBUG] [org.gradle.cache.internal.DefaultFileLockManager] Waiting to acquire shared lock on daemon addresses registry.
21:54:53.498 [DEBUG] [org.gradle.cache.internal.DefaultFileLockManager] Lock acquired on daemon addresses registry.
21:54:53.498 [DEBUG] [org.gradle.cache.internal.DefaultFileLockManager] Releasing lock on daemon addresses registry.
21:54:57.496 [DEBUG] [org.gradle.process.internal.health.memory.MemoryManager] Emitting OS memory status event {Total: 34212798464, Free: 13703057408}
21:54:57.496 [DEBUG] [org.gradle.launcher.daemon.server.health.LowMemoryDaemonExpirationStrategy] Received memory status update: {Total: 34212798464, Free: 13703057408}
21:54:57.496 [DEBUG] [org.gradle.process.internal.health.memory.MemoryManager] Emitting JVM memory status event {Maximum: 477626368, Committed: 343932928}
21:55:02.496 [DEBUG] [org.gradle.process.internal.health.memory.MemoryManager] Emitting OS memory status event {Total: 34212798464, Free: 13858508800}
21:55:02.496 [DEBUG] [org.gradle.launcher.daemon.server.health.LowMemoryDaemonExpirationStrategy] Received memory status update: {Total: 34212798464, Free: 13858508800}
21:55:02.496 [DEBUG] [org.gradle.process.internal.health.memory.MemoryManager] Emitting JVM memory status event {Maximum: 477626368, Committed: 343932928}
21:55:03.499 [DEBUG] [org.gradle.launcher.daemon.server.Daemon] DaemonExpirationPeriodicCheck running
21:55:03.499 [DEBUG] [org.gradle.cache.internal.DefaultFileLockManager] Waiting to acquire shared lock on daemon addresses registry.
21:55:03.500 [DEBUG] [org.gradle.cache.internal.DefaultFileLockManager] Lock acquired on daemon addresses registry.
21:55:03.500 [DEBUG] [org.gradle.cache.internal.DefaultFileLockManager] Releasing lock on daemon addresses registry.
21:55:03.500 [DEBUG] [org.gradle.cache.internal.DefaultFileLockManager] Waiting to acquire shared lock on daemon addresses registry.
21:55:03.500 [DEBUG] [org.gradle.cache.internal.DefaultFileLockManager] Lock acquired on daemon addresses registry.
21:55:03.501 [DEBUG] [org.gradle.cache.internal.DefaultFileLockManager] Releasing lock on daemon addresses registry.
21:55:03.501 [DEBUG] [org.gradle.cache.internal.DefaultFileLockManager] Waiting to acquire shared lock on daemon addresses registry.
21:55:03.501 [DEBUG] [org.gradle.cache.internal.DefaultFileLockManager] Lock acquired on daemon addresses registry.
21:55:03.501 [DEBUG] [org.gradle.cache.internal.DefaultFileLockManager] Releasing lock on daemon addresses registry.
21:55:07.496 [DEBUG] [org.gradle.process.internal.health.memory.MemoryManager] Emitting OS memory status event {Total: 34212798464, Free: 13815279616}
21:55:07.496 [DEBUG] [org.gradle.launcher.daemon.server.health.LowMemoryDaemonExpirationStrategy] Received memory status update: {Total: 34212798464, Free: 13815279616}
21:55:07.496 [DEBUG] [org.gradle.process.internal.health.memory.MemoryManager] Emitting JVM memory status event {Maximum: 477626368, Committed: 343932928}
21:55:12.502 [DEBUG] [org.gradle.process.internal.health.memory.MemoryManager] Emitting OS memory status event {Total: 34212798464, Free: 13781929984}
21:55:12.502 [DEBUG] [org.gradle.launcher.daemon.server.health.LowMemoryDaemonExpirationStrategy] Received memory status update: {Total: 34212798464, Free: 13781929984}
21:55:12.502 [DEBUG] [org.gradle.process.internal.health.memory.MemoryManager] Emitting JVM memory status event {Maximum: 477626368, Committed: 343932928}
21:55:13.508 [DEBUG] [org.gradle.launcher.daemon.server.Daemon] DaemonExpirationPeriodicCheck running
21:55:13.508 [DEBUG] [org.gradle.cache.internal.DefaultFileLockManager] Waiting to acquire shared lock on daemon addresses registry.
21:55:13.508 [DEBUG] [org.gradle.cache.internal.DefaultFileLockManager] Lock acquired on daemon addresses registry.
21:55:13.508 [DEBUG] [org.gradle.cache.internal.DefaultFileLockManager] Releasing lock on daemon addresses registry.
21:55:13.509 [DEBUG] [org.gradle.cache.internal.DefaultFileLockManager] Waiting to acquire shared lock on daemon addresses registry.
21:55:13.509 [DEBUG] [org.gradle.cache.internal.DefaultFileLockManager] Lock acquired on daemon addresses registry.
21:55:13.509 [DEBUG] [org.gradle.cache.internal.DefaultFileLockManager] Releasing lock on daemon addresses registry.
21:55:13.509 [DEBUG] [org.gradle.cache.internal.DefaultFileLockManager] Waiting to acquire shared lock on daemon addresses registry.
21:55:13.509 [DEBUG] [org.gradle.cache.internal.DefaultFileLockManager] Lock acquired on daemon addresses registry.
21:55:13.509 [DEBUG] [org.gradle.cache.internal.DefaultFileLockManager] Releasing lock on daemon addresses registry.
21:55:17.505 [DEBUG] [org.gradle.process.internal.health.memory.MemoryManager] Emitting OS memory status event {Total: 34212798464, Free: 13719359488}
21:55:17.506 [DEBUG] [org.gradle.launcher.daemon.server.health.LowMemoryDaemonExpirationStrategy] Received memory status update: {Total: 34212798464, Free: 13719359488}
21:55:17.506 [DEBUG] [org.gradle.process.internal.health.memory.MemoryManager] Emitting JVM memory status event {Maximum: 477626368, Committed: 343932928}
21:55:22.505 [DEBUG] [org.gradle.process.internal.health.memory.MemoryManager] Emitting OS memory status event {Total: 34212798464, Free: 13674897408}
21:55:22.505 [DEBUG] [org.gradle.launcher.daemon.server.health.LowMemoryDaemonExpirationStrategy] Received memory status update: {Total: 34212798464, Free: 13674897408}
21:55:22.505 [DEBUG] [org.gradle.process.internal.health.memory.MemoryManager] Emitting JVM memory status event {Maximum: 477626368, Committed: 343932928}
21:55:23.501 [DEBUG] [org.gradle.launcher.daemon.server.Daemon] DaemonExpirationPeriodicCheck running
21:55:23.502 [DEBUG] [org.gradle.cache.internal.DefaultFileLockManager] Waiting to acquire shared lock on daemon addresses registry.
21:55:23.502 [DEBUG] [org.gradle.cache.internal.DefaultFileLockManager] Lock acquired on daemon addresses registry.
21:55:23.502 [DEBUG] [org.gradle.cache.internal.DefaultFileLockManager] Releasing lock on daemon addresses registry.
21:55:23.502 [DEBUG] [org.gradle.cache.internal.DefaultFileLockManager] Waiting to acquire shared lock on daemon addresses registry.
21:55:23.502 [DEBUG] [org.gradle.cache.internal.DefaultFileLockManager] Lock acquired on daemon addresses registry.
21:55:23.503 [DEBUG] [org.gradle.cache.internal.DefaultFileLockManager] Releasing lock on daemon addresses registry.
21:55:23.503 [DEBUG] [org.gradle.cache.internal.DefaultFileLockManager] Waiting to acquire shared lock on daemon addresses registry.
21:55:23.503 [DEBUG] [org.gradle.cache.internal.DefaultFileLockManager] Lock acquired on daemon addresses registry.
21:55:23.503 [DEBUG] [org.gradle.cache.internal.DefaultFileLockManager] Releasing lock on daemon addresses registry.
21:55:27.503 [DEBUG] [org.gradle.process.internal.health.memory.MemoryManager] Emitting OS memory status event {Total: 34212798464, Free: 13830483968}
21:55:27.503 [DEBUG] [org.gradle.launcher.daemon.server.health.LowMemoryDaemonExpirationStrategy] Received memory status update: {Total: 34212798464, Free: 13830483968}
21:55:27.503 [DEBUG] [org.gradle.process.internal.health.memory.MemoryManager] Emitting JVM memory status event {Maximum: 477626368, Committed: 343932928}
21:55:32.510 [DEBUG] [org.gradle.process.internal.health.memory.MemoryManager] Emitting OS memory status event {Total: 34212798464, Free: 13776871424}
21:55:32.510 [DEBUG] [org.gradle.launcher.daemon.server.health.LowMemoryDaemonExpirationStrategy] Received memory status update: {Total: 34212798464, Free: 13776871424}
21:55:32.510 [DEBUG] [org.gradle.process.internal.health.memory.MemoryManager] Emitting JVM memory status event {Maximum: 477626368, Committed: 343932928}
21:55:33.502 [DEBUG] [org.gradle.launcher.daemon.server.Daemon] DaemonExpirationPeriodicCheck running
21:55:33.503 [DEBUG] [org.gradle.cache.internal.DefaultFileLockManager] Waiting to acquire shared lock on daemon addresses registry.
21:55:33.503 [DEBUG] [org.gradle.cache.internal.DefaultFileLockManager] Lock acquired on daemon addresses registry.
21:55:33.504 [DEBUG] [org.gradle.cache.internal.DefaultFileLockManager] Releasing lock on daemon addresses registry.
21:55:33.505 [DEBUG] [org.gradle.cache.internal.DefaultFileLockManager] Waiting to acquire shared lock on daemon addresses registry.
21:55:33.505 [DEBUG] [org.gradle.cache.internal.DefaultFileLockManager] Lock acquired on daemon addresses registry.
21:55:33.506 [DEBUG] [org.gradle.cache.internal.DefaultFileLockManager] Releasing lock on daemon addresses registry.
21:55:33.506 [DEBUG] [org.gradle.cache.internal.DefaultFileLockManager] Waiting to acquire shared lock on daemon addresses registry.
21:55:33.507 [DEBUG] [org.gradle.cache.internal.DefaultFileLockManager] Lock acquired on daemon addresses registry.
21:55:33.507 [DEBUG] [org.gradle.cache.internal.DefaultFileLockManager] Releasing lock on daemon addresses registry.
21:55:37.502 [DEBUG] [org.gradle.process.internal.health.memory.MemoryManager] Emitting OS memory status event {Total: 34212798464, Free: 13846310912}
21:55:37.502 [DEBUG] [org.gradle.launcher.daemon.server.health.LowMemoryDaemonExpirationStrategy] Received memory status update: {Total: 34212798464, Free: 13846310912}
21:55:37.502 [DEBUG] [org.gradle.process.internal.health.memory.MemoryManager] Emitting JVM memory status event {Maximum: 477626368, Committed: 343932928}
21:55:42.508 [DEBUG] [org.gradle.process.internal.health.memory.MemoryManager] Emitting OS memory status event {Total: 34212798464, Free: 13661036544}
21:55:42.508 [DEBUG] [org.gradle.launcher.daemon.server.health.LowMemoryDaemonExpirationStrategy] Received memory status update: {Total: 34212798464, Free: 13661036544}
21:55:42.508 [DEBUG] [org.gradle.process.internal.health.memory.MemoryManager] Emitting JVM memory status event {Maximum: 477626368, Committed: 343932928}
21:55:43.501 [DEBUG] [org.gradle.launcher.daemon.server.Daemon] DaemonExpirationPeriodicCheck running
21:55:43.502 [DEBUG] [org.gradle.cache.internal.DefaultFileLockManager] Waiting to acquire shared lock on daemon addresses registry.
21:55:43.502 [DEBUG] [org.gradle.cache.internal.DefaultFileLockManager] Lock acquired on daemon addresses registry.
21:55:43.502 [DEBUG] [org.gradle.cache.internal.DefaultFileLockManager] Releasing lock on daemon addresses registry.
21:55:43.503 [DEBUG] [org.gradle.cache.internal.DefaultFileLockManager] Waiting to acquire shared lock on daemon addresses registry.
21:55:43.503 [DEBUG] [org.gradle.cache.internal.DefaultFileLockManager] Lock acquired on daemon addresses registry.
21:55:43.503 [DEBUG] [org.gradle.cache.internal.DefaultFileLockManager] Releasing lock on daemon addresses registry.
21:55:43.503 [DEBUG] [org.gradle.cache.internal.DefaultFileLockManager] Waiting to acquire shared lock on daemon addresses registry.
21:55:43.503 [DEBUG] [org.gradle.cache.internal.DefaultFileLockManager] Lock acquired on daemon addresses registry.
21:55:43.504 [DEBUG] [org.gradle.cache.internal.DefaultFileLockManager] Releasing lock on daemon addresses registry.
21:55:47.501 [DEBUG] [org.gradle.process.internal.health.memory.MemoryManager] Emitting OS memory status event {Total: 34212798464, Free: 13673041920}
21:55:47.501 [DEBUG] [org.gradle.launcher.daemon.server.health.LowMemoryDaemonExpirationStrategy] Received memory status update: {Total: 34212798464, Free: 13673041920}
21:55:47.501 [DEBUG] [org.gradle.process.internal.health.memory.MemoryManager] Emitting JVM memory status event {Maximum: 477626368, Committed: 343932928}
21:55:52.508 [DEBUG] [org.gradle.process.internal.health.memory.MemoryManager] Emitting OS memory status event {Total: 34212798464, Free: 13776359424}
21:55:52.508 [DEBUG] [org.gradle.launcher.daemon.server.health.LowMemoryDaemonExpirationStrategy] Received memory status update: {Total: 34212798464, Free: 13776359424}
21:55:52.508 [DEBUG] [org.gradle.process.internal.health.memory.MemoryManager] Emitting JVM memory status event {Maximum: 477626368, Committed: 343932928}
21:55:53.501 [DEBUG] [org.gradle.launcher.daemon.server.Daemon] DaemonExpirationPeriodicCheck running
21:55:53.502 [DEBUG] [org.gradle.cache.internal.DefaultFileLockManager] Waiting to acquire shared lock on daemon addresses registry.
21:55:53.502 [DEBUG] [org.gradle.cache.internal.DefaultFileLockManager] Lock acquired on daemon addresses registry.
21:55:53.502 [DEBUG] [org.gradle.cache.internal.DefaultFileLockManager] Releasing lock on daemon addresses registry.
21:55:53.503 [DEBUG] [org.gradle.cache.internal.DefaultFileLockManager] Waiting to acquire shared lock on daemon addresses registry.
21:55:53.503 [DEBUG] [org.gradle.cache.internal.DefaultFileLockManager] Lock acquired on daemon addresses registry.
21:55:53.503 [DEBUG] [org.gradle.cache.internal.DefaultFileLockManager] Releasing lock on daemon addresses registry.
21:55:53.503 [DEBUG] [org.gradle.cache.internal.DefaultFileLockManager] Waiting to acquire shared lock on daemon addresses registry.
21:55:53.503 [DEBUG] [org.gradle.cache.internal.DefaultFileLockManager] Lock acquired on daemon addresses registry.
21:55:53.503 [DEBUG] [org.gradle.cache.internal.DefaultFileLockManager] Releasing lock on daemon addresses registry.
21:55:57.499 [DEBUG] [org.gradle.process.internal.health.memory.MemoryManager] Emitting OS memory status event {Total: 34212798464, Free: 13766615040}
21:55:57.499 [DEBUG] [org.gradle.launcher.daemon.server.health.LowMemoryDaemonExpirationStrategy] Received memory status update: {Total: 34212798464, Free: 13766615040}
21:55:57.499 [DEBUG] [org.gradle.process.internal.health.memory.MemoryManager] Emitting JVM memory status event {Maximum: 477626368, Committed: 343932928}
21:56:02.497 [DEBUG] [org.gradle.process.internal.health.memory.MemoryManager] Emitting OS memory status event {Total: 34212798464, Free: 13778358272}
21:56:02.497 [DEBUG] [org.gradle.launcher.daemon.server.health.LowMemoryDaemonExpirationStrategy] Received memory status update: {Total: 34212798464, Free: 13778358272}
21:56:02.497 [DEBUG] [org.gradle.process.internal.health.memory.MemoryManager] Emitting JVM memory status event {Maximum: 477626368, Committed: 343932928}
21:56:03.503 [DEBUG] [org.gradle.launcher.daemon.server.Daemon] DaemonExpirationPeriodicCheck running
21:56:03.503 [DEBUG] [org.gradle.cache.internal.DefaultFileLockManager] Waiting to acquire shared lock on daemon addresses registry.
21:56:03.503 [DEBUG] [org.gradle.cache.internal.DefaultFileLockManager] Lock acquired on daemon addresses registry.
21:56:03.504 [DEBUG] [org.gradle.cache.internal.DefaultFileLockManager] Releasing lock on daemon addresses registry.
21:56:03.505 [DEBUG] [org.gradle.cache.internal.DefaultFileLockManager] Waiting to acquire shared lock on daemon addresses registry.
21:56:03.505 [DEBUG] [org.gradle.cache.internal.DefaultFileLockManager] Lock acquired on daemon addresses registry.
21:56:03.505 [DEBUG] [org.gradle.cache.internal.DefaultFileLockManager] Releasing lock on daemon addresses registry.
21:56:03.505 [DEBUG] [org.gradle.cache.internal.DefaultFileLockManager] Waiting to acquire shared lock on daemon addresses registry.
21:56:03.505 [DEBUG] [org.gradle.cache.internal.DefaultFileLockManager] Lock acquired on daemon addresses registry.
21:56:03.506 [DEBUG] [org.gradle.cache.internal.DefaultFileLockManager] Releasing lock on daemon addresses registry.
21:56:07.507 [DEBUG] [org.gradle.process.internal.health.memory.MemoryManager] Emitting OS memory status event {Total: 34212798464, Free: 13811183616}
21:56:07.508 [DEBUG] [org.gradle.launcher.daemon.server.health.LowMemoryDaemonExpirationStrategy] Received memory status update: {Total: 34212798464, Free: 13811183616}
21:56:07.508 [DEBUG] [org.gradle.process.internal.health.memory.MemoryManager] Emitting JVM memory status event {Maximum: 477626368, Committed: 343932928}
21:56:12.505 [DEBUG] [org.gradle.process.internal.health.memory.MemoryManager] Emitting OS memory status event {Total: 34212798464, Free: 13885726720}
21:56:12.505 [DEBUG] [org.gradle.launcher.daemon.server.health.LowMemoryDaemonExpirationStrategy] Received memory status update: {Total: 34212798464, Free: 13885726720}
21:56:12.506 [DEBUG] [org.gradle.process.internal.health.memory.MemoryManager] Emitting JVM memory status event {Maximum: 477626368, Committed: 343932928}
21:56:13.501 [DEBUG] [org.gradle.launcher.daemon.server.Daemon] DaemonExpirationPeriodicCheck running
21:56:13.502 [DEBUG] [org.gradle.cache.internal.DefaultFileLockManager] Waiting to acquire shared lock on daemon addresses registry.
21:56:13.502 [DEBUG] [org.gradle.cache.internal.DefaultFileLockManager] Lock acquired on daemon addresses registry.
21:56:13.502 [DEBUG] [org.gradle.cache.internal.DefaultFileLockManager] Releasing lock on daemon addresses registry.
21:56:13.503 [DEBUG] [org.gradle.cache.internal.DefaultFileLockManager] Waiting to acquire shared lock on daemon addresses registry.
21:56:13.503 [DEBUG] [org.gradle.cache.internal.DefaultFileLockManager] Lock acquired on daemon addresses registry.
21:56:13.503 [DEBUG] [org.gradle.cache.internal.DefaultFileLockManager] Releasing lock on daemon addresses registry.
21:56:13.503 [DEBUG] [org.gradle.cache.internal.DefaultFileLockManager] Waiting to acquire shared lock on daemon addresses registry.
21:56:13.503 [DEBUG] [org.gradle.cache.internal.DefaultFileLockManager] Lock acquired on daemon addresses registry.
21:56:13.503 [DEBUG] [org.gradle.cache.internal.DefaultFileLockManager] Releasing lock on daemon addresses registry.
21:56:17.499 [DEBUG] [org.gradle.process.internal.health.memory.MemoryManager] Emitting OS memory status event {Total: 34212798464, Free: 13831327744}
21:56:17.500 [DEBUG] [org.gradle.launcher.daemon.server.health.LowMemoryDaemonExpirationStrategy] Received memory status update: {Total: 34212798464, Free: 13831327744}
21:56:17.500 [DEBUG] [org.gradle.process.internal.health.memory.MemoryManager] Emitting JVM memory status event {Maximum: 477626368, Committed: 343932928}
21:56:22.506 [DEBUG] [org.gradle.process.internal.health.memory.MemoryManager] Emitting OS memory status event {Total: 34212798464, Free: 13832433664}
21:56:22.506 [DEBUG] [org.gradle.launcher.daemon.server.health.LowMemoryDaemonExpirationStrategy] Received memory status update: {Total: 34212798464, Free: 13832433664}
21:56:22.506 [DEBUG] [org.gradle.process.internal.health.memory.MemoryManager] Emitting JVM memory status event {Maximum: 477626368, Committed: 343932928}
21:56:23.501 [DEBUG] [org.gradle.launcher.daemon.server.Daemon] DaemonExpirationPeriodicCheck running
21:56:23.502 [DEBUG] [org.gradle.cache.internal.DefaultFileLockManager] Waiting to acquire shared lock on daemon addresses registry.
21:56:23.502 [DEBUG] [org.gradle.cache.internal.DefaultFileLockManager] Lock acquired on daemon addresses registry.
21:56:23.503 [DEBUG] [org.gradle.cache.internal.DefaultFileLockManager] Releasing lock on daemon addresses registry.
21:56:23.503 [DEBUG] [org.gradle.cache.internal.DefaultFileLockManager] Waiting to acquire shared lock on daemon addresses registry.
21:56:23.503 [DEBUG] [org.gradle.cache.internal.DefaultFileLockManager] Lock acquired on daemon addresses registry.
21:56:23.503 [DEBUG] [org.gradle.cache.internal.DefaultFileLockManager] Releasing lock on daemon addresses registry.
21:56:23.504 [DEBUG] [org.gradle.cache.internal.DefaultFileLockManager] Waiting to acquire shared lock on daemon addresses registry.
21:56:23.504 [DEBUG] [org.gradle.cache.internal.DefaultFileLockManager] Lock acquired on daemon addresses registry.
21:56:23.504 [DEBUG] [org.gradle.cache.internal.DefaultFileLockManager] Releasing lock on daemon addresses registry.
21:56:27.511 [DEBUG] [org.gradle.process.internal.health.memory.MemoryManager] Emitting OS memory status event {Total: 34212798464, Free: 13792002048}
21:56:27.511 [DEBUG] [org.gradle.launcher.daemon.server.health.LowMemoryDaemonExpirationStrategy] Received memory status update: {Total: 34212798464, Free: 13792002048}
21:56:27.511 [DEBUG] [org.gradle.process.internal.health.memory.MemoryManager] Emitting JVM memory status event {Maximum: 477626368, Committed: 343932928}
21:56:32.504 [DEBUG] [org.gradle.process.internal.health.memory.MemoryManager] Emitting OS memory status event {Total: 34212798464, Free: 13649530880}
21:56:32.504 [DEBUG] [org.gradle.launcher.daemon.server.health.LowMemoryDaemonExpirationStrategy] Received memory status update: {Total: 34212798464, Free: 13649530880}
21:56:32.504 [DEBUG] [org.gradle.process.internal.health.memory.MemoryManager] Emitting JVM memory status event {Maximum: 477626368, Committed: 343932928}
21:56:33.501 [DEBUG] [org.gradle.launcher.daemon.server.Daemon] DaemonExpirationPeriodicCheck running
21:56:33.501 [DEBUG] [org.gradle.cache.internal.DefaultFileLockManager] Waiting to acquire shared lock on daemon addresses registry.
21:56:33.501 [DEBUG] [org.gradle.cache.internal.DefaultFileLockManager] Lock acquired on daemon addresses registry.
21:56:33.501 [DEBUG] [org.gradle.cache.internal.DefaultFileLockManager] Releasing lock on daemon addresses registry.
21:56:33.502 [DEBUG] [org.gradle.cache.internal.DefaultFileLockManager] Waiting to acquire shared lock on daemon addresses registry.
21:56:33.502 [DEBUG] [org.gradle.cache.internal.DefaultFileLockManager] Lock acquired on daemon addresses registry.
21:56:33.502 [DEBUG] [org.gradle.cache.internal.DefaultFileLockManager] Releasing lock on daemon addresses registry.
21:56:33.502 [DEBUG] [org.gradle.cache.internal.DefaultFileLockManager] Waiting to acquire shared lock on daemon addresses registry.
21:56:33.502 [DEBUG] [org.gradle.cache.internal.DefaultFileLockManager] Lock acquired on daemon addresses registry.
21:56:33.502 [DEBUG] [org.gradle.cache.internal.DefaultFileLockManager] Releasing lock on daemon addresses registry.
21:56:37.505 [DEBUG] [org.gradle.process.internal.health.memory.MemoryManager] Emitting OS memory status event {Total: 34212798464, Free: 13664641024}
21:56:37.506 [DEBUG] [org.gradle.launcher.daemon.server.health.LowMemoryDaemonExpirationStrategy] Received memory status update: {Total: 34212798464, Free: 13664641024}
21:56:37.506 [DEBUG] [org.gradle.process.internal.health.memory.MemoryManager] Emitting JVM memory status event {Maximum: 477626368, Committed: 343932928}
21:56:42.503 [DEBUG] [org.gradle.process.internal.health.memory.MemoryManager] Emitting OS memory status event {Total: 34212798464, Free: 13748756480}
21:56:42.503 [DEBUG] [org.gradle.launcher.daemon.server.health.LowMemoryDaemonExpirationStrategy] Received memory status update: {Total: 34212798464, Free: 13748756480}
21:56:42.503 [DEBUG] [org.gradle.process.internal.health.memory.MemoryManager] Emitting JVM memory status event {Maximum: 477626368, Committed: 343932928}
21:56:43.497 [DEBUG] [org.gradle.launcher.daemon.server.Daemon] DaemonExpirationPeriodicCheck running
21:56:43.498 [DEBUG] [org.gradle.cache.internal.DefaultFileLockManager] Waiting to acquire shared lock on daemon addresses registry.
21:56:43.498 [DEBUG] [org.gradle.cache.internal.DefaultFileLockManager] Lock acquired on daemon addresses registry.
21:56:43.498 [DEBUG] [org.gradle.cache.internal.DefaultFileLockManager] Releasing lock on daemon addresses registry.
21:56:43.499 [DEBUG] [org.gradle.cache.internal.DefaultFileLockManager] Waiting to acquire shared lock on daemon addresses registry.
21:56:43.499 [DEBUG] [org.gradle.cache.internal.DefaultFileLockManager] Lock acquired on daemon addresses registry.
21:56:43.499 [DEBUG] [org.gradle.cache.internal.DefaultFileLockManager] Releasing lock on daemon addresses registry.
21:56:43.499 [DEBUG] [org.gradle.cache.internal.DefaultFileLockManager] Waiting to acquire shared lock on daemon addresses registry.
21:56:43.499 [DEBUG] [org.gradle.cache.internal.DefaultFileLockManager] Lock acquired on daemon addresses registry.
21:56:43.499 [DEBUG] [org.gradle.cache.internal.DefaultFileLockManager] Releasing lock on daemon addresses registry.
21:56:47.510 [DEBUG] [org.gradle.process.internal.health.memory.MemoryManager] Emitting OS memory status event {Total: 34212798464, Free: 13732593664}
21:56:47.510 [DEBUG] [org.gradle.launcher.daemon.server.health.LowMemoryDaemonExpirationStrategy] Received memory status update: {Total: 34212798464, Free: 13732593664}
21:56:47.510 [DEBUG] [org.gradle.process.internal.health.memory.MemoryManager] Emitting JVM memory status event {Maximum: 477626368, Committed: 343932928}
21:56:52.509 [DEBUG] [org.gradle.process.internal.health.memory.MemoryManager] Emitting OS memory status event {Total: 34212798464, Free: 13740027904}
21:56:52.509 [DEBUG] [org.gradle.launcher.daemon.server.health.LowMemoryDaemonExpirationStrategy] Received memory status update: {Total: 34212798464, Free: 13740027904}
21:56:52.510 [DEBUG] [org.gradle.process.internal.health.memory.MemoryManager] Emitting JVM memory status event {Maximum: 477626368, Committed: 343932928}
21:56:53.507 [DEBUG] [org.gradle.launcher.daemon.server.Daemon] DaemonExpirationPeriodicCheck running
21:56:53.508 [DEBUG] [org.gradle.cache.internal.DefaultFileLockManager] Waiting to acquire shared lock on daemon addresses registry.
21:56:53.508 [DEBUG] [org.gradle.cache.internal.DefaultFileLockManager] Lock acquired on daemon addresses registry.
21:56:53.508 [DEBUG] [org.gradle.cache.internal.DefaultFileLockManager] Releasing lock on daemon addresses registry.
21:56:53.508 [DEBUG] [org.gradle.cache.internal.DefaultFileLockManager] Waiting to acquire shared lock on daemon addresses registry.
21:56:53.509 [DEBUG] [org.gradle.cache.internal.DefaultFileLockManager] Lock acquired on daemon addresses registry.
21:56:53.509 [DEBUG] [org.gradle.cache.internal.DefaultFileLockManager] Releasing lock on daemon addresses registry.
21:56:53.509 [DEBUG] [org.gradle.cache.internal.DefaultFileLockManager] Waiting to acquire shared lock on daemon addresses registry.
21:56:53.509 [DEBUG] [org.gradle.cache.internal.DefaultFileLockManager] Lock acquired on daemon addresses registry.
21:56:53.509 [DEBUG] [org.gradle.cache.internal.DefaultFileLockManager] Releasing lock on daemon addresses registry.
21:56:57.502 [DEBUG] [org.gradle.process.internal.health.memory.MemoryManager] Emitting OS memory status event {Total: 34212798464, Free: 13739507712}
21:56:57.502 [DEBUG] [org.gradle.launcher.daemon.server.health.LowMemoryDaemonExpirationStrategy] Received memory status update: {Total: 34212798464, Free: 13739507712}
21:56:57.502 [DEBUG] [org.gradle.process.internal.health.memory.MemoryManager] Emitting JVM memory status event {Maximum: 477626368, Committed: 343932928}
21:57:02.511 [DEBUG] [org.gradle.process.internal.health.memory.MemoryManager] Emitting OS memory status event {Total: 34212798464, Free: 13753995264}
21:57:02.511 [DEBUG] [org.gradle.launcher.daemon.server.health.LowMemoryDaemonExpirationStrategy] Received memory status update: {Total: 34212798464, Free: 13753995264}
21:57:02.511 [DEBUG] [org.gradle.process.internal.health.memory.MemoryManager] Emitting JVM memory status event {Maximum: 477626368, Committed: 343932928}
21:57:03.506 [DEBUG] [org.gradle.launcher.daemon.server.Daemon] DaemonExpirationPeriodicCheck running
21:57:03.507 [DEBUG] [org.gradle.cache.internal.DefaultFileLockManager] Waiting to acquire shared lock on daemon addresses registry.
21:57:03.507 [DEBUG] [org.gradle.cache.internal.DefaultFileLockManager] Lock acquired on daemon addresses registry.
21:57:03.507 [DEBUG] [org.gradle.cache.internal.DefaultFileLockManager] Releasing lock on daemon addresses registry.
21:57:03.508 [DEBUG] [org.gradle.cache.internal.DefaultFileLockManager] Waiting to acquire shared lock on daemon addresses registry.
21:57:03.508 [DEBUG] [org.gradle.cache.internal.DefaultFileLockManager] Lock acquired on daemon addresses registry.
21:57:03.508 [DEBUG] [org.gradle.cache.internal.DefaultFileLockManager] Releasing lock on daemon addresses registry.
21:57:03.508 [DEBUG] [org.gradle.cache.internal.DefaultFileLockManager] Waiting to acquire shared lock on daemon addresses registry.
21:57:03.508 [DEBUG] [org.gradle.cache.internal.DefaultFileLockManager] Lock acquired on daemon addresses registry.
21:57:03.508 [DEBUG] [org.gradle.cache.internal.DefaultFileLockManager] Releasing lock on daemon addresses registry.
21:57:07.508 [DEBUG] [org.gradle.process.internal.health.memory.MemoryManager] Emitting OS memory status event {Total: 34212798464, Free: 13760815104}
21:57:07.508 [DEBUG] [org.gradle.launcher.daemon.server.health.LowMemoryDaemonExpirationStrategy] Received memory status update: {Total: 34212798464, Free: 13760815104}
21:57:07.508 [DEBUG] [org.gradle.process.internal.health.memory.MemoryManager] Emitting JVM memory status event {Maximum: 477626368, Committed: 343932928}
21:57:12.501 [DEBUG] [org.gradle.process.internal.health.memory.MemoryManager] Emitting OS memory status event {Total: 34212798464, Free: 13735510016}
21:57:12.501 [DEBUG] [org.gradle.launcher.daemon.server.health.LowMemoryDaemonExpirationStrategy] Received memory status update: {Total: 34212798464, Free: 13735510016}
21:57:12.501 [DEBUG] [org.gradle.process.internal.health.memory.MemoryManager] Emitting JVM memory status event {Maximum: 477626368, Committed: 343932928}
21:57:13.497 [DEBUG] [org.gradle.launcher.daemon.server.Daemon] DaemonExpirationPeriodicCheck running
21:57:13.497 [DEBUG] [org.gradle.cache.internal.DefaultFileLockManager] Waiting to acquire shared lock on daemon addresses registry.
21:57:13.497 [DEBUG] [org.gradle.cache.internal.DefaultFileLockManager] Lock acquired on daemon addresses registry.
21:57:13.497 [DEBUG] [org.gradle.cache.internal.DefaultFileLockManager] Releasing lock on daemon addresses registry.
21:57:13.498 [DEBUG] [org.gradle.cache.internal.DefaultFileLockManager] Waiting to acquire shared lock on daemon addresses registry.
21:57:13.498 [DEBUG] [org.gradle.cache.internal.DefaultFileLockManager] Lock acquired on daemon addresses registry.
21:57:13.498 [DEBUG] [org.gradle.cache.internal.DefaultFileLockManager] Releasing lock on daemon addresses registry.
21:57:13.498 [DEBUG] [org.gradle.cache.internal.DefaultFileLockManager] Waiting to acquire shared lock on daemon addresses registry.
21:57:13.498 [DEBUG] [org.gradle.cache.internal.DefaultFileLockManager] Lock acquired on daemon addresses registry.
21:57:13.498 [DEBUG] [org.gradle.cache.internal.DefaultFileLockManager] Releasing lock on daemon addresses registry.
21:57:17.508 [DEBUG] [org.gradle.process.internal.health.memory.MemoryManager] Emitting OS memory status event {Total: 34212798464, Free: 13755056128}
21:57:17.508 [DEBUG] [org.gradle.launcher.daemon.server.health.LowMemoryDaemonExpirationStrategy] Received memory status update: {Total: 34212798464, Free: 13755056128}
21:57:17.508 [DEBUG] [org.gradle.process.internal.health.memory.MemoryManager] Emitting JVM memory status event {Maximum: 477626368, Committed: 343932928}
21:57:22.508 [DEBUG] [org.gradle.process.internal.health.memory.MemoryManager] Emitting OS memory status event {Total: 34212798464, Free: 13772066816}
21:57:22.508 [DEBUG] [org.gradle.launcher.daemon.server.health.LowMemoryDaemonExpirationStrategy] Received memory status update: {Total: 34212798464, Free: 13772066816}
21:57:22.508 [DEBUG] [org.gradle.process.internal.health.memory.MemoryManager] Emitting JVM memory status event {Maximum: 477626368, Committed: 343932928}
21:57:23.504 [DEBUG] [org.gradle.launcher.daemon.server.Daemon] DaemonExpirationPeriodicCheck running
21:57:23.505 [DEBUG] [org.gradle.cache.internal.DefaultFileLockManager] Waiting to acquire shared lock on daemon addresses registry.
21:57:23.505 [DEBUG] [org.gradle.cache.internal.DefaultFileLockManager] Lock acquired on daemon addresses registry.
21:57:23.505 [DEBUG] [org.gradle.cache.internal.DefaultFileLockManager] Releasing lock on daemon addresses registry.
21:57:23.506 [DEBUG] [org.gradle.cache.internal.DefaultFileLockManager] Waiting to acquire shared lock on daemon addresses registry.
21:57:23.506 [DEBUG] [org.gradle.cache.internal.DefaultFileLockManager] Lock acquired on daemon addresses registry.
21:57:23.506 [DEBUG] [org.gradle.cache.internal.DefaultFileLockManager] Releasing lock on daemon addresses registry.
21:57:23.506 [DEBUG] [org.gradle.cache.internal.DefaultFileLockManager] Waiting to acquire shared lock on daemon addresses registry.
21:57:23.506 [DEBUG] [org.gradle.cache.internal.DefaultFileLockManager] Lock acquired on daemon addresses registry.
21:57:23.506 [DEBUG] [org.gradle.cache.internal.DefaultFileLockManager] Releasing lock on daemon addresses registry.
21:57:27.502 [DEBUG] [org.gradle.process.internal.health.memory.MemoryManager] Emitting OS memory status event {Total: 34212798464, Free: 13765914624}
21:57:27.502 [DEBUG] [org.gradle.launcher.daemon.server.health.LowMemoryDaemonExpirationStrategy] Received memory status update: {Total: 34212798464, Free: 13765914624}
21:57:27.502 [DEBUG] [org.gradle.process.internal.health.memory.MemoryManager] Emitting JVM memory status event {Maximum: 477626368, Committed: 343932928}
21:57:32.505 [DEBUG] [org.gradle.process.internal.health.memory.MemoryManager] Emitting OS memory status event {Total: 34212798464, Free: 13828722688}
21:57:32.505 [DEBUG] [org.gradle.launcher.daemon.server.health.LowMemoryDaemonExpirationStrategy] Received memory status update: {Total: 34212798464, Free: 13828722688}
21:57:32.505 [DEBUG] [org.gradle.process.internal.health.memory.MemoryManager] Emitting JVM memory status event {Maximum: 477626368, Committed: 343932928}
21:57:33.503 [DEBUG] [org.gradle.launcher.daemon.server.Daemon] DaemonExpirationPeriodicCheck running
21:57:33.503 [DEBUG] [org.gradle.cache.internal.DefaultFileLockManager] Waiting to acquire shared lock on daemon addresses registry.
21:57:33.504 [DEBUG] [org.gradle.cache.internal.DefaultFileLockManager] Lock acquired on daemon addresses registry.
21:57:33.504 [DEBUG] [org.gradle.cache.internal.DefaultFileLockManager] Releasing lock on daemon addresses registry.
21:57:33.504 [DEBUG] [org.gradle.cache.internal.DefaultFileLockManager] Waiting to acquire shared lock on daemon addresses registry.
21:57:33.504 [DEBUG] [org.gradle.cache.internal.DefaultFileLockManager] Lock acquired on daemon addresses registry.
21:57:33.504 [DEBUG] [org.gradle.cache.internal.DefaultFileLockManager] Releasing lock on daemon addresses registry.
21:57:33.505 [DEBUG] [org.gradle.cache.internal.DefaultFileLockManager] Waiting to acquire shared lock on daemon addresses registry.
21:57:33.505 [DEBUG] [org.gradle.cache.internal.DefaultFileLockManager] Lock acquired on daemon addresses registry.
21:57:33.505 [DEBUG] [org.gradle.cache.internal.DefaultFileLockManager] Releasing lock on daemon addresses registry.
21:57:37.502 [DEBUG] [org.gradle.process.internal.health.memory.MemoryManager] Emitting OS memory status event {Total: 34212798464, Free: 13800517632}
21:57:37.502 [DEBUG] [org.gradle.launcher.daemon.server.health.LowMemoryDaemonExpirationStrategy] Received memory status update: {Total: 34212798464, Free: 13800517632}
21:57:37.502 [DEBUG] [org.gradle.process.internal.health.memory.MemoryManager] Emitting JVM memory status event {Maximum: 477626368, Committed: 343932928}
21:57:42.505 [DEBUG] [org.gradle.process.internal.health.memory.MemoryManager] Emitting OS memory status event {Total: 34212798464, Free: 13851144192}
21:57:42.505 [DEBUG] [org.gradle.launcher.daemon.server.health.LowMemoryDaemonExpirationStrategy] Received memory status update: {Total: 34212798464, Free: 13851144192}
21:57:42.505 [DEBUG] [org.gradle.process.internal.health.memory.MemoryManager] Emitting JVM memory status event {Maximum: 477626368, Committed: 343932928}
21:57:43.506 [DEBUG] [org.gradle.launcher.daemon.server.Daemon] DaemonExpirationPeriodicCheck running
21:57:43.506 [DEBUG] [org.gradle.cache.internal.DefaultFileLockManager] Waiting to acquire shared lock on daemon addresses registry.
21:57:43.506 [DEBUG] [org.gradle.cache.internal.DefaultFileLockManager] Lock acquired on daemon addresses registry.
21:57:43.506 [DEBUG] [org.gradle.cache.internal.DefaultFileLockManager] Releasing lock on daemon addresses registry.
21:57:43.507 [DEBUG] [org.gradle.cache.internal.DefaultFileLockManager] Waiting to acquire shared lock on daemon addresses registry.
21:57:43.507 [DEBUG] [org.gradle.cache.internal.DefaultFileLockManager] Lock acquired on daemon addresses registry.
21:57:43.507 [DEBUG] [org.gradle.cache.internal.DefaultFileLockManager] Releasing lock on daemon addresses registry.
21:57:43.507 [DEBUG] [org.gradle.cache.internal.DefaultFileLockManager] Waiting to acquire shared lock on daemon addresses registry.
21:57:43.507 [DEBUG] [org.gradle.cache.internal.DefaultFileLockManager] Lock acquired on daemon addresses registry.
21:57:43.507 [DEBUG] [org.gradle.cache.internal.DefaultFileLockManager] Releasing lock on daemon addresses registry.
21:57:47.506 [DEBUG] [org.gradle.process.internal.health.memory.MemoryManager] Emitting OS memory status event {Total: 34212798464, Free: 13856743424}
21:57:47.506 [DEBUG] [org.gradle.launcher.daemon.server.health.LowMemoryDaemonExpirationStrategy] Received memory status update: {Total: 34212798464, Free: 13856743424}
21:57:47.506 [DEBUG] [org.gradle.process.internal.health.memory.MemoryManager] Emitting JVM memory status event {Maximum: 477626368, Committed: 343932928}
21:57:52.501 [DEBUG] [org.gradle.process.internal.health.memory.MemoryManager] Emitting OS memory status event {Total: 34212798464, Free: 13859483648}
21:57:52.501 [DEBUG] [org.gradle.launcher.daemon.server.health.LowMemoryDaemonExpirationStrategy] Received memory status update: {Total: 34212798464, Free: 13859483648}
21:57:52.501 [DEBUG] [org.gradle.process.internal.health.memory.MemoryManager] Emitting JVM memory status event {Maximum: 477626368, Committed: 343932928}
21:57:53.498 [DEBUG] [org.gradle.launcher.daemon.server.Daemon] DaemonExpirationPeriodicCheck running
21:57:53.499 [DEBUG] [org.gradle.cache.internal.DefaultFileLockManager] Waiting to acquire shared lock on daemon addresses registry.
21:57:53.499 [DEBUG] [org.gradle.cache.internal.DefaultFileLockManager] Lock acquired on daemon addresses registry.
21:57:53.499 [DEBUG] [org.gradle.cache.internal.DefaultFileLockManager] Releasing lock on daemon addresses registry.
21:57:53.499 [DEBUG] [org.gradle.cache.internal.DefaultFileLockManager] Waiting to acquire shared lock on daemon addresses registry.
21:57:53.499 [DEBUG] [org.gradle.cache.internal.DefaultFileLockManager] Lock acquired on daemon addresses registry.
21:57:53.499 [DEBUG] [org.gradle.cache.internal.DefaultFileLockManager] Releasing lock on daemon addresses registry.
21:57:53.500 [DEBUG] [org.gradle.cache.internal.DefaultFileLockManager] Waiting to acquire shared lock on daemon addresses registry.
21:57:53.500 [DEBUG] [org.gradle.cache.internal.DefaultFileLockManager] Lock acquired on daemon addresses registry.
21:57:53.500 [DEBUG] [org.gradle.cache.internal.DefaultFileLockManager] Releasing lock on daemon addresses registry.
21:57:57.498 [DEBUG] [org.gradle.process.internal.health.memory.MemoryManager] Emitting OS memory status event {Total: 34212798464, Free: 13872185344}
21:57:57.498 [DEBUG] [org.gradle.launcher.daemon.server.health.LowMemoryDaemonExpirationStrategy] Received memory status update: {Total: 34212798464, Free: 13872185344}
21:57:57.498 [DEBUG] [org.gradle.process.internal.health.memory.MemoryManager] Emitting JVM memory status event {Maximum: 477626368, Committed: 343932928}
21:58:02.502 [DEBUG] [org.gradle.process.internal.health.memory.MemoryManager] Emitting OS memory status event {Total: 34212798464, Free: 13890928640}
21:58:02.502 [DEBUG] [org.gradle.launcher.daemon.server.health.LowMemoryDaemonExpirationStrategy] Received memory status update: {Total: 34212798464, Free: 13890928640}
21:58:02.502 [DEBUG] [org.gradle.process.internal.health.memory.MemoryManager] Emitting JVM memory status event {Maximum: 477626368, Committed: 343932928}
21:58:03.501 [DEBUG] [org.gradle.launcher.daemon.server.Daemon] DaemonExpirationPeriodicCheck running
21:58:03.501 [DEBUG] [org.gradle.cache.internal.DefaultFileLockManager] Waiting to acquire shared lock on daemon addresses registry.
21:58:03.502 [DEBUG] [org.gradle.cache.internal.DefaultFileLockManager] Lock acquired on daemon addresses registry.
21:58:03.502 [DEBUG] [org.gradle.cache.internal.DefaultFileLockManager] Releasing lock on daemon addresses registry.
21:58:03.502 [DEBUG] [org.gradle.cache.internal.DefaultFileLockManager] Waiting to acquire shared lock on daemon addresses registry.
21:58:03.502 [DEBUG] [org.gradle.cache.internal.DefaultFileLockManager] Lock acquired on daemon addresses registry.
21:58:03.503 [DEBUG] [org.gradle.cache.internal.DefaultFileLockManager] Releasing lock on daemon addresses registry.
21:58:03.503 [DEBUG] [org.gradle.cache.internal.DefaultFileLockManager] Waiting to acquire shared lock on daemon addresses registry.
21:58:03.503 [DEBUG] [org.gradle.cache.internal.DefaultFileLockManager] Lock acquired on daemon addresses registry.
21:58:03.503 [DEBUG] [org.gradle.cache.internal.DefaultFileLockManager] Releasing lock on daemon addresses registry.
21:58:07.497 [DEBUG] [org.gradle.process.internal.health.memory.MemoryManager] Emitting OS memory status event {Total: 34212798464, Free: 13891420160}
21:58:07.497 [DEBUG] [org.gradle.launcher.daemon.server.health.LowMemoryDaemonExpirationStrategy] Received memory status update: {Total: 34212798464, Free: 13891420160}
21:58:07.497 [DEBUG] [org.gradle.process.internal.health.memory.MemoryManager] Emitting JVM memory status event {Maximum: 477626368, Committed: 343932928}
21:58:12.509 [DEBUG] [org.gradle.process.internal.health.memory.MemoryManager] Emitting OS memory status event {Total: 34212798464, Free: 13861220352}
21:58:12.509 [DEBUG] [org.gradle.launcher.daemon.server.health.LowMemoryDaemonExpirationStrategy] Received memory status update: {Total: 34212798464, Free: 13861220352}
21:58:12.509 [DEBUG] [org.gradle.process.internal.health.memory.MemoryManager] Emitting JVM memory status event {Maximum: 477626368, Committed: 343932928}
21:58:13.503 [DEBUG] [org.gradle.launcher.daemon.server.Daemon] DaemonExpirationPeriodicCheck running
21:58:13.503 [DEBUG] [org.gradle.cache.internal.DefaultFileLockManager] Waiting to acquire shared lock on daemon addresses registry.
21:58:13.503 [DEBUG] [org.gradle.cache.internal.DefaultFileLockManager] Lock acquired on daemon addresses registry.
21:58:13.503 [DEBUG] [org.gradle.cache.internal.DefaultFileLockManager] Releasing lock on daemon addresses registry.
21:58:13.504 [DEBUG] [org.gradle.cache.internal.DefaultFileLockManager] Waiting to acquire shared lock on daemon addresses registry.
21:58:13.504 [DEBUG] [org.gradle.cache.internal.DefaultFileLockManager] Lock acquired on daemon addresses registry.
21:58:13.504 [DEBUG] [org.gradle.cache.internal.DefaultFileLockManager] Releasing lock on daemon addresses registry.
21:58:13.504 [DEBUG] [org.gradle.cache.internal.DefaultFileLockManager] Waiting to acquire shared lock on daemon addresses registry.
21:58:13.504 [DEBUG] [org.gradle.cache.internal.DefaultFileLockManager] Lock acquired on daemon addresses registry.
21:58:13.505 [DEBUG] [org.gradle.cache.internal.DefaultFileLockManager] Releasing lock on daemon addresses registry.
21:58:17.508 [DEBUG] [org.gradle.process.internal.health.memory.MemoryManager] Emitting OS memory status event {Total: 34212798464, Free: 13655187456}
21:58:17.508 [DEBUG] [org.gradle.launcher.daemon.server.health.LowMemoryDaemonExpirationStrategy] Received memory status update: {Total: 34212798464, Free: 13655187456}
21:58:17.508 [DEBUG] [org.gradle.process.internal.health.memory.MemoryManager] Emitting JVM memory status event {Maximum: 477626368, Committed: 343932928}
21:58:22.498 [DEBUG] [org.gradle.process.internal.health.memory.MemoryManager] Emitting OS memory status event {Total: 34212798464, Free: 13666422784}
21:58:22.498 [DEBUG] [org.gradle.launcher.daemon.server.health.LowMemoryDaemonExpirationStrategy] Received memory status update: {Total: 34212798464, Free: 13666422784}
21:58:22.498 [DEBUG] [org.gradle.process.internal.health.memory.MemoryManager] Emitting JVM memory status event {Maximum: 477626368, Committed: 343932928}
21:58:23.505 [DEBUG] [org.gradle.launcher.daemon.server.Daemon] DaemonExpirationPeriodicCheck running
21:58:23.506 [DEBUG] [org.gradle.cache.internal.DefaultFileLockManager] Waiting to acquire shared lock on daemon addresses registry.
21:58:23.506 [DEBUG] [org.gradle.cache.internal.DefaultFileLockManager] Lock acquired on daemon addresses registry.
21:58:23.506 [DEBUG] [org.gradle.cache.internal.DefaultFileLockManager] Releasing lock on daemon addresses registry.
21:58:23.506 [DEBUG] [org.gradle.cache.internal.DefaultFileLockManager] Waiting to acquire shared lock on daemon addresses registry.
21:58:23.506 [DEBUG] [org.gradle.cache.internal.DefaultFileLockManager] Lock acquired on daemon addresses registry.
21:58:23.506 [DEBUG] [org.gradle.cache.internal.DefaultFileLockManager] Releasing lock on daemon addresses registry.
21:58:23.507 [DEBUG] [org.gradle.cache.internal.DefaultFileLockManager] Waiting to acquire shared lock on daemon addresses registry.
21:58:23.507 [DEBUG] [org.gradle.cache.internal.DefaultFileLockManager] Lock acquired on daemon addresses registry.
21:58:23.507 [DEBUG] [org.gradle.cache.internal.DefaultFileLockManager] Releasing lock on daemon addresses registry.
21:58:27.499 [DEBUG] [org.gradle.process.internal.health.memory.MemoryManager] Emitting OS memory status event {Total: 34212798464, Free: 13599191040}
21:58:27.499 [DEBUG] [org.gradle.launcher.daemon.server.health.LowMemoryDaemonExpirationStrategy] Received memory status update: {Total: 34212798464, Free: 13599191040}
21:58:27.499 [DEBUG] [org.gradle.process.internal.health.memory.MemoryManager] Emitting JVM memory status event {Maximum: 477626368, Committed: 343932928}
21:58:32.505 [DEBUG] [org.gradle.process.internal.health.memory.MemoryManager] Emitting OS memory status event {Total: 34212798464, Free: 13623349248}
21:58:32.506 [DEBUG] [org.gradle.launcher.daemon.server.health.LowMemoryDaemonExpirationStrategy] Received memory status update: {Total: 34212798464, Free: 13623349248}
21:58:32.506 [DEBUG] [org.gradle.process.internal.health.memory.MemoryManager] Emitting JVM memory status event {Maximum: 477626368, Committed: 343932928}
21:58:33.501 [DEBUG] [org.gradle.launcher.daemon.server.Daemon] DaemonExpirationPeriodicCheck running
21:58:33.501 [DEBUG] [org.gradle.cache.internal.DefaultFileLockManager] Waiting to acquire shared lock on daemon addresses registry.
21:58:33.502 [DEBUG] [org.gradle.cache.internal.DefaultFileLockManager] Lock acquired on daemon addresses registry.
21:58:33.502 [DEBUG] [org.gradle.cache.internal.DefaultFileLockManager] Releasing lock on daemon addresses registry.
21:58:33.502 [DEBUG] [org.gradle.cache.internal.DefaultFileLockManager] Waiting to acquire shared lock on daemon addresses registry.
21:58:33.502 [DEBUG] [org.gradle.cache.internal.DefaultFileLockManager] Lock acquired on daemon addresses registry.
21:58:33.502 [DEBUG] [org.gradle.cache.internal.DefaultFileLockManager] Releasing lock on daemon addresses registry.
21:58:33.502 [DEBUG] [org.gradle.cache.internal.DefaultFileLockManager] Waiting to acquire shared lock on daemon addresses registry.
21:58:33.503 [DEBUG] [org.gradle.cache.internal.DefaultFileLockManager] Lock acquired on daemon addresses registry.
21:58:33.503 [DEBUG] [org.gradle.cache.internal.DefaultFileLockManager] Releasing lock on daemon addresses registry.
21:58:37.504 [DEBUG] [org.gradle.process.internal.health.memory.MemoryManager] Emitting OS memory status event {Total: 34212798464, Free: 13750910976}
21:58:37.504 [DEBUG] [org.gradle.launcher.daemon.server.health.LowMemoryDaemonExpirationStrategy] Received memory status update: {Total: 34212798464, Free: 13750910976}
21:58:37.504 [DEBUG] [org.gradle.process.internal.health.memory.MemoryManager] Emitting JVM memory status event {Maximum: 477626368, Committed: 343932928}
21:58:42.506 [DEBUG] [org.gradle.process.internal.health.memory.MemoryManager] Emitting OS memory status event {Total: 34212798464, Free: 13735628800}
21:58:42.506 [DEBUG] [org.gradle.launcher.daemon.server.health.LowMemoryDaemonExpirationStrategy] Received memory status update: {Total: 34212798464, Free: 13735628800}
21:58:42.506 [DEBUG] [org.gradle.process.internal.health.memory.MemoryManager] Emitting JVM memory status event {Maximum: 477626368, Committed: 343932928}
21:58:43.508 [DEBUG] [org.gradle.launcher.daemon.server.Daemon] DaemonExpirationPeriodicCheck running
21:58:43.508 [DEBUG] [org.gradle.cache.internal.DefaultFileLockManager] Waiting to acquire shared lock on daemon addresses registry.
21:58:43.509 [DEBUG] [org.gradle.cache.internal.DefaultFileLockManager] Lock acquired on daemon addresses registry.
21:58:43.509 [DEBUG] [org.gradle.cache.internal.DefaultFileLockManager] Releasing lock on daemon addresses registry.
21:58:43.509 [DEBUG] [org.gradle.cache.internal.DefaultFileLockManager] Waiting to acquire shared lock on daemon addresses registry.
21:58:43.510 [DEBUG] [org.gradle.cache.internal.DefaultFileLockManager] Lock acquired on daemon addresses registry.
21:58:43.510 [DEBUG] [org.gradle.cache.internal.DefaultFileLockManager] Releasing lock on daemon addresses registry.
21:58:43.510 [DEBUG] [org.gradle.cache.internal.DefaultFileLockManager] Waiting to acquire shared lock on daemon addresses registry.
21:58:43.510 [DEBUG] [org.gradle.cache.internal.DefaultFileLockManager] Lock acquired on daemon addresses registry.
21:58:43.510 [DEBUG] [org.gradle.cache.internal.DefaultFileLockManager] Releasing lock on daemon addresses registry.
21:58:47.503 [DEBUG] [org.gradle.process.internal.health.memory.MemoryManager] Emitting OS memory status event {Total: 34212798464, Free: 13753987072}
21:58:47.503 [DEBUG] [org.gradle.launcher.daemon.server.health.LowMemoryDaemonExpirationStrategy] Received memory status update: {Total: 34212798464, Free: 13753987072}
21:58:47.503 [DEBUG] [org.gradle.process.internal.health.memory.MemoryManager] Emitting JVM memory status event {Maximum: 477626368, Committed: 343932928}
21:58:52.498 [DEBUG] [org.gradle.process.internal.health.memory.MemoryManager] Emitting OS memory status event {Total: 34212798464, Free: 13821440000}
21:58:52.498 [DEBUG] [org.gradle.launcher.daemon.server.health.LowMemoryDaemonExpirationStrategy] Received memory status update: {Total: 34212798464, Free: 13821440000}
21:58:52.498 [DEBUG] [org.gradle.process.internal.health.memory.MemoryManager] Emitting JVM memory status event {Maximum: 477626368, Committed: 343932928}
21:58:53.505 [DEBUG] [org.gradle.launcher.daemon.server.Daemon] DaemonExpirationPeriodicCheck running
21:58:53.506 [DEBUG] [org.gradle.cache.internal.DefaultFileLockManager] Waiting to acquire shared lock on daemon addresses registry.
21:58:53.506 [DEBUG] [org.gradle.cache.internal.DefaultFileLockManager] Lock acquired on daemon addresses registry.
21:58:53.506 [DEBUG] [org.gradle.cache.internal.DefaultFileLockManager] Releasing lock on daemon addresses registry.
21:58:53.506 [DEBUG] [org.gradle.cache.internal.DefaultFileLockManager] Waiting to acquire shared lock on daemon addresses registry.
21:58:53.506 [DEBUG] [org.gradle.cache.internal.DefaultFileLockManager] Lock acquired on daemon addresses registry.
21:58:53.506 [DEBUG] [org.gradle.cache.internal.DefaultFileLockManager] Releasing lock on daemon addresses registry.
21:58:53.507 [DEBUG] [org.gradle.cache.internal.DefaultFileLockManager] Waiting to acquire shared lock on daemon addresses registry.
21:58:53.507 [DEBUG] [org.gradle.cache.internal.DefaultFileLockManager] Lock acquired on daemon addresses registry.
21:58:53.507 [DEBUG] [org.gradle.cache.internal.DefaultFileLockManager] Releasing lock on daemon addresses registry.
21:58:57.501 [DEBUG] [org.gradle.process.internal.health.memory.MemoryManager] Emitting OS memory status event {Total: 34212798464, Free: 13826457600}
21:58:57.501 [DEBUG] [org.gradle.launcher.daemon.server.health.LowMemoryDaemonExpirationStrategy] Received memory status update: {Total: 34212798464, Free: 13826457600}
21:58:57.501 [DEBUG] [org.gradle.process.internal.health.memory.MemoryManager] Emitting JVM memory status event {Maximum: 477626368, Committed: 343932928}
21:59:02.505 [DEBUG] [org.gradle.process.internal.health.memory.MemoryManager] Emitting OS memory status event {Total: 34212798464, Free: 13810020352}
21:59:02.505 [DEBUG] [org.gradle.launcher.daemon.server.health.LowMemoryDaemonExpirationStrategy] Received memory status update: {Total: 34212798464, Free: 13810020352}
21:59:02.505 [DEBUG] [org.gradle.process.internal.health.memory.MemoryManager] Emitting JVM memory status event {Maximum: 477626368, Committed: 343932928}
21:59:03.505 [DEBUG] [org.gradle.launcher.daemon.server.Daemon] DaemonExpirationPeriodicCheck running
21:59:03.505 [DEBUG] [org.gradle.cache.internal.DefaultFileLockManager] Waiting to acquire shared lock on daemon addresses registry.
21:59:03.505 [DEBUG] [org.gradle.cache.internal.DefaultFileLockManager] Lock acquired on daemon addresses registry.
21:59:03.506 [DEBUG] [org.gradle.cache.internal.DefaultFileLockManager] Releasing lock on daemon addresses registry.
21:59:03.506 [DEBUG] [org.gradle.cache.internal.DefaultFileLockManager] Waiting to acquire shared lock on daemon addresses registry.
21:59:03.506 [DEBUG] [org.gradle.cache.internal.DefaultFileLockManager] Lock acquired on daemon addresses registry.
21:59:03.506 [DEBUG] [org.gradle.cache.internal.DefaultFileLockManager] Releasing lock on daemon addresses registry.
21:59:03.506 [DEBUG] [org.gradle.cache.internal.DefaultFileLockManager] Waiting to acquire shared lock on daemon addresses registry.
21:59:03.506 [DEBUG] [org.gradle.cache.internal.DefaultFileLockManager] Lock acquired on daemon addresses registry.
21:59:03.506 [DEBUG] [org.gradle.cache.internal.DefaultFileLockManager] Releasing lock on daemon addresses registry.
21:59:07.498 [DEBUG] [org.gradle.process.internal.health.memory.MemoryManager] Emitting OS memory status event {Total: 34212798464, Free: 13935562752}
21:59:07.499 [DEBUG] [org.gradle.launcher.daemon.server.health.LowMemoryDaemonExpirationStrategy] Received memory status update: {Total: 34212798464, Free: 13935562752}
21:59:07.499 [DEBUG] [org.gradle.process.internal.health.memory.MemoryManager] Emitting JVM memory status event {Maximum: 477626368, Committed: 343932928}
21:59:12.510 [DEBUG] [org.gradle.process.internal.health.memory.MemoryManager] Emitting OS memory status event {Total: 34212798464, Free: 13909811200}
21:59:12.510 [DEBUG] [org.gradle.launcher.daemon.server.health.LowMemoryDaemonExpirationStrategy] Received memory status update: {Total: 34212798464, Free: 13909811200}
21:59:12.510 [DEBUG] [org.gradle.process.internal.health.memory.MemoryManager] Emitting JVM memory status event {Maximum: 477626368, Committed: 343932928}
21:59:13.504 [DEBUG] [org.gradle.launcher.daemon.server.Daemon] DaemonExpirationPeriodicCheck running
21:59:13.504 [DEBUG] [org.gradle.cache.internal.DefaultFileLockManager] Waiting to acquire shared lock on daemon addresses registry.
21:59:13.504 [DEBUG] [org.gradle.cache.internal.DefaultFileLockManager] Lock acquired on daemon addresses registry.
21:59:13.504 [DEBUG] [org.gradle.cache.internal.DefaultFileLockManager] Releasing lock on daemon addresses registry.
21:59:13.505 [DEBUG] [org.gradle.cache.internal.DefaultFileLockManager] Waiting to acquire shared lock on daemon addresses registry.
21:59:13.505 [DEBUG] [org.gradle.cache.internal.DefaultFileLockManager] Lock acquired on daemon addresses registry.
21:59:13.505 [DEBUG] [org.gradle.cache.internal.DefaultFileLockManager] Releasing lock on daemon addresses registry.
21:59:13.505 [DEBUG] [org.gradle.cache.internal.DefaultFileLockManager] Waiting to acquire shared lock on daemon addresses registry.
21:59:13.505 [DEBUG] [org.gradle.cache.internal.DefaultFileLockManager] Lock acquired on daemon addresses registry.
21:59:13.505 [DEBUG] [org.gradle.cache.internal.DefaultFileLockManager] Releasing lock on daemon addresses registry.
21:59:17.502 [DEBUG] [org.gradle.process.internal.health.memory.MemoryManager] Emitting OS memory status event {Total: 34212798464, Free: 13920309248}
21:59:17.503 [DEBUG] [org.gradle.launcher.daemon.server.health.LowMemoryDaemonExpirationStrategy] Received memory status update: {Total: 34212798464, Free: 13920309248}
21:59:17.503 [DEBUG] [org.gradle.process.internal.health.memory.MemoryManager] Emitting JVM memory status event {Maximum: 477626368, Committed: 343932928}
21:59:22.506 [DEBUG] [org.gradle.process.internal.health.memory.MemoryManager] Emitting OS memory status event {Total: 34212798464, Free: 14000746496}
21:59:22.506 [DEBUG] [org.gradle.launcher.daemon.server.health.LowMemoryDaemonExpirationStrategy] Received memory status update: {Total: 34212798464, Free: 14000746496}
21:59:22.506 [DEBUG] [org.gradle.process.internal.health.memory.MemoryManager] Emitting JVM memory status event {Maximum: 477626368, Committed: 343932928}
21:59:23.505 [DEBUG] [org.gradle.launcher.daemon.server.Daemon] DaemonExpirationPeriodicCheck running
21:59:23.506 [DEBUG] [org.gradle.cache.internal.DefaultFileLockManager] Waiting to acquire shared lock on daemon addresses registry.
21:59:23.506 [DEBUG] [org.gradle.cache.internal.DefaultFileLockManager] Lock acquired on daemon addresses registry.
21:59:23.506 [DEBUG] [org.gradle.cache.internal.DefaultFileLockManager] Releasing lock on daemon addresses registry.
21:59:23.507 [DEBUG] [org.gradle.cache.internal.DefaultFileLockManager] Waiting to acquire shared lock on daemon addresses registry.
21:59:23.507 [DEBUG] [org.gradle.cache.internal.DefaultFileLockManager] Lock acquired on daemon addresses registry.
21:59:23.507 [DEBUG] [org.gradle.cache.internal.DefaultFileLockManager] Releasing lock on daemon addresses registry.
21:59:23.507 [DEBUG] [org.gradle.cache.internal.DefaultFileLockManager] Waiting to acquire shared lock on daemon addresses registry.
21:59:23.507 [DEBUG] [org.gradle.cache.internal.DefaultFileLockManager] Lock acquired on daemon addresses registry.
21:59:23.508 [DEBUG] [org.gradle.cache.internal.DefaultFileLockManager] Releasing lock on daemon addresses registry.
21:59:27.510 [DEBUG] [org.gradle.process.internal.health.memory.MemoryManager] Emitting OS memory status event {Total: 34212798464, Free: 13988352000}
21:59:27.510 [DEBUG] [org.gradle.launcher.daemon.server.health.LowMemoryDaemonExpirationStrategy] Received memory status update: {Total: 34212798464, Free: 13988352000}
21:59:27.510 [DEBUG] [org.gradle.process.internal.health.memory.MemoryManager] Emitting JVM memory status event {Maximum: 477626368, Committed: 343932928}
21:59:32.511 [DEBUG] [org.gradle.process.internal.health.memory.MemoryManager] Emitting OS memory status event {Total: 34212798464, Free: 13991456768}
21:59:32.511 [DEBUG] [org.gradle.launcher.daemon.server.health.LowMemoryDaemonExpirationStrategy] Received memory status update: {Total: 34212798464, Free: 13991456768}
21:59:32.511 [DEBUG] [org.gradle.process.internal.health.memory.MemoryManager] Emitting JVM memory status event {Maximum: 477626368, Committed: 343932928}
21:59:33.503 [DEBUG] [org.gradle.launcher.daemon.server.Daemon] DaemonExpirationPeriodicCheck running
21:59:33.503 [DEBUG] [org.gradle.cache.internal.DefaultFileLockManager] Waiting to acquire shared lock on daemon addresses registry.
21:59:33.503 [DEBUG] [org.gradle.cache.internal.DefaultFileLockManager] Lock acquired on daemon addresses registry.
21:59:33.503 [DEBUG] [org.gradle.cache.internal.DefaultFileLockManager] Releasing lock on daemon addresses registry.
21:59:33.504 [DEBUG] [org.gradle.cache.internal.DefaultFileLockManager] Waiting to acquire shared lock on daemon addresses registry.
21:59:33.504 [DEBUG] [org.gradle.cache.internal.DefaultFileLockManager] Lock acquired on daemon addresses registry.
21:59:33.504 [DEBUG] [org.gradle.cache.internal.DefaultFileLockManager] Releasing lock on daemon addresses registry.
21:59:33.504 [DEBUG] [org.gradle.cache.internal.DefaultFileLockManager] Waiting to acquire shared lock on daemon addresses registry.
21:59:33.504 [DEBUG] [org.gradle.cache.internal.DefaultFileLockManager] Lock acquired on daemon addresses registry.
21:59:33.505 [DEBUG] [org.gradle.cache.internal.DefaultFileLockManager] Releasing lock on daemon addresses registry.
21:59:37.508 [DEBUG] [org.gradle.process.internal.health.memory.MemoryManager] Emitting OS memory status event {Total: 34212798464, Free: 13985316864}
21:59:37.508 [DEBUG] [org.gradle.launcher.daemon.server.health.LowMemoryDaemonExpirationStrategy] Received memory status update: {Total: 34212798464, Free: 13985316864}
21:59:37.508 [DEBUG] [org.gradle.process.internal.health.memory.MemoryManager] Emitting JVM memory status event {Maximum: 477626368, Committed: 343932928}
21:59:42.506 [DEBUG] [org.gradle.process.internal.health.memory.MemoryManager] Emitting OS memory status event {Total: 34212798464, Free: 13952516096}
21:59:42.506 [DEBUG] [org.gradle.launcher.daemon.server.health.LowMemoryDaemonExpirationStrategy] Received memory status update: {Total: 34212798464, Free: 13952516096}
21:59:42.506 [DEBUG] [org.gradle.process.internal.health.memory.MemoryManager] Emitting JVM memory status event {Maximum: 477626368, Committed: 343932928}
21:59:43.502 [DEBUG] [org.gradle.launcher.daemon.server.Daemon] DaemonExpirationPeriodicCheck running
21:59:43.503 [DEBUG] [org.gradle.cache.internal.DefaultFileLockManager] Waiting to acquire shared lock on daemon addresses registry.
21:59:43.503 [DEBUG] [org.gradle.cache.internal.DefaultFileLockManager] Lock acquired on daemon addresses registry.
21:59:43.503 [DEBUG] [org.gradle.cache.internal.DefaultFileLockManager] Releasing lock on daemon addresses registry.
21:59:43.503 [DEBUG] [org.gradle.cache.internal.DefaultFileLockManager] Waiting to acquire shared lock on daemon addresses registry.
21:59:43.503 [DEBUG] [org.gradle.cache.internal.DefaultFileLockManager] Lock acquired on daemon addresses registry.
21:59:43.503 [DEBUG] [org.gradle.cache.internal.DefaultFileLockManager] Releasing lock on daemon addresses registry.
21:59:43.504 [DEBUG] [org.gradle.cache.internal.DefaultFileLockManager] Waiting to acquire shared lock on daemon addresses registry.
21:59:43.504 [DEBUG] [org.gradle.cache.internal.DefaultFileLockManager] Lock acquired on daemon addresses registry.
21:59:43.504 [DEBUG] [org.gradle.cache.internal.DefaultFileLockManager] Releasing lock on daemon addresses registry.
21:59:47.507 [DEBUG] [org.gradle.process.internal.health.memory.MemoryManager] Emitting OS memory status event {Total: 34212798464, Free: 13858181120}
21:59:47.507 [DEBUG] [org.gradle.launcher.daemon.server.health.LowMemoryDaemonExpirationStrategy] Received memory status update: {Total: 34212798464, Free: 13858181120}
21:59:47.507 [DEBUG] [org.gradle.process.internal.health.memory.MemoryManager] Emitting JVM memory status event {Maximum: 477626368, Committed: 343932928}
21:59:52.510 [DEBUG] [org.gradle.process.internal.health.memory.MemoryManager] Emitting OS memory status event {Total: 34212798464, Free: 13948391424}
21:59:52.510 [DEBUG] [org.gradle.launcher.daemon.server.health.LowMemoryDaemonExpirationStrategy] Received memory status update: {Total: 34212798464, Free: 13948391424}
21:59:52.510 [DEBUG] [org.gradle.process.internal.health.memory.MemoryManager] Emitting JVM memory status event {Maximum: 477626368, Committed: 343932928}
21:59:53.496 [DEBUG] [org.gradle.launcher.daemon.server.Daemon] DaemonExpirationPeriodicCheck running
21:59:53.497 [DEBUG] [org.gradle.cache.internal.DefaultFileLockManager] Waiting to acquire shared lock on daemon addresses registry.
21:59:53.497 [DEBUG] [org.gradle.cache.internal.DefaultFileLockManager] Lock acquired on daemon addresses registry.
21:59:53.497 [DEBUG] [org.gradle.cache.internal.DefaultFileLockManager] Releasing lock on daemon addresses registry.
21:59:53.497 [DEBUG] [org.gradle.cache.internal.DefaultFileLockManager] Waiting to acquire shared lock on daemon addresses registry.
21:59:53.497 [DEBUG] [org.gradle.cache.internal.DefaultFileLockManager] Lock acquired on daemon addresses registry.
21:59:53.497 [DEBUG] [org.gradle.cache.internal.DefaultFileLockManager] Releasing lock on daemon addresses registry.
21:59:53.498 [DEBUG] [org.gradle.cache.internal.DefaultFileLockManager] Waiting to acquire shared lock on daemon addresses registry.
21:59:53.498 [DEBUG] [org.gradle.cache.internal.DefaultFileLockManager] Lock acquired on daemon addresses registry.
21:59:53.498 [DEBUG] [org.gradle.cache.internal.DefaultFileLockManager] Releasing lock on daemon addresses registry.
21:59:57.501 [DEBUG] [org.gradle.process.internal.health.memory.MemoryManager] Emitting OS memory status event {Total: 34212798464, Free: 13943267328}
21:59:57.501 [DEBUG] [org.gradle.launcher.daemon.server.health.LowMemoryDaemonExpirationStrategy] Received memory status update: {Total: 34212798464, Free: 13943267328}
21:59:57.501 [DEBUG] [org.gradle.process.internal.health.memory.MemoryManager] Emitting JVM memory status event {Maximum: 477626368, Committed: 343932928}
22:00:02.502 [DEBUG] [org.gradle.process.internal.health.memory.MemoryManager] Emitting OS memory status event {Total: 34212798464, Free: 13956186112}
22:00:02.502 [DEBUG] [org.gradle.launcher.daemon.server.health.LowMemoryDaemonExpirationStrategy] Received memory status update: {Total: 34212798464, Free: 13956186112}
22:00:02.502 [DEBUG] [org.gradle.process.internal.health.memory.MemoryManager] Emitting JVM memory status event {Maximum: 477626368, Committed: 343932928}
22:00:03.505 [DEBUG] [org.gradle.launcher.daemon.server.Daemon] DaemonExpirationPeriodicCheck running
22:00:03.506 [DEBUG] [org.gradle.cache.internal.DefaultFileLockManager] Waiting to acquire shared lock on daemon addresses registry.
22:00:03.506 [DEBUG] [org.gradle.cache.internal.DefaultFileLockManager] Lock acquired on daemon addresses registry.
22:00:03.506 [DEBUG] [org.gradle.cache.internal.DefaultFileLockManager] Releasing lock on daemon addresses registry.
22:00:03.507 [DEBUG] [org.gradle.cache.internal.DefaultFileLockManager] Waiting to acquire shared lock on daemon addresses registry.
22:00:03.507 [DEBUG] [org.gradle.cache.internal.DefaultFileLockManager] Lock acquired on daemon addresses registry.
22:00:03.507 [DEBUG] [org.gradle.cache.internal.DefaultFileLockManager] Releasing lock on daemon addresses registry.
22:00:03.507 [DEBUG] [org.gradle.cache.internal.DefaultFileLockManager] Waiting to acquire shared lock on daemon addresses registry.
22:00:03.507 [DEBUG] [org.gradle.cache.internal.DefaultFileLockManager] Lock acquired on daemon addresses registry.
22:00:03.508 [DEBUG] [org.gradle.cache.internal.DefaultFileLockManager] Releasing lock on daemon addresses registry.
22:00:07.507 [DEBUG] [org.gradle.process.internal.health.memory.MemoryManager] Emitting OS memory status event {Total: 34212798464, Free: 13871230976}
22:00:07.507 [DEBUG] [org.gradle.launcher.daemon.server.health.LowMemoryDaemonExpirationStrategy] Received memory status update: {Total: 34212798464, Free: 13871230976}
22:00:07.507 [DEBUG] [org.gradle.process.internal.health.memory.MemoryManager] Emitting JVM memory status event {Maximum: 477626368, Committed: 343932928}
22:00:12.501 [DEBUG] [org.gradle.process.internal.health.memory.MemoryManager] Emitting OS memory status event {Total: 34212798464, Free: 13851701248}
22:00:12.501 [DEBUG] [org.gradle.launcher.daemon.server.health.LowMemoryDaemonExpirationStrategy] Received memory status update: {Total: 34212798464, Free: 13851701248}
22:00:12.501 [DEBUG] [org.gradle.process.internal.health.memory.MemoryManager] Emitting JVM memory status event {Maximum: 477626368, Committed: 343932928}
22:00:13.496 [DEBUG] [org.gradle.launcher.daemon.server.Daemon] DaemonExpirationPeriodicCheck running
22:00:13.496 [DEBUG] [org.gradle.cache.internal.DefaultFileLockManager] Waiting to acquire shared lock on daemon addresses registry.
22:00:13.496 [DEBUG] [org.gradle.cache.internal.DefaultFileLockManager] Lock acquired on daemon addresses registry.
22:00:13.496 [DEBUG] [org.gradle.cache.internal.DefaultFileLockManager] Releasing lock on daemon addresses registry.
22:00:13.497 [DEBUG] [org.gradle.cache.internal.DefaultFileLockManager] Waiting to acquire shared lock on daemon addresses registry.
22:00:13.497 [DEBUG] [org.gradle.cache.internal.DefaultFileLockManager] Lock acquired on daemon addresses registry.
22:00:13.497 [DEBUG] [org.gradle.cache.internal.DefaultFileLockManager] Releasing lock on daemon addresses registry.
22:00:13.497 [DEBUG] [org.gradle.cache.internal.DefaultFileLockManager] Waiting to acquire shared lock on daemon addresses registry.
22:00:13.497 [DEBUG] [org.gradle.cache.internal.DefaultFileLockManager] Lock acquired on daemon addresses registry.
22:00:13.497 [DEBUG] [org.gradle.cache.internal.DefaultFileLockManager] Releasing lock on daemon addresses registry.
22:00:17.499 [DEBUG] [org.gradle.process.internal.health.memory.MemoryManager] Emitting OS memory status event {Total: 34212798464, Free: 13871226880}
22:00:17.499 [DEBUG] [org.gradle.launcher.daemon.server.health.LowMemoryDaemonExpirationStrategy] Received memory status update: {Total: 34212798464, Free: 13871226880}
22:00:17.499 [DEBUG] [org.gradle.process.internal.health.memory.MemoryManager] Emitting JVM memory status event {Maximum: 477626368, Committed: 343932928}
22:00:22.502 [DEBUG] [org.gradle.process.internal.health.memory.MemoryManager] Emitting OS memory status event {Total: 34212798464, Free: 13880418304}
22:00:22.502 [DEBUG] [org.gradle.launcher.daemon.server.health.LowMemoryDaemonExpirationStrategy] Received memory status update: {Total: 34212798464, Free: 13880418304}
22:00:22.502 [DEBUG] [org.gradle.process.internal.health.memory.MemoryManager] Emitting JVM memory status event {Maximum: 477626368, Committed: 343932928}
22:00:23.508 [DEBUG] [org.gradle.launcher.daemon.server.Daemon] DaemonExpirationPeriodicCheck running
22:00:23.508 [DEBUG] [org.gradle.cache.internal.DefaultFileLockManager] Waiting to acquire shared lock on daemon addresses registry.
22:00:23.508 [DEBUG] [org.gradle.cache.internal.DefaultFileLockManager] Lock acquired on daemon addresses registry.
22:00:23.508 [DEBUG] [org.gradle.cache.internal.DefaultFileLockManager] Releasing lock on daemon addresses registry.
22:00:23.509 [DEBUG] [org.gradle.cache.internal.DefaultFileLockManager] Waiting to acquire shared lock on daemon addresses registry.
22:00:23.509 [DEBUG] [org.gradle.cache.internal.DefaultFileLockManager] Lock acquired on daemon addresses registry.
22:00:23.509 [DEBUG] [org.gradle.cache.internal.DefaultFileLockManager] Releasing lock on daemon addresses registry.
22:00:23.509 [DEBUG] [org.gradle.cache.internal.DefaultFileLockManager] Waiting to acquire shared lock on daemon addresses registry.
22:00:23.509 [DEBUG] [org.gradle.cache.internal.DefaultFileLockManager] Lock acquired on daemon addresses registry.
22:00:23.509 [DEBUG] [org.gradle.cache.internal.DefaultFileLockManager] Releasing lock on daemon addresses registry.
22:00:27.505 [DEBUG] [org.gradle.process.internal.health.memory.MemoryManager] Emitting OS memory status event {Total: 34212798464, Free: 13870989312}
22:00:27.505 [DEBUG] [org.gradle.launcher.daemon.server.health.LowMemoryDaemonExpirationStrategy] Received memory status update: {Total: 34212798464, Free: 13870989312}
22:00:27.505 [DEBUG] [org.gradle.process.internal.health.memory.MemoryManager] Emitting JVM memory status event {Maximum: 477626368, Committed: 343932928}
22:00:32.509 [DEBUG] [org.gradle.process.internal.health.memory.MemoryManager] Emitting OS memory status event {Total: 34212798464, Free: 13961035776}
22:00:32.509 [DEBUG] [org.gradle.launcher.daemon.server.health.LowMemoryDaemonExpirationStrategy] Received memory status update: {Total: 34212798464, Free: 13961035776}
22:00:32.509 [DEBUG] [org.gradle.process.internal.health.memory.MemoryManager] Emitting JVM memory status event {Maximum: 477626368, Committed: 343932928}
22:00:33.500 [DEBUG] [org.gradle.launcher.daemon.server.Daemon] DaemonExpirationPeriodicCheck running
22:00:33.501 [DEBUG] [org.gradle.cache.internal.DefaultFileLockManager] Waiting to acquire shared lock on daemon addresses registry.
22:00:33.501 [DEBUG] [org.gradle.cache.internal.DefaultFileLockManager] Lock acquired on daemon addresses registry.
22:00:33.501 [DEBUG] [org.gradle.cache.internal.DefaultFileLockManager] Releasing lock on daemon addresses registry.
22:00:33.502 [DEBUG] [org.gradle.cache.internal.DefaultFileLockManager] Waiting to acquire shared lock on daemon addresses registry.
22:00:33.502 [DEBUG] [org.gradle.cache.internal.DefaultFileLockManager] Lock acquired on daemon addresses registry.
22:00:33.502 [DEBUG] [org.gradle.cache.internal.DefaultFileLockManager] Releasing lock on daemon addresses registry.
22:00:33.502 [DEBUG] [org.gradle.cache.internal.DefaultFileLockManager] Waiting to acquire shared lock on daemon addresses registry.
22:00:33.502 [DEBUG] [org.gradle.cache.internal.DefaultFileLockManager] Lock acquired on daemon addresses registry.
22:00:33.502 [DEBUG] [org.gradle.cache.internal.DefaultFileLockManager] Releasing lock on daemon addresses registry.
22:00:37.500 [DEBUG] [org.gradle.process.internal.health.memory.MemoryManager] Emitting OS memory status event {Total: 34212798464, Free: 13947457536}
22:00:37.500 [DEBUG] [org.gradle.launcher.daemon.server.health.LowMemoryDaemonExpirationStrategy] Received memory status update: {Total: 34212798464, Free: 13947457536}
22:00:37.500 [DEBUG] [org.gradle.process.internal.health.memory.MemoryManager] Emitting JVM memory status event {Maximum: 477626368, Committed: 343932928}
22:00:42.501 [DEBUG] [org.gradle.process.internal.health.memory.MemoryManager] Emitting OS memory status event {Total: 34212798464, Free: 13948243968}
22:00:42.501 [DEBUG] [org.gradle.launcher.daemon.server.health.LowMemoryDaemonExpirationStrategy] Received memory status update: {Total: 34212798464, Free: 13948243968}
22:00:42.501 [DEBUG] [org.gradle.process.internal.health.memory.MemoryManager] Emitting JVM memory status event {Maximum: 477626368, Committed: 343932928}
22:00:43.503 [DEBUG] [org.gradle.launcher.daemon.server.Daemon] DaemonExpirationPeriodicCheck running
22:00:43.504 [DEBUG] [org.gradle.cache.internal.DefaultFileLockManager] Waiting to acquire shared lock on daemon addresses registry.
22:00:43.504 [DEBUG] [org.gradle.cache.internal.DefaultFileLockManager] Lock acquired on daemon addresses registry.
22:00:43.504 [DEBUG] [org.gradle.cache.internal.DefaultFileLockManager] Releasing lock on daemon addresses registry.
22:00:43.505 [DEBUG] [org.gradle.cache.internal.DefaultFileLockManager] Waiting to acquire shared lock on daemon addresses registry.
22:00:43.505 [DEBUG] [org.gradle.cache.internal.DefaultFileLockManager] Lock acquired on daemon addresses registry.
22:00:43.505 [DEBUG] [org.gradle.cache.internal.DefaultFileLockManager] Releasing lock on daemon addresses registry.
22:00:43.505 [DEBUG] [org.gradle.cache.internal.DefaultFileLockManager] Waiting to acquire shared lock on daemon addresses registry.
22:00:43.505 [DEBUG] [org.gradle.cache.internal.DefaultFileLockManager] Lock acquired on daemon addresses registry.
22:00:43.505 [DEBUG] [org.gradle.cache.internal.DefaultFileLockManager] Releasing lock on daemon addresses registry.
22:00:47.505 [DEBUG] [org.gradle.process.internal.health.memory.MemoryManager] Emitting OS memory status event {Total: 34212798464, Free: 13946761216}
22:00:47.505 [DEBUG] [org.gradle.launcher.daemon.server.health.LowMemoryDaemonExpirationStrategy] Received memory status update: {Total: 34212798464, Free: 13946761216}
22:00:47.505 [DEBUG] [org.gradle.process.internal.health.memory.MemoryManager] Emitting JVM memory status event {Maximum: 477626368, Committed: 343932928}
22:00:52.505 [DEBUG] [org.gradle.process.internal.health.memory.MemoryManager] Emitting OS memory status event {Total: 34212798464, Free: 13971439616}
22:00:52.505 [DEBUG] [org.gradle.launcher.daemon.server.health.LowMemoryDaemonExpirationStrategy] Received memory status update: {Total: 34212798464, Free: 13971439616}
22:00:52.505 [DEBUG] [org.gradle.process.internal.health.memory.MemoryManager] Emitting JVM memory status event {Maximum: 477626368, Committed: 343932928}
22:00:53.498 [DEBUG] [org.gradle.launcher.daemon.server.Daemon] DaemonExpirationPeriodicCheck running
22:00:53.499 [DEBUG] [org.gradle.cache.internal.DefaultFileLockManager] Waiting to acquire shared lock on daemon addresses registry.
22:00:53.499 [DEBUG] [org.gradle.cache.internal.DefaultFileLockManager] Lock acquired on daemon addresses registry.
22:00:53.499 [DEBUG] [org.gradle.cache.internal.DefaultFileLockManager] Releasing lock on daemon addresses registry.
22:00:53.499 [DEBUG] [org.gradle.cache.internal.DefaultFileLockManager] Waiting to acquire shared lock on daemon addresses registry.
22:00:53.499 [DEBUG] [org.gradle.cache.internal.DefaultFileLockManager] Lock acquired on daemon addresses registry.
22:00:53.500 [DEBUG] [org.gradle.cache.internal.DefaultFileLockManager] Releasing lock on daemon addresses registry.
22:00:53.500 [DEBUG] [org.gradle.cache.internal.DefaultFileLockManager] Waiting to acquire shared lock on daemon addresses registry.
22:00:53.500 [DEBUG] [org.gradle.cache.internal.DefaultFileLockManager] Lock acquired on daemon addresses registry.
22:00:53.500 [DEBUG] [org.gradle.cache.internal.DefaultFileLockManager] Releasing lock on daemon addresses registry.
22:00:57.503 [DEBUG] [org.gradle.process.internal.health.memory.MemoryManager] Emitting OS memory status event {Total: 34212798464, Free: 13958905856}
22:00:57.503 [DEBUG] [org.gradle.launcher.daemon.server.health.LowMemoryDaemonExpirationStrategy] Received memory status update: {Total: 34212798464, Free: 13958905856}
22:00:57.503 [DEBUG] [org.gradle.process.internal.health.memory.MemoryManager] Emitting JVM memory status event {Maximum: 477626368, Committed: 343932928}
22:01:02.500 [DEBUG] [org.gradle.process.internal.health.memory.MemoryManager] Emitting OS memory status event {Total: 34212798464, Free: 13952184320}
22:01:02.501 [DEBUG] [org.gradle.launcher.daemon.server.health.LowMemoryDaemonExpirationStrategy] Received memory status update: {Total: 34212798464, Free: 13952184320}
22:01:02.501 [DEBUG] [org.gradle.process.internal.health.memory.MemoryManager] Emitting JVM memory status event {Maximum: 477626368, Committed: 343932928}
22:01:03.505 [DEBUG] [org.gradle.launcher.daemon.server.Daemon] DaemonExpirationPeriodicCheck running
22:01:03.505 [DEBUG] [org.gradle.cache.internal.DefaultFileLockManager] Waiting to acquire shared lock on daemon addresses registry.
22:01:03.506 [DEBUG] [org.gradle.cache.internal.DefaultFileLockManager] Lock acquired on daemon addresses registry.
22:01:03.506 [DEBUG] [org.gradle.cache.internal.DefaultFileLockManager] Releasing lock on daemon addresses registry.
22:01:03.506 [DEBUG] [org.gradle.cache.internal.DefaultFileLockManager] Waiting to acquire shared lock on daemon addresses registry.
22:01:03.506 [DEBUG] [org.gradle.cache.internal.DefaultFileLockManager] Lock acquired on daemon addresses registry.
22:01:03.506 [DEBUG] [org.gradle.cache.internal.DefaultFileLockManager] Releasing lock on daemon addresses registry.
22:01:03.506 [DEBUG] [org.gradle.cache.internal.DefaultFileLockManager] Waiting to acquire shared lock on daemon addresses registry.
22:01:03.507 [DEBUG] [org.gradle.cache.internal.DefaultFileLockManager] Lock acquired on daemon addresses registry.
22:01:03.507 [DEBUG] [org.gradle.cache.internal.DefaultFileLockManager] Releasing lock on daemon addresses registry.
22:01:07.497 [DEBUG] [org.gradle.process.internal.health.memory.MemoryManager] Emitting OS memory status event {Total: 34212798464, Free: 13946613760}
22:01:07.497 [DEBUG] [org.gradle.launcher.daemon.server.health.LowMemoryDaemonExpirationStrategy] Received memory status update: {Total: 34212798464, Free: 13946613760}
22:01:07.497 [DEBUG] [org.gradle.process.internal.health.memory.MemoryManager] Emitting JVM memory status event {Maximum: 477626368, Committed: 343932928}
22:01:12.500 [DEBUG] [org.gradle.process.internal.health.memory.MemoryManager] Emitting OS memory status event {Total: 34212798464, Free: 13893799936}
22:01:12.500 [DEBUG] [org.gradle.launcher.daemon.server.health.LowMemoryDaemonExpirationStrategy] Received memory status update: {Total: 34212798464, Free: 13893799936}
22:01:12.500 [DEBUG] [org.gradle.process.internal.health.memory.MemoryManager] Emitting JVM memory status event {Maximum: 477626368, Committed: 343932928}
22:01:13.503 [DEBUG] [org.gradle.launcher.daemon.server.Daemon] DaemonExpirationPeriodicCheck running
22:01:13.504 [DEBUG] [org.gradle.cache.internal.DefaultFileLockManager] Waiting to acquire shared lock on daemon addresses registry.
22:01:13.504 [DEBUG] [org.gradle.cache.internal.DefaultFileLockManager] Lock acquired on daemon addresses registry.
22:01:13.504 [DEBUG] [org.gradle.cache.internal.DefaultFileLockManager] Releasing lock on daemon addresses registry.
22:01:13.505 [DEBUG] [org.gradle.cache.internal.DefaultFileLockManager] Waiting to acquire shared lock on daemon addresses registry.
22:01:13.505 [DEBUG] [org.gradle.cache.internal.DefaultFileLockManager] Lock acquired on daemon addresses registry.
22:01:13.505 [DEBUG] [org.gradle.cache.internal.DefaultFileLockManager] Releasing lock on daemon addresses registry.
22:01:13.505 [DEBUG] [org.gradle.cache.internal.DefaultFileLockManager] Waiting to acquire shared lock on daemon addresses registry.
22:01:13.505 [DEBUG] [org.gradle.cache.internal.DefaultFileLockManager] Lock acquired on daemon addresses registry.
22:01:13.505 [DEBUG] [org.gradle.cache.internal.DefaultFileLockManager] Releasing lock on daemon addresses registry.
22:01:17.501 [DEBUG] [org.gradle.process.internal.health.memory.MemoryManager] Emitting OS memory status event {Total: 34212798464, Free: 13911207936}
22:01:17.501 [DEBUG] [org.gradle.launcher.daemon.server.health.LowMemoryDaemonExpirationStrategy] Received memory status update: {Total: 34212798464, Free: 13911207936}
22:01:17.501 [DEBUG] [org.gradle.process.internal.health.memory.MemoryManager] Emitting JVM memory status event {Maximum: 477626368, Committed: 343932928}
22:01:22.499 [DEBUG] [org.gradle.process.internal.health.memory.MemoryManager] Emitting OS memory status event {Total: 34212798464, Free: 13903687680}
22:01:22.499 [DEBUG] [org.gradle.launcher.daemon.server.health.LowMemoryDaemonExpirationStrategy] Received memory status update: {Total: 34212798464, Free: 13903687680}
22:01:22.499 [DEBUG] [org.gradle.process.internal.health.memory.MemoryManager] Emitting JVM memory status event {Maximum: 477626368, Committed: 343932928}
22:01:23.502 [DEBUG] [org.gradle.launcher.daemon.server.Daemon] DaemonExpirationPeriodicCheck running
22:01:23.502 [DEBUG] [org.gradle.cache.internal.DefaultFileLockManager] Waiting to acquire shared lock on daemon addresses registry.
22:01:23.502 [DEBUG] [org.gradle.cache.internal.DefaultFileLockManager] Lock acquired on daemon addresses registry.
22:01:23.502 [DEBUG] [org.gradle.cache.internal.DefaultFileLockManager] Releasing lock on daemon addresses registry.
22:01:23.503 [DEBUG] [org.gradle.cache.internal.DefaultFileLockManager] Waiting to acquire shared lock on daemon addresses registry.
22:01:23.503 [DEBUG] [org.gradle.cache.internal.DefaultFileLockManager] Lock acquired on daemon addresses registry.
22:01:23.503 [DEBUG] [org.gradle.cache.internal.DefaultFileLockManager] Releasing lock on daemon addresses registry.
22:01:23.503 [DEBUG] [org.gradle.cache.internal.DefaultFileLockManager] Waiting to acquire shared lock on daemon addresses registry.
22:01:23.503 [DEBUG] [org.gradle.cache.internal.DefaultFileLockManager] Lock acquired on daemon addresses registry.
22:01:23.503 [DEBUG] [org.gradle.cache.internal.DefaultFileLockManager] Releasing lock on daemon addresses registry.
22:01:27.502 [DEBUG] [org.gradle.process.internal.health.memory.MemoryManager] Emitting OS memory status event {Total: 34212798464, Free: 13920997376}
22:01:27.502 [DEBUG] [org.gradle.launcher.daemon.server.health.LowMemoryDaemonExpirationStrategy] Received memory status update: {Total: 34212798464, Free: 13920997376}
22:01:27.502 [DEBUG] [org.gradle.process.internal.health.memory.MemoryManager] Emitting JVM memory status event {Maximum: 477626368, Committed: 343932928}
22:01:32.510 [DEBUG] [org.gradle.process.internal.health.memory.MemoryManager] Emitting OS memory status event {Total: 34212798464, Free: 13939539968}
22:01:32.510 [DEBUG] [org.gradle.launcher.daemon.server.health.LowMemoryDaemonExpirationStrategy] Received memory status update: {Total: 34212798464, Free: 13939539968}
22:01:32.510 [DEBUG] [org.gradle.process.internal.health.memory.MemoryManager] Emitting JVM memory status event {Maximum: 477626368, Committed: 343932928}
22:01:33.496 [DEBUG] [org.gradle.launcher.daemon.server.Daemon] DaemonExpirationPeriodicCheck running
22:01:33.496 [DEBUG] [org.gradle.cache.internal.DefaultFileLockManager] Waiting to acquire shared lock on daemon addresses registry.
22:01:33.496 [DEBUG] [org.gradle.cache.internal.DefaultFileLockManager] Lock acquired on daemon addresses registry.
22:01:33.496 [DEBUG] [org.gradle.cache.internal.DefaultFileLockManager] Releasing lock on daemon addresses registry.
22:01:33.497 [DEBUG] [org.gradle.cache.internal.DefaultFileLockManager] Waiting to acquire shared lock on daemon addresses registry.
22:01:33.497 [DEBUG] [org.gradle.cache.internal.DefaultFileLockManager] Lock acquired on daemon addresses registry.
22:01:33.497 [DEBUG] [org.gradle.cache.internal.DefaultFileLockManager] Releasing lock on daemon addresses registry.
22:01:33.497 [DEBUG] [org.gradle.cache.internal.DefaultFileLockManager] Waiting to acquire shared lock on daemon addresses registry.
22:01:33.497 [DEBUG] [org.gradle.cache.internal.DefaultFileLockManager] Lock acquired on daemon addresses registry.
22:01:33.497 [DEBUG] [org.gradle.cache.internal.DefaultFileLockManager] Releasing lock on daemon addresses registry.
22:01:37.507 [DEBUG] [org.gradle.process.internal.health.memory.MemoryManager] Emitting OS memory status event {Total: 34212798464, Free: 13974650880}
22:01:37.507 [DEBUG] [org.gradle.launcher.daemon.server.health.LowMemoryDaemonExpirationStrategy] Received memory status update: {Total: 34212798464, Free: 13974650880}
22:01:37.508 [DEBUG] [org.gradle.process.internal.health.memory.MemoryManager] Emitting JVM memory status event {Maximum: 477626368, Committed: 343932928}
22:01:42.509 [DEBUG] [org.gradle.process.internal.health.memory.MemoryManager] Emitting OS memory status event {Total: 34212798464, Free: 13961687040}
22:01:42.509 [DEBUG] [org.gradle.launcher.daemon.server.health.LowMemoryDaemonExpirationStrategy] Received memory status update: {Total: 34212798464, Free: 13961687040}
22:01:42.509 [DEBUG] [org.gradle.process.internal.health.memory.MemoryManager] Emitting JVM memory status event {Maximum: 477626368, Committed: 343932928}
22:01:43.505 [DEBUG] [org.gradle.launcher.daemon.server.Daemon] DaemonExpirationPeriodicCheck running
22:01:43.505 [DEBUG] [org.gradle.cache.internal.DefaultFileLockManager] Waiting to acquire shared lock on daemon addresses registry.
22:01:43.505 [DEBUG] [org.gradle.cache.internal.DefaultFileLockManager] Lock acquired on daemon addresses registry.
22:01:43.506 [DEBUG] [org.gradle.cache.internal.DefaultFileLockManager] Releasing lock on daemon addresses registry.
22:01:43.506 [DEBUG] [org.gradle.cache.internal.DefaultFileLockManager] Waiting to acquire shared lock on daemon addresses registry.
22:01:43.506 [DEBUG] [org.gradle.cache.internal.DefaultFileLockManager] Lock acquired on daemon addresses registry.
22:01:43.506 [DEBUG] [org.gradle.cache.internal.DefaultFileLockManager] Releasing lock on daemon addresses registry.
22:01:43.507 [DEBUG] [org.gradle.cache.internal.DefaultFileLockManager] Waiting to acquire shared lock on daemon addresses registry.
22:01:43.507 [DEBUG] [org.gradle.cache.internal.DefaultFileLockManager] Lock acquired on daemon addresses registry.
22:01:43.507 [DEBUG] [org.gradle.cache.internal.DefaultFileLockManager] Releasing lock on daemon addresses registry.
22:01:47.497 [DEBUG] [org.gradle.process.internal.health.memory.MemoryManager] Emitting OS memory status event {Total: 34212798464, Free: 13905186816}
22:01:47.498 [DEBUG] [org.gradle.launcher.daemon.server.health.LowMemoryDaemonExpirationStrategy] Received memory status update: {Total: 34212798464, Free: 13905186816}
22:01:47.498 [DEBUG] [org.gradle.process.internal.health.memory.MemoryManager] Emitting JVM memory status event {Maximum: 477626368, Committed: 343932928}
22:01:52.506 [DEBUG] [org.gradle.process.internal.health.memory.MemoryManager] Emitting OS memory status event {Total: 34212798464, Free: 13839007744}
22:01:52.506 [DEBUG] [org.gradle.launcher.daemon.server.health.LowMemoryDaemonExpirationStrategy] Received memory status update: {Total: 34212798464, Free: 13839007744}
22:01:52.506 [DEBUG] [org.gradle.process.internal.health.memory.MemoryManager] Emitting JVM memory status event {Maximum: 477626368, Committed: 343932928}
22:01:53.501 [DEBUG] [org.gradle.launcher.daemon.server.Daemon] DaemonExpirationPeriodicCheck running
22:01:53.501 [DEBUG] [org.gradle.cache.internal.DefaultFileLockManager] Waiting to acquire shared lock on daemon addresses registry.
22:01:53.501 [DEBUG] [org.gradle.cache.internal.DefaultFileLockManager] Lock acquired on daemon addresses registry.
22:01:53.502 [DEBUG] [org.gradle.cache.internal.DefaultFileLockManager] Releasing lock on daemon addresses registry.
22:01:53.502 [DEBUG] [org.gradle.cache.internal.DefaultFileLockManager] Waiting to acquire shared lock on daemon addresses registry.
22:01:53.502 [DEBUG] [org.gradle.cache.internal.DefaultFileLockManager] Lock acquired on daemon addresses registry.
22:01:53.502 [DEBUG] [org.gradle.cache.internal.DefaultFileLockManager] Releasing lock on daemon addresses registry.
22:01:53.502 [DEBUG] [org.gradle.cache.internal.DefaultFileLockManager] Waiting to acquire shared lock on daemon addresses registry.
22:01:53.502 [DEBUG] [org.gradle.cache.internal.DefaultFileLockManager] Lock acquired on daemon addresses registry.
22:01:53.502 [DEBUG] [org.gradle.cache.internal.DefaultFileLockManager] Releasing lock on daemon addresses registry.
22:01:57.497 [DEBUG] [org.gradle.process.internal.health.memory.MemoryManager] Emitting OS memory status event {Total: 34212798464, Free: 13838172160}
22:01:57.497 [DEBUG] [org.gradle.launcher.daemon.server.health.LowMemoryDaemonExpirationStrategy] Received memory status update: {Total: 34212798464, Free: 13838172160}
22:01:57.497 [DEBUG] [org.gradle.process.internal.health.memory.MemoryManager] Emitting JVM memory status event {Maximum: 477626368, Committed: 343932928}
22:02:02.501 [DEBUG] [org.gradle.process.internal.health.memory.MemoryManager] Emitting OS memory status event {Total: 34212798464, Free: 13856661504}
22:02:02.501 [DEBUG] [org.gradle.launcher.daemon.server.health.LowMemoryDaemonExpirationStrategy] Received memory status update: {Total: 34212798464, Free: 13856661504}
22:02:02.501 [DEBUG] [org.gradle.process.internal.health.memory.MemoryManager] Emitting JVM memory status event {Maximum: 477626368, Committed: 343932928}
22:02:03.504 [DEBUG] [org.gradle.launcher.daemon.server.Daemon] DaemonExpirationPeriodicCheck running
22:02:03.504 [DEBUG] [org.gradle.cache.internal.DefaultFileLockManager] Waiting to acquire shared lock on daemon addresses registry.
22:02:03.504 [DEBUG] [org.gradle.cache.internal.DefaultFileLockManager] Lock acquired on daemon addresses registry.
22:02:03.504 [DEBUG] [org.gradle.cache.internal.DefaultFileLockManager] Releasing lock on daemon addresses registry.
22:02:03.505 [DEBUG] [org.gradle.cache.internal.DefaultFileLockManager] Waiting to acquire shared lock on daemon addresses registry.
22:02:03.505 [DEBUG] [org.gradle.cache.internal.DefaultFileLockManager] Lock acquired on daemon addresses registry.
22:02:03.505 [DEBUG] [org.gradle.cache.internal.DefaultFileLockManager] Releasing lock on daemon addresses registry.
22:02:03.505 [DEBUG] [org.gradle.cache.internal.DefaultFileLockManager] Waiting to acquire shared lock on daemon addresses registry.
22:02:03.505 [DEBUG] [org.gradle.cache.internal.DefaultFileLockManager] Lock acquired on daemon addresses registry.
22:02:03.505 [DEBUG] [org.gradle.cache.internal.DefaultFileLockManager] Releasing lock on daemon addresses registry.
22:02:07.503 [DEBUG] [org.gradle.process.internal.health.memory.MemoryManager] Emitting OS memory status event {Total: 34212798464, Free: 13898317824}
22:02:07.503 [DEBUG] [org.gradle.launcher.daemon.server.health.LowMemoryDaemonExpirationStrategy] Received memory status update: {Total: 34212798464, Free: 13898317824}
22:02:07.503 [DEBUG] [org.gradle.process.internal.health.memory.MemoryManager] Emitting JVM memory status event {Maximum: 477626368, Committed: 343932928}
22:02:12.509 [DEBUG] [org.gradle.process.internal.health.memory.MemoryManager] Emitting OS memory status event {Total: 34212798464, Free: 13886500864}
22:02:12.509 [DEBUG] [org.gradle.launcher.daemon.server.health.LowMemoryDaemonExpirationStrategy] Received memory status update: {Total: 34212798464, Free: 13886500864}
22:02:12.509 [DEBUG] [org.gradle.process.internal.health.memory.MemoryManager] Emitting JVM memory status event {Maximum: 477626368, Committed: 343932928}
22:02:13.498 [DEBUG] [org.gradle.launcher.daemon.server.Daemon] DaemonExpirationPeriodicCheck running
22:02:13.498 [DEBUG] [org.gradle.cache.internal.DefaultFileLockManager] Waiting to acquire shared lock on daemon addresses registry.
22:02:13.499 [DEBUG] [org.gradle.cache.internal.DefaultFileLockManager] Lock acquired on daemon addresses registry.
22:02:13.499 [DEBUG] [org.gradle.cache.internal.DefaultFileLockManager] Releasing lock on daemon addresses registry.
22:02:13.499 [DEBUG] [org.gradle.cache.internal.DefaultFileLockManager] Waiting to acquire shared lock on daemon addresses registry.
22:02:13.499 [DEBUG] [org.gradle.cache.internal.DefaultFileLockManager] Lock acquired on daemon addresses registry.
22:02:13.499 [DEBUG] [org.gradle.cache.internal.DefaultFileLockManager] Releasing lock on daemon addresses registry.
22:02:13.500 [DEBUG] [org.gradle.cache.internal.DefaultFileLockManager] Waiting to acquire shared lock on daemon addresses registry.
22:02:13.500 [DEBUG] [org.gradle.cache.internal.DefaultFileLockManager] Lock acquired on daemon addresses registry.
22:02:13.500 [DEBUG] [org.gradle.cache.internal.DefaultFileLockManager] Releasing lock on daemon addresses registry.
22:02:17.501 [DEBUG] [org.gradle.process.internal.health.memory.MemoryManager] Emitting OS memory status event {Total: 34212798464, Free: 13870551040}
22:02:17.501 [DEBUG] [org.gradle.launcher.daemon.server.health.LowMemoryDaemonExpirationStrategy] Received memory status update: {Total: 34212798464, Free: 13870551040}
22:02:17.501 [DEBUG] [org.gradle.process.internal.health.memory.MemoryManager] Emitting JVM memory status event {Maximum: 477626368, Committed: 343932928}
22:02:22.509 [DEBUG] [org.gradle.process.internal.health.memory.MemoryManager] Emitting OS memory status event {Total: 34212798464, Free: 13862305792}
22:02:22.509 [DEBUG] [org.gradle.launcher.daemon.server.health.LowMemoryDaemonExpirationStrategy] Received memory status update: {Total: 34212798464, Free: 13862305792}
22:02:22.509 [DEBUG] [org.gradle.process.internal.health.memory.MemoryManager] Emitting JVM memory status event {Maximum: 477626368, Committed: 343932928}
22:02:23.503 [DEBUG] [org.gradle.launcher.daemon.server.Daemon] DaemonExpirationPeriodicCheck running
22:02:23.504 [DEBUG] [org.gradle.cache.internal.DefaultFileLockManager] Waiting to acquire shared lock on daemon addresses registry.
22:02:23.504 [DEBUG] [org.gradle.cache.internal.DefaultFileLockManager] Lock acquired on daemon addresses registry.
22:02:23.504 [DEBUG] [org.gradle.cache.internal.DefaultFileLockManager] Releasing lock on daemon addresses registry.
22:02:23.505 [DEBUG] [org.gradle.cache.internal.DefaultFileLockManager] Waiting to acquire shared lock on daemon addresses registry.
22:02:23.505 [DEBUG] [org.gradle.cache.internal.DefaultFileLockManager] Lock acquired on daemon addresses registry.
22:02:23.505 [DEBUG] [org.gradle.cache.internal.DefaultFileLockManager] Releasing lock on daemon addresses registry.
22:02:23.505 [DEBUG] [org.gradle.cache.internal.DefaultFileLockManager] Waiting to acquire shared lock on daemon addresses registry.
22:02:23.505 [DEBUG] [org.gradle.cache.internal.DefaultFileLockManager] Lock acquired on daemon addresses registry.
22:02:23.505 [DEBUG] [org.gradle.cache.internal.DefaultFileLockManager] Releasing lock on daemon addresses registry.
22:02:27.496 [DEBUG] [org.gradle.process.internal.health.memory.MemoryManager] Emitting OS memory status event {Total: 34212798464, Free: 13856579584}
22:02:27.496 [DEBUG] [org.gradle.launcher.daemon.server.health.LowMemoryDaemonExpirationStrategy] Received memory status update: {Total: 34212798464, Free: 13856579584}
22:02:27.496 [DEBUG] [org.gradle.process.internal.health.memory.MemoryManager] Emitting JVM memory status event {Maximum: 477626368, Committed: 343932928}
22:02:32.505 [DEBUG] [org.gradle.process.internal.health.memory.MemoryManager] Emitting OS memory status event {Total: 34212798464, Free: 13862182912}
22:02:32.505 [DEBUG] [org.gradle.launcher.daemon.server.health.LowMemoryDaemonExpirationStrategy] Received memory status update: {Total: 34212798464, Free: 13862182912}
22:02:32.505 [DEBUG] [org.gradle.process.internal.health.memory.MemoryManager] Emitting JVM memory status event {Maximum: 477626368, Committed: 343932928}
22:02:33.496 [DEBUG] [org.gradle.launcher.daemon.server.Daemon] DaemonExpirationPeriodicCheck running
22:02:33.496 [DEBUG] [org.gradle.cache.internal.DefaultFileLockManager] Waiting to acquire shared lock on daemon addresses registry.
22:02:33.497 [DEBUG] [org.gradle.cache.internal.DefaultFileLockManager] Lock acquired on daemon addresses registry.
22:02:33.497 [DEBUG] [org.gradle.cache.internal.DefaultFileLockManager] Releasing lock on daemon addresses registry.
22:02:33.497 [DEBUG] [org.gradle.cache.internal.DefaultFileLockManager] Waiting to acquire shared lock on daemon addresses registry.
22:02:33.497 [DEBUG] [org.gradle.cache.internal.DefaultFileLockManager] Lock acquired on daemon addresses registry.
22:02:33.497 [DEBUG] [org.gradle.cache.internal.DefaultFileLockManager] Releasing lock on daemon addresses registry.
22:02:33.498 [DEBUG] [org.gradle.cache.internal.DefaultFileLockManager] Waiting to acquire shared lock on daemon addresses registry.
22:02:33.498 [DEBUG] [org.gradle.cache.internal.DefaultFileLockManager] Lock acquired on daemon addresses registry.
22:02:33.498 [DEBUG] [org.gradle.cache.internal.DefaultFileLockManager] Releasing lock on daemon addresses registry.
22:02:37.509 [DEBUG] [org.gradle.process.internal.health.memory.MemoryManager] Emitting OS memory status event {Total: 34212798464, Free: 13920415744}
22:02:37.509 [DEBUG] [org.gradle.launcher.daemon.server.health.LowMemoryDaemonExpirationStrategy] Received memory status update: {Total: 34212798464, Free: 13920415744}
22:02:37.509 [DEBUG] [org.gradle.process.internal.health.memory.MemoryManager] Emitting JVM memory status event {Maximum: 477626368, Committed: 343932928}
22:02:42.510 [DEBUG] [org.gradle.process.internal.health.memory.MemoryManager] Emitting OS memory status event {Total: 34212798464, Free: 13911764992}
22:02:42.510 [DEBUG] [org.gradle.launcher.daemon.server.health.LowMemoryDaemonExpirationStrategy] Received memory status update: {Total: 34212798464, Free: 13911764992}
22:02:42.510 [DEBUG] [org.gradle.process.internal.health.memory.MemoryManager] Emitting JVM memory status event {Maximum: 477626368, Committed: 343932928}
22:02:43.501 [DEBUG] [org.gradle.launcher.daemon.server.Daemon] DaemonExpirationPeriodicCheck running
22:02:43.501 [DEBUG] [org.gradle.cache.internal.DefaultFileLockManager] Waiting to acquire shared lock on daemon addresses registry.
22:02:43.501 [DEBUG] [org.gradle.cache.internal.DefaultFileLockManager] Lock acquired on daemon addresses registry.
22:02:43.502 [DEBUG] [org.gradle.cache.internal.DefaultFileLockManager] Releasing lock on daemon addresses registry.
22:02:43.502 [DEBUG] [org.gradle.cache.internal.DefaultFileLockManager] Waiting to acquire shared lock on daemon addresses registry.
22:02:43.502 [DEBUG] [org.gradle.cache.internal.DefaultFileLockManager] Lock acquired on daemon addresses registry.
22:02:43.502 [DEBUG] [org.gradle.cache.internal.DefaultFileLockManager] Releasing lock on daemon addresses registry.
22:02:43.502 [DEBUG] [org.gradle.cache.internal.DefaultFileLockManager] Waiting to acquire shared lock on daemon addresses registry.
22:02:43.502 [DEBUG] [org.gradle.cache.internal.DefaultFileLockManager] Lock acquired on daemon addresses registry.
22:02:43.503 [DEBUG] [org.gradle.cache.internal.DefaultFileLockManager] Releasing lock on daemon addresses registry.
22:02:47.511 [DEBUG] [org.gradle.process.internal.health.memory.MemoryManager] Emitting OS memory status event {Total: 34212798464, Free: 13879037952}
22:02:47.511 [DEBUG] [org.gradle.launcher.daemon.server.health.LowMemoryDaemonExpirationStrategy] Received memory status update: {Total: 34212798464, Free: 13879037952}
22:02:47.511 [DEBUG] [org.gradle.process.internal.health.memory.MemoryManager] Emitting JVM memory status event {Maximum: 477626368, Committed: 343932928}
22:02:52.508 [DEBUG] [org.gradle.process.internal.health.memory.MemoryManager] Emitting OS memory status event {Total: 34212798464, Free: 13928570880}
22:02:52.508 [DEBUG] [org.gradle.launcher.daemon.server.health.LowMemoryDaemonExpirationStrategy] Received memory status update: {Total: 34212798464, Free: 13928570880}
22:02:52.508 [DEBUG] [org.gradle.process.internal.health.memory.MemoryManager] Emitting JVM memory status event {Maximum: 477626368, Committed: 343932928}
22:02:53.498 [DEBUG] [org.gradle.launcher.daemon.server.Daemon] DaemonExpirationPeriodicCheck running
22:02:53.498 [DEBUG] [org.gradle.cache.internal.DefaultFileLockManager] Waiting to acquire shared lock on daemon addresses registry.
22:02:53.499 [DEBUG] [org.gradle.cache.internal.DefaultFileLockManager] Lock acquired on daemon addresses registry.
22:02:53.499 [DEBUG] [org.gradle.cache.internal.DefaultFileLockManager] Releasing lock on daemon addresses registry.
22:02:53.499 [DEBUG] [org.gradle.cache.internal.DefaultFileLockManager] Waiting to acquire shared lock on daemon addresses registry.
22:02:53.499 [DEBUG] [org.gradle.cache.internal.DefaultFileLockManager] Lock acquired on daemon addresses registry.
22:02:53.499 [DEBUG] [org.gradle.cache.internal.DefaultFileLockManager] Releasing lock on daemon addresses registry.
22:02:53.500 [DEBUG] [org.gradle.cache.internal.DefaultFileLockManager] Waiting to acquire shared lock on daemon addresses registry.
22:02:53.500 [DEBUG] [org.gradle.cache.internal.DefaultFileLockManager] Lock acquired on daemon addresses registry.
22:02:53.500 [DEBUG] [org.gradle.cache.internal.DefaultFileLockManager] Releasing lock on daemon addresses registry.
22:02:57.498 [DEBUG] [org.gradle.process.internal.health.memory.MemoryManager] Emitting OS memory status event {Total: 34212798464, Free: 13945937920}
22:02:57.499 [DEBUG] [org.gradle.launcher.daemon.server.health.LowMemoryDaemonExpirationStrategy] Received memory status update: {Total: 34212798464, Free: 13945937920}
22:02:57.499 [DEBUG] [org.gradle.process.internal.health.memory.MemoryManager] Emitting JVM memory status event {Maximum: 477626368, Committed: 343932928}
22:03:02.511 [DEBUG] [org.gradle.process.internal.health.memory.MemoryManager] Emitting OS memory status event {Total: 34212798464, Free: 13972983808}
22:03:02.511 [DEBUG] [org.gradle.launcher.daemon.server.health.LowMemoryDaemonExpirationStrategy] Received memory status update: {Total: 34212798464, Free: 13972983808}
22:03:02.511 [DEBUG] [org.gradle.process.internal.health.memory.MemoryManager] Emitting JVM memory status event {Maximum: 477626368, Committed: 343932928}
22:03:03.502 [DEBUG] [org.gradle.launcher.daemon.server.Daemon] DaemonExpirationPeriodicCheck running
22:03:03.503 [DEBUG] [org.gradle.cache.internal.DefaultFileLockManager] Waiting to acquire shared lock on daemon addresses registry.
22:03:03.503 [DEBUG] [org.gradle.cache.internal.DefaultFileLockManager] Lock acquired on daemon addresses registry.
22:03:03.503 [DEBUG] [org.gradle.cache.internal.DefaultFileLockManager] Releasing lock on daemon addresses registry.
22:03:03.503 [DEBUG] [org.gradle.cache.internal.DefaultFileLockManager] Waiting to acquire shared lock on daemon addresses registry.
22:03:03.503 [DEBUG] [org.gradle.cache.internal.DefaultFileLockManager] Lock acquired on daemon addresses registry.
22:03:03.504 [DEBUG] [org.gradle.cache.internal.DefaultFileLockManager] Releasing lock on daemon addresses registry.
22:03:03.504 [DEBUG] [org.gradle.cache.internal.DefaultFileLockManager] Waiting to acquire shared lock on daemon addresses registry.
22:03:03.504 [DEBUG] [org.gradle.cache.internal.DefaultFileLockManager] Lock acquired on daemon addresses registry.
22:03:03.504 [DEBUG] [org.gradle.cache.internal.DefaultFileLockManager] Releasing lock on daemon addresses registry.
22:03:07.499 [DEBUG] [org.gradle.process.internal.health.memory.MemoryManager] Emitting OS memory status event {Total: 34212798464, Free: 13966954496}
22:03:07.499 [DEBUG] [org.gradle.launcher.daemon.server.health.LowMemoryDaemonExpirationStrategy] Received memory status update: {Total: 34212798464, Free: 13966954496}
22:03:07.499 [DEBUG] [org.gradle.process.internal.health.memory.MemoryManager] Emitting JVM memory status event {Maximum: 477626368, Committed: 343932928}
22:03:12.505 [DEBUG] [org.gradle.process.internal.health.memory.MemoryManager] Emitting OS memory status event {Total: 34212798464, Free: 14094536704}
22:03:12.505 [DEBUG] [org.gradle.launcher.daemon.server.health.LowMemoryDaemonExpirationStrategy] Received memory status update: {Total: 34212798464, Free: 14094536704}
22:03:12.505 [DEBUG] [org.gradle.process.internal.health.memory.MemoryManager] Emitting JVM memory status event {Maximum: 477626368, Committed: 343932928}
22:03:13.497 [DEBUG] [org.gradle.launcher.daemon.server.Daemon] DaemonExpirationPeriodicCheck running
22:03:13.498 [DEBUG] [org.gradle.cache.internal.DefaultFileLockManager] Waiting to acquire shared lock on daemon addresses registry.
22:03:13.498 [DEBUG] [org.gradle.cache.internal.DefaultFileLockManager] Lock acquired on daemon addresses registry.
22:03:13.498 [DEBUG] [org.gradle.cache.internal.DefaultFileLockManager] Releasing lock on daemon addresses registry.
22:03:13.498 [DEBUG] [org.gradle.cache.internal.DefaultFileLockManager] Waiting to acquire shared lock on daemon addresses registry.
22:03:13.498 [DEBUG] [org.gradle.cache.internal.DefaultFileLockManager] Lock acquired on daemon addresses registry.
22:03:13.498 [DEBUG] [org.gradle.cache.internal.DefaultFileLockManager] Releasing lock on daemon addresses registry.
22:03:13.499 [DEBUG] [org.gradle.cache.internal.DefaultFileLockManager] Waiting to acquire shared lock on daemon addresses registry.
22:03:13.499 [DEBUG] [org.gradle.cache.internal.DefaultFileLockManager] Lock acquired on daemon addresses registry.
22:03:13.499 [DEBUG] [org.gradle.cache.internal.DefaultFileLockManager] Releasing lock on daemon addresses registry.
22:03:17.503 [DEBUG] [org.gradle.process.internal.health.memory.MemoryManager] Emitting OS memory status event {Total: 34212798464, Free: 13949198336}
22:03:17.503 [DEBUG] [org.gradle.launcher.daemon.server.health.LowMemoryDaemonExpirationStrategy] Received memory status update: {Total: 34212798464, Free: 13949198336}
22:03:17.503 [DEBUG] [org.gradle.process.internal.health.memory.MemoryManager] Emitting JVM memory status event {Maximum: 477626368, Committed: 343932928}
22:03:22.497 [DEBUG] [org.gradle.process.internal.health.memory.MemoryManager] Emitting OS memory status event {Total: 34212798464, Free: 14004781056}
22:03:22.498 [DEBUG] [org.gradle.launcher.daemon.server.health.LowMemoryDaemonExpirationStrategy] Received memory status update: {Total: 34212798464, Free: 14004781056}
22:03:22.498 [DEBUG] [org.gradle.process.internal.health.memory.MemoryManager] Emitting JVM memory status event {Maximum: 477626368, Committed: 343932928}
22:03:23.504 [DEBUG] [org.gradle.launcher.daemon.server.Daemon] DaemonExpirationPeriodicCheck running
22:03:23.505 [DEBUG] [org.gradle.cache.internal.DefaultFileLockManager] Waiting to acquire shared lock on daemon addresses registry.
22:03:23.505 [DEBUG] [org.gradle.cache.internal.DefaultFileLockManager] Lock acquired on daemon addresses registry.
22:03:23.505 [DEBUG] [org.gradle.cache.internal.DefaultFileLockManager] Releasing lock on daemon addresses registry.
22:03:23.505 [DEBUG] [org.gradle.cache.internal.DefaultFileLockManager] Waiting to acquire shared lock on daemon addresses registry.
22:03:23.505 [DEBUG] [org.gradle.cache.internal.DefaultFileLockManager] Lock acquired on daemon addresses registry.
22:03:23.506 [DEBUG] [org.gradle.cache.internal.DefaultFileLockManager] Releasing lock on daemon addresses registry.
22:03:23.506 [DEBUG] [org.gradle.cache.internal.DefaultFileLockManager] Waiting to acquire shared lock on daemon addresses registry.
22:03:23.506 [DEBUG] [org.gradle.cache.internal.DefaultFileLockManager] Lock acquired on daemon addresses registry.
22:03:23.506 [DEBUG] [org.gradle.cache.internal.DefaultFileLockManager] Releasing lock on daemon addresses registry.
22:03:27.500 [DEBUG] [org.gradle.process.internal.health.memory.MemoryManager] Emitting OS memory status event {Total: 34212798464, Free: 13969735680}
22:03:27.500 [DEBUG] [org.gradle.launcher.daemon.server.health.LowMemoryDaemonExpirationStrategy] Received memory status update: {Total: 34212798464, Free: 13969735680}
22:03:27.500 [DEBUG] [org.gradle.process.internal.health.memory.MemoryManager] Emitting JVM memory status event {Maximum: 477626368, Committed: 343932928}
22:03:32.497 [DEBUG] [org.gradle.process.internal.health.memory.MemoryManager] Emitting OS memory status event {Total: 34212798464, Free: 13971537920}
22:03:32.497 [DEBUG] [org.gradle.launcher.daemon.server.health.LowMemoryDaemonExpirationStrategy] Received memory status update: {Total: 34212798464, Free: 13971537920}
22:03:32.497 [DEBUG] [org.gradle.process.internal.health.memory.MemoryManager] Emitting JVM memory status event {Maximum: 477626368, Committed: 343932928}
22:03:33.504 [DEBUG] [org.gradle.launcher.daemon.server.Daemon] DaemonExpirationPeriodicCheck running
22:03:33.505 [DEBUG] [org.gradle.cache.internal.DefaultFileLockManager] Waiting to acquire shared lock on daemon addresses registry.
22:03:33.505 [DEBUG] [org.gradle.cache.internal.DefaultFileLockManager] Lock acquired on daemon addresses registry.
22:03:33.505 [DEBUG] [org.gradle.cache.internal.DefaultFileLockManager] Releasing lock on daemon addresses registry.
22:03:33.506 [DEBUG] [org.gradle.cache.internal.DefaultFileLockManager] Waiting to acquire shared lock on daemon addresses registry.
22:03:33.506 [DEBUG] [org.gradle.cache.internal.DefaultFileLockManager] Lock acquired on daemon addresses registry.
22:03:33.506 [DEBUG] [org.gradle.cache.internal.DefaultFileLockManager] Releasing lock on daemon addresses registry.
22:03:33.506 [DEBUG] [org.gradle.cache.internal.DefaultFileLockManager] Waiting to acquire shared lock on daemon addresses registry.
22:03:33.506 [DEBUG] [org.gradle.cache.internal.DefaultFileLockManager] Lock acquired on daemon addresses registry.
22:03:33.507 [DEBUG] [org.gradle.cache.internal.DefaultFileLockManager] Releasing lock on daemon addresses registry.
22:03:37.500 [DEBUG] [org.gradle.process.internal.health.memory.MemoryManager] Emitting OS memory status event {Total: 34212798464, Free: 13946560512}
22:03:37.500 [DEBUG] [org.gradle.launcher.daemon.server.health.LowMemoryDaemonExpirationStrategy] Received memory status update: {Total: 34212798464, Free: 13946560512}
22:03:37.500 [DEBUG] [org.gradle.process.internal.health.memory.MemoryManager] Emitting JVM memory status event {Maximum: 477626368, Committed: 343932928}
22:03:42.505 [DEBUG] [org.gradle.process.internal.health.memory.MemoryManager] Emitting OS memory status event {Total: 34212798464, Free: 13877202944}
22:03:42.505 [DEBUG] [org.gradle.launcher.daemon.server.health.LowMemoryDaemonExpirationStrategy] Received memory status update: {Total: 34212798464, Free: 13877202944}
22:03:42.505 [DEBUG] [org.gradle.process.internal.health.memory.MemoryManager] Emitting JVM memory status event {Maximum: 477626368, Committed: 343932928}
22:03:43.499 [DEBUG] [org.gradle.launcher.daemon.server.Daemon] DaemonExpirationPeriodicCheck running
22:03:43.500 [DEBUG] [org.gradle.cache.internal.DefaultFileLockManager] Waiting to acquire shared lock on daemon addresses registry.
22:03:43.500 [DEBUG] [org.gradle.cache.internal.DefaultFileLockManager] Lock acquired on daemon addresses registry.
22:03:43.500 [DEBUG] [org.gradle.cache.internal.DefaultFileLockManager] Releasing lock on daemon addresses registry.
22:03:43.501 [DEBUG] [org.gradle.cache.internal.DefaultFileLockManager] Waiting to acquire shared lock on daemon addresses registry.
22:03:43.501 [DEBUG] [org.gradle.cache.internal.DefaultFileLockManager] Lock acquired on daemon addresses registry.
22:03:43.502 [DEBUG] [org.gradle.cache.internal.DefaultFileLockManager] Releasing lock on daemon addresses registry.
22:03:43.502 [DEBUG] [org.gradle.cache.internal.DefaultFileLockManager] Waiting to acquire shared lock on daemon addresses registry.
22:03:43.502 [DEBUG] [org.gradle.cache.internal.DefaultFileLockManager] Lock acquired on daemon addresses registry.
22:03:43.503 [DEBUG] [org.gradle.cache.internal.DefaultFileLockManager] Releasing lock on daemon addresses registry.
22:03:47.505 [DEBUG] [org.gradle.process.internal.health.memory.MemoryManager] Emitting OS memory status event {Total: 34212798464, Free: 13820936192}
22:03:47.505 [DEBUG] [org.gradle.launcher.daemon.server.health.LowMemoryDaemonExpirationStrategy] Received memory status update: {Total: 34212798464, Free: 13820936192}
22:03:47.505 [DEBUG] [org.gradle.process.internal.health.memory.MemoryManager] Emitting JVM memory status event {Maximum: 477626368, Committed: 343932928}
22:03:52.506 [DEBUG] [org.gradle.process.internal.health.memory.MemoryManager] Emitting OS memory status event {Total: 34212798464, Free: 13255512064}
22:03:52.506 [DEBUG] [org.gradle.launcher.daemon.server.health.LowMemoryDaemonExpirationStrategy] Received memory status update: {Total: 34212798464, Free: 13255512064}
22:03:52.506 [DEBUG] [org.gradle.process.internal.health.memory.MemoryManager] Emitting JVM memory status event {Maximum: 477626368, Committed: 343932928}
22:03:53.495 [DEBUG] [org.gradle.launcher.daemon.server.Daemon] DaemonExpirationPeriodicCheck running
22:03:53.496 [DEBUG] [org.gradle.cache.internal.DefaultFileLockManager] Waiting to acquire shared lock on daemon addresses registry.
22:03:53.496 [DEBUG] [org.gradle.cache.internal.DefaultFileLockManager] Lock acquired on daemon addresses registry.
22:03:53.496 [DEBUG] [org.gradle.cache.internal.DefaultFileLockManager] Releasing lock on daemon addresses registry.
22:03:53.497 [DEBUG] [org.gradle.cache.internal.DefaultFileLockManager] Waiting to acquire shared lock on daemon addresses registry.
22:03:53.497 [DEBUG] [org.gradle.cache.internal.DefaultFileLockManager] Lock acquired on daemon addresses registry.
22:03:53.497 [DEBUG] [org.gradle.cache.internal.DefaultFileLockManager] Releasing lock on daemon addresses registry.
22:03:53.497 [DEBUG] [org.gradle.cache.internal.DefaultFileLockManager] Waiting to acquire shared lock on daemon addresses registry.
22:03:53.497 [DEBUG] [org.gradle.cache.internal.DefaultFileLockManager] Lock acquired on daemon addresses registry.
22:03:53.497 [DEBUG] [org.gradle.cache.internal.DefaultFileLockManager] Releasing lock on daemon addresses registry.
22:03:57.507 [DEBUG] [org.gradle.process.internal.health.memory.MemoryManager] Emitting OS memory status event {Total: 34212798464, Free: 13203611648}
22:03:57.507 [DEBUG] [org.gradle.launcher.daemon.server.health.LowMemoryDaemonExpirationStrategy] Received memory status update: {Total: 34212798464, Free: 13203611648}
22:03:57.508 [DEBUG] [org.gradle.process.internal.health.memory.MemoryManager] Emitting JVM memory status event {Maximum: 477626368, Committed: 343932928}
22:04:02.503 [DEBUG] [org.gradle.process.internal.health.memory.MemoryManager] Emitting OS memory status event {Total: 34212798464, Free: 13141651456}
22:04:02.504 [DEBUG] [org.gradle.launcher.daemon.server.health.LowMemoryDaemonExpirationStrategy] Received memory status update: {Total: 34212798464, Free: 13141651456}
22:04:02.504 [DEBUG] [org.gradle.process.internal.health.memory.MemoryManager] Emitting JVM memory status event {Maximum: 477626368, Committed: 343932928}
22:04:03.495 [DEBUG] [org.gradle.launcher.daemon.server.Daemon] DaemonExpirationPeriodicCheck running
22:04:03.495 [DEBUG] [org.gradle.cache.internal.DefaultFileLockManager] Waiting to acquire shared lock on daemon addresses registry.
22:04:03.495 [DEBUG] [org.gradle.cache.internal.DefaultFileLockManager] Lock acquired on daemon addresses registry.
22:04:03.495 [DEBUG] [org.gradle.cache.internal.DefaultFileLockManager] Releasing lock on daemon addresses registry.
22:04:03.496 [DEBUG] [org.gradle.cache.internal.DefaultFileLockManager] Waiting to acquire shared lock on daemon addresses registry.
22:04:03.496 [DEBUG] [org.gradle.cache.internal.DefaultFileLockManager] Lock acquired on daemon addresses registry.
22:04:03.496 [DEBUG] [org.gradle.cache.internal.DefaultFileLockManager] Releasing lock on daemon addresses registry.
22:04:03.496 [DEBUG] [org.gradle.cache.internal.DefaultFileLockManager] Waiting to acquire shared lock on daemon addresses registry.
22:04:03.496 [DEBUG] [org.gradle.cache.internal.DefaultFileLockManager] Lock acquired on daemon addresses registry.
22:04:03.496 [DEBUG] [org.gradle.cache.internal.DefaultFileLockManager] Releasing lock on daemon addresses registry.
22:04:07.504 [DEBUG] [org.gradle.process.internal.health.memory.MemoryManager] Emitting OS memory status event {Total: 34212798464, Free: 13121617920}
22:04:07.504 [DEBUG] [org.gradle.launcher.daemon.server.health.LowMemoryDaemonExpirationStrategy] Received memory status update: {Total: 34212798464, Free: 13121617920}
22:04:07.504 [DEBUG] [org.gradle.process.internal.health.memory.MemoryManager] Emitting JVM memory status event {Maximum: 477626368, Committed: 343932928}
22:04:12.504 [DEBUG] [org.gradle.process.internal.health.memory.MemoryManager] Emitting OS memory status event {Total: 34212798464, Free: 13132685312}
22:04:12.504 [DEBUG] [org.gradle.launcher.daemon.server.health.LowMemoryDaemonExpirationStrategy] Received memory status update: {Total: 34212798464, Free: 13132685312}
22:04:12.504 [DEBUG] [org.gradle.process.internal.health.memory.MemoryManager] Emitting JVM memory status event {Maximum: 477626368, Committed: 343932928}
22:04:13.495 [DEBUG] [org.gradle.launcher.daemon.server.Daemon] DaemonExpirationPeriodicCheck running
22:04:13.496 [DEBUG] [org.gradle.cache.internal.DefaultFileLockManager] Waiting to acquire shared lock on daemon addresses registry.
22:04:13.496 [DEBUG] [org.gradle.cache.internal.DefaultFileLockManager] Lock acquired on daemon addresses registry.
22:04:13.496 [DEBUG] [org.gradle.cache.internal.DefaultFileLockManager] Releasing lock on daemon addresses registry.
22:04:13.497 [DEBUG] [org.gradle.cache.internal.DefaultFileLockManager] Waiting to acquire shared lock on daemon addresses registry.
22:04:13.497 [DEBUG] [org.gradle.cache.internal.DefaultFileLockManager] Lock acquired on daemon addresses registry.
22:04:13.497 [DEBUG] [org.gradle.cache.internal.DefaultFileLockManager] Releasing lock on daemon addresses registry.
22:04:13.497 [DEBUG] [org.gradle.cache.internal.DefaultFileLockManager] Waiting to acquire shared lock on daemon addresses registry.
22:04:13.497 [DEBUG] [org.gradle.cache.internal.DefaultFileLockManager] Lock acquired on daemon addresses registry.
22:04:13.498 [DEBUG] [org.gradle.cache.internal.DefaultFileLockManager] Releasing lock on daemon addresses registry.
22:04:17.509 [DEBUG] [org.gradle.process.internal.health.memory.MemoryManager] Emitting OS memory status event {Total: 34212798464, Free: 13210976256}
22:04:17.509 [DEBUG] [org.gradle.launcher.daemon.server.health.LowMemoryDaemonExpirationStrategy] Received memory status update: {Total: 34212798464, Free: 13210976256}
22:04:17.509 [DEBUG] [org.gradle.process.internal.health.memory.MemoryManager] Emitting JVM memory status event {Maximum: 477626368, Committed: 343932928}
22:04:22.496 [DEBUG] [org.gradle.process.internal.health.memory.MemoryManager] Emitting OS memory status event {Total: 34212798464, Free: 13605367808}
22:04:22.496 [DEBUG] [org.gradle.launcher.daemon.server.health.LowMemoryDaemonExpirationStrategy] Received memory status update: {Total: 34212798464, Free: 13605367808}
22:04:22.496 [DEBUG] [org.gradle.process.internal.health.memory.MemoryManager] Emitting JVM memory status event {Maximum: 477626368, Committed: 343932928}
22:04:23.505 [DEBUG] [org.gradle.launcher.daemon.server.Daemon] DaemonExpirationPeriodicCheck running
22:04:23.506 [DEBUG] [org.gradle.cache.internal.DefaultFileLockManager] Waiting to acquire shared lock on daemon addresses registry.
22:04:23.506 [DEBUG] [org.gradle.cache.internal.DefaultFileLockManager] Lock acquired on daemon addresses registry.
22:04:23.506 [DEBUG] [org.gradle.cache.internal.DefaultFileLockManager] Releasing lock on daemon addresses registry.
22:04:23.506 [DEBUG] [org.gradle.cache.internal.DefaultFileLockManager] Waiting to acquire shared lock on daemon addresses registry.
22:04:23.506 [DEBUG] [org.gradle.cache.internal.DefaultFileLockManager] Lock acquired on daemon addresses registry.
22:04:23.506 [DEBUG] [org.gradle.cache.internal.DefaultFileLockManager] Releasing lock on daemon addresses registry.
22:04:23.507 [DEBUG] [org.gradle.cache.internal.DefaultFileLockManager] Waiting to acquire shared lock on daemon addresses registry.
22:04:23.507 [DEBUG] [org.gradle.cache.internal.DefaultFileLockManager] Lock acquired on daemon addresses registry.
22:04:23.507 [DEBUG] [org.gradle.cache.internal.DefaultFileLockManager] Releasing lock on daemon addresses registry.
22:04:27.510 [DEBUG] [org.gradle.process.internal.health.memory.MemoryManager] Emitting OS memory status event {Total: 34212798464, Free: 13629435904}
22:04:27.510 [DEBUG] [org.gradle.launcher.daemon.server.health.LowMemoryDaemonExpirationStrategy] Received memory status update: {Total: 34212798464, Free: 13629435904}
22:04:27.510 [DEBUG] [org.gradle.process.internal.health.memory.MemoryManager] Emitting JVM memory status event {Maximum: 477626368, Committed: 343932928}
22:04:32.506 [DEBUG] [org.gradle.process.internal.health.memory.MemoryManager] Emitting OS memory status event {Total: 34212798464, Free: 13631381504}
22:04:32.506 [DEBUG] [org.gradle.launcher.daemon.server.health.LowMemoryDaemonExpirationStrategy] Received memory status update: {Total: 34212798464, Free: 13631381504}
22:04:32.506 [DEBUG] [org.gradle.process.internal.health.memory.MemoryManager] Emitting JVM memory status event {Maximum: 477626368, Committed: 343932928}
22:04:33.501 [DEBUG] [org.gradle.launcher.daemon.server.Daemon] DaemonExpirationPeriodicCheck running
22:04:33.501 [DEBUG] [org.gradle.cache.internal.DefaultFileLockManager] Waiting to acquire shared lock on daemon addresses registry.
22:04:33.501 [DEBUG] [org.gradle.cache.internal.DefaultFileLockManager] Lock acquired on daemon addresses registry.
22:04:33.501 [DEBUG] [org.gradle.cache.internal.DefaultFileLockManager] Releasing lock on daemon addresses registry.
22:04:33.502 [DEBUG] [org.gradle.cache.internal.DefaultFileLockManager] Waiting to acquire shared lock on daemon addresses registry.
22:04:33.502 [DEBUG] [org.gradle.cache.internal.DefaultFileLockManager] Lock acquired on daemon addresses registry.
22:04:33.502 [DEBUG] [org.gradle.cache.internal.DefaultFileLockManager] Releasing lock on daemon addresses registry.
22:04:33.502 [DEBUG] [org.gradle.cache.internal.DefaultFileLockManager] Waiting to acquire shared lock on daemon addresses registry.
22:04:33.502 [DEBUG] [org.gradle.cache.internal.DefaultFileLockManager] Lock acquired on daemon addresses registry.
22:04:33.502 [DEBUG] [org.gradle.cache.internal.DefaultFileLockManager] Releasing lock on daemon addresses registry.
22:04:37.504 [DEBUG] [org.gradle.process.internal.health.memory.MemoryManager] Emitting OS memory status event {Total: 34212798464, Free: 13640032256}
22:04:37.504 [DEBUG] [org.gradle.launcher.daemon.server.health.LowMemoryDaemonExpirationStrategy] Received memory status update: {Total: 34212798464, Free: 13640032256}
22:04:37.504 [DEBUG] [org.gradle.process.internal.health.memory.MemoryManager] Emitting JVM memory status event {Maximum: 477626368, Committed: 343932928}
22:04:42.499 [DEBUG] [org.gradle.process.internal.health.memory.MemoryManager] Emitting OS memory status event {Total: 34212798464, Free: 13625155584}
22:04:42.499 [DEBUG] [org.gradle.launcher.daemon.server.health.LowMemoryDaemonExpirationStrategy] Received memory status update: {Total: 34212798464, Free: 13625155584}
22:04:42.499 [DEBUG] [org.gradle.process.internal.health.memory.MemoryManager] Emitting JVM memory status event {Maximum: 477626368, Committed: 343932928}
22:04:43.501 [DEBUG] [org.gradle.launcher.daemon.server.Daemon] DaemonExpirationPeriodicCheck running
22:04:43.502 [DEBUG] [org.gradle.cache.internal.DefaultFileLockManager] Waiting to acquire shared lock on daemon addresses registry.
22:04:43.502 [DEBUG] [org.gradle.cache.internal.DefaultFileLockManager] Lock acquired on daemon addresses registry.
22:04:43.502 [DEBUG] [org.gradle.cache.internal.DefaultFileLockManager] Releasing lock on daemon addresses registry.
22:04:43.503 [DEBUG] [org.gradle.cache.internal.DefaultFileLockManager] Waiting to acquire shared lock on daemon addresses registry.
22:04:43.503 [DEBUG] [org.gradle.cache.internal.DefaultFileLockManager] Lock acquired on daemon addresses registry.
22:04:43.503 [DEBUG] [org.gradle.cache.internal.DefaultFileLockManager] Releasing lock on daemon addresses registry.
22:04:43.503 [DEBUG] [org.gradle.cache.internal.DefaultFileLockManager] Waiting to acquire shared lock on daemon addresses registry.
22:04:43.503 [DEBUG] [org.gradle.cache.internal.DefaultFileLockManager] Lock acquired on daemon addresses registry.
22:04:43.503 [DEBUG] [org.gradle.cache.internal.DefaultFileLockManager] Releasing lock on daemon addresses registry.
22:04:47.511 [DEBUG] [org.gradle.process.internal.health.memory.MemoryManager] Emitting OS memory status event {Total: 34212798464, Free: 13654446080}
22:04:47.511 [DEBUG] [org.gradle.launcher.daemon.server.health.LowMemoryDaemonExpirationStrategy] Received memory status update: {Total: 34212798464, Free: 13654446080}
22:04:47.511 [DEBUG] [org.gradle.process.internal.health.memory.MemoryManager] Emitting JVM memory status event {Maximum: 477626368, Committed: 343932928}
22:04:52.511 [DEBUG] [org.gradle.process.internal.health.memory.MemoryManager] Emitting OS memory status event {Total: 34212798464, Free: 13798776832}
22:04:52.511 [DEBUG] [org.gradle.launcher.daemon.server.health.LowMemoryDaemonExpirationStrategy] Received memory status update: {Total: 34212798464, Free: 13798776832}
22:04:52.511 [DEBUG] [org.gradle.process.internal.health.memory.MemoryManager] Emitting JVM memory status event {Maximum: 477626368, Committed: 343932928}
22:04:53.501 [DEBUG] [org.gradle.launcher.daemon.server.Daemon] DaemonExpirationPeriodicCheck running
22:04:53.501 [DEBUG] [org.gradle.cache.internal.DefaultFileLockManager] Waiting to acquire shared lock on daemon addresses registry.
22:04:53.501 [DEBUG] [org.gradle.cache.internal.DefaultFileLockManager] Lock acquired on daemon addresses registry.
22:04:53.502 [DEBUG] [org.gradle.cache.internal.DefaultFileLockManager] Releasing lock on daemon addresses registry.
22:04:53.502 [DEBUG] [org.gradle.cache.internal.DefaultFileLockManager] Waiting to acquire shared lock on daemon addresses registry.
22:04:53.502 [DEBUG] [org.gradle.cache.internal.DefaultFileLockManager] Lock acquired on daemon addresses registry.
22:04:53.502 [DEBUG] [org.gradle.cache.internal.DefaultFileLockManager] Releasing lock on daemon addresses registry.
22:04:53.502 [DEBUG] [org.gradle.cache.internal.DefaultFileLockManager] Waiting to acquire shared lock on daemon addresses registry.
22:04:53.502 [DEBUG] [org.gradle.cache.internal.DefaultFileLockManager] Lock acquired on daemon addresses registry.
22:04:53.502 [DEBUG] [org.gradle.cache.internal.DefaultFileLockManager] Releasing lock on daemon addresses registry.
22:04:57.500 [DEBUG] [org.gradle.process.internal.health.memory.MemoryManager] Emitting OS memory status event {Total: 34212798464, Free: 13792538624}
22:04:57.500 [DEBUG] [org.gradle.launcher.daemon.server.health.LowMemoryDaemonExpirationStrategy] Received memory status update: {Total: 34212798464, Free: 13792538624}
22:04:57.500 [DEBUG] [org.gradle.process.internal.health.memory.MemoryManager] Emitting JVM memory status event {Maximum: 477626368, Committed: 343932928}
22:05:02.499 [DEBUG] [org.gradle.process.internal.health.memory.MemoryManager] Emitting OS memory status event {Total: 34212798464, Free: 13794844672}
22:05:02.499 [DEBUG] [org.gradle.launcher.daemon.server.health.LowMemoryDaemonExpirationStrategy] Received memory status update: {Total: 34212798464, Free: 13794844672}
22:05:02.499 [DEBUG] [org.gradle.process.internal.health.memory.MemoryManager] Emitting JVM memory status event {Maximum: 477626368, Committed: 343932928}
22:05:03.506 [DEBUG] [org.gradle.launcher.daemon.server.Daemon] DaemonExpirationPeriodicCheck running
22:05:03.506 [DEBUG] [org.gradle.cache.internal.DefaultFileLockManager] Waiting to acquire shared lock on daemon addresses registry.
22:05:03.506 [DEBUG] [org.gradle.cache.internal.DefaultFileLockManager] Lock acquired on daemon addresses registry.
22:05:03.507 [DEBUG] [org.gradle.cache.internal.DefaultFileLockManager] Releasing lock on daemon addresses registry.
22:05:03.507 [DEBUG] [org.gradle.cache.internal.DefaultFileLockManager] Waiting to acquire shared lock on daemon addresses registry.
22:05:03.507 [DEBUG] [org.gradle.cache.internal.DefaultFileLockManager] Lock acquired on daemon addresses registry.
22:05:03.507 [DEBUG] [org.gradle.cache.internal.DefaultFileLockManager] Releasing lock on daemon addresses registry.
22:05:03.507 [DEBUG] [org.gradle.cache.internal.DefaultFileLockManager] Waiting to acquire shared lock on daemon addresses registry.
22:05:03.507 [DEBUG] [org.gradle.cache.internal.DefaultFileLockManager] Lock acquired on daemon addresses registry.
22:05:03.507 [DEBUG] [org.gradle.cache.internal.DefaultFileLockManager] Releasing lock on daemon addresses registry.
22:05:07.499 [DEBUG] [org.gradle.process.internal.health.memory.MemoryManager] Emitting OS memory status event {Total: 34212798464, Free: 13814374400}
22:05:07.499 [DEBUG] [org.gradle.launcher.daemon.server.health.LowMemoryDaemonExpirationStrategy] Received memory status update: {Total: 34212798464, Free: 13814374400}
22:05:07.499 [DEBUG] [org.gradle.process.internal.health.memory.MemoryManager] Emitting JVM memory status event {Maximum: 477626368, Committed: 343932928}
22:05:12.504 [DEBUG] [org.gradle.process.internal.health.memory.MemoryManager] Emitting OS memory status event {Total: 34212798464, Free: 14144573440}
22:05:12.504 [DEBUG] [org.gradle.launcher.daemon.server.health.LowMemoryDaemonExpirationStrategy] Received memory status update: {Total: 34212798464, Free: 14144573440}
22:05:12.504 [DEBUG] [org.gradle.process.internal.health.memory.MemoryManager] Emitting JVM memory status event {Maximum: 477626368, Committed: 343932928}
22:05:13.504 [DEBUG] [org.gradle.launcher.daemon.server.Daemon] DaemonExpirationPeriodicCheck running
22:05:13.504 [DEBUG] [org.gradle.cache.internal.DefaultFileLockManager] Waiting to acquire shared lock on daemon addresses registry.
22:05:13.504 [DEBUG] [org.gradle.cache.internal.DefaultFileLockManager] Lock acquired on daemon addresses registry.
22:05:13.505 [DEBUG] [org.gradle.cache.internal.DefaultFileLockManager] Releasing lock on daemon addresses registry.
22:05:13.505 [DEBUG] [org.gradle.cache.internal.DefaultFileLockManager] Waiting to acquire shared lock on daemon addresses registry.
22:05:13.505 [DEBUG] [org.gradle.cache.internal.DefaultFileLockManager] Lock acquired on daemon addresses registry.
22:05:13.505 [DEBUG] [org.gradle.cache.internal.DefaultFileLockManager] Releasing lock on daemon addresses registry.
22:05:13.506 [DEBUG] [org.gradle.cache.internal.DefaultFileLockManager] Waiting to acquire shared lock on daemon addresses registry.
22:05:13.506 [DEBUG] [org.gradle.cache.internal.DefaultFileLockManager] Lock acquired on daemon addresses registry.
22:05:13.506 [DEBUG] [org.gradle.cache.internal.DefaultFileLockManager] Releasing lock on daemon addresses registry.
22:05:17.505 [DEBUG] [org.gradle.process.internal.health.memory.MemoryManager] Emitting OS memory status event {Total: 34212798464, Free: 14035390464}
22:05:17.505 [DEBUG] [org.gradle.launcher.daemon.server.health.LowMemoryDaemonExpirationStrategy] Received memory status update: {Total: 34212798464, Free: 14035390464}
22:05:17.505 [DEBUG] [org.gradle.process.internal.health.memory.MemoryManager] Emitting JVM memory status event {Maximum: 477626368, Committed: 343932928}
22:05:22.500 [DEBUG] [org.gradle.process.internal.health.memory.MemoryManager] Emitting OS memory status event {Total: 34212798464, Free: 14014406656}
22:05:22.501 [DEBUG] [org.gradle.launcher.daemon.server.health.LowMemoryDaemonExpirationStrategy] Received memory status update: {Total: 34212798464, Free: 14014406656}
22:05:22.501 [DEBUG] [org.gradle.process.internal.health.memory.MemoryManager] Emitting JVM memory status event {Maximum: 477626368, Committed: 343932928}
22:05:23.495 [DEBUG] [org.gradle.launcher.daemon.server.Daemon] DaemonExpirationPeriodicCheck running
22:05:23.496 [DEBUG] [org.gradle.cache.internal.DefaultFileLockManager] Waiting to acquire shared lock on daemon addresses registry.
22:05:23.496 [DEBUG] [org.gradle.cache.internal.DefaultFileLockManager] Lock acquired on daemon addresses registry.
22:05:23.496 [DEBUG] [org.gradle.cache.internal.DefaultFileLockManager] Releasing lock on daemon addresses registry.
22:05:23.497 [DEBUG] [org.gradle.cache.internal.DefaultFileLockManager] Waiting to acquire shared lock on daemon addresses registry.
22:05:23.497 [DEBUG] [org.gradle.cache.internal.DefaultFileLockManager] Lock acquired on daemon addresses registry.
22:05:23.498 [DEBUG] [org.gradle.cache.internal.DefaultFileLockManager] Releasing lock on daemon addresses registry.
22:05:23.499 [DEBUG] [org.gradle.cache.internal.DefaultFileLockManager] Waiting to acquire shared lock on daemon addresses registry.
22:05:23.499 [DEBUG] [org.gradle.cache.internal.DefaultFileLockManager] Lock acquired on daemon addresses registry.
22:05:23.500 [DEBUG] [org.gradle.cache.internal.DefaultFileLockManager] Releasing lock on daemon addresses registry.
22:05:27.504 [DEBUG] [org.gradle.process.internal.health.memory.MemoryManager] Emitting OS memory status event {Total: 34212798464, Free: 14011674624}
22:05:27.505 [DEBUG] [org.gradle.launcher.daemon.server.health.LowMemoryDaemonExpirationStrategy] Received memory status update: {Total: 34212798464, Free: 14011674624}
22:05:27.505 [DEBUG] [org.gradle.process.internal.health.memory.MemoryManager] Emitting JVM memory status event {Maximum: 477626368, Committed: 343932928}
22:05:32.502 [DEBUG] [org.gradle.process.internal.health.memory.MemoryManager] Emitting OS memory status event {Total: 34212798464, Free: 14003314688}
22:05:32.502 [DEBUG] [org.gradle.launcher.daemon.server.health.LowMemoryDaemonExpirationStrategy] Received memory status update: {Total: 34212798464, Free: 14003314688}
22:05:32.503 [DEBUG] [org.gradle.process.internal.health.memory.MemoryManager] Emitting JVM memory status event {Maximum: 477626368, Committed: 343932928}
22:05:33.496 [DEBUG] [org.gradle.launcher.daemon.server.Daemon] DaemonExpirationPeriodicCheck running
22:05:33.497 [DEBUG] [org.gradle.cache.internal.DefaultFileLockManager] Waiting to acquire shared lock on daemon addresses registry.
22:05:33.497 [DEBUG] [org.gradle.cache.internal.DefaultFileLockManager] Lock acquired on daemon addresses registry.
22:05:33.498 [DEBUG] [org.gradle.cache.internal.DefaultFileLockManager] Releasing lock on daemon addresses registry.
22:05:33.500 [DEBUG] [org.gradle.cache.internal.DefaultFileLockManager] Waiting to acquire shared lock on daemon addresses registry.
22:05:33.500 [DEBUG] [org.gradle.cache.internal.DefaultFileLockManager] Lock acquired on daemon addresses registry.
22:05:33.500 [DEBUG] [org.gradle.cache.internal.DefaultFileLockManager] Releasing lock on daemon addresses registry.
22:05:33.501 [DEBUG] [org.gradle.cache.internal.DefaultFileLockManager] Waiting to acquire shared lock on daemon addresses registry.
22:05:33.502 [DEBUG] [org.gradle.cache.internal.DefaultFileLockManager] Lock acquired on daemon addresses registry.
22:05:33.502 [DEBUG] [org.gradle.cache.internal.DefaultFileLockManager] Releasing lock on daemon addresses registry.
22:05:37.505 [DEBUG] [org.gradle.process.internal.health.memory.MemoryManager] Emitting OS memory status event {Total: 34212798464, Free: 14015827968}
22:05:37.505 [DEBUG] [org.gradle.launcher.daemon.server.health.LowMemoryDaemonExpirationStrategy] Received memory status update: {Total: 34212798464, Free: 14015827968}
22:05:37.505 [DEBUG] [org.gradle.process.internal.health.memory.MemoryManager] Emitting JVM memory status event {Maximum: 477626368, Committed: 343932928}
22:05:42.502 [DEBUG] [org.gradle.process.internal.health.memory.MemoryManager] Emitting OS memory status event {Total: 34212798464, Free: 14020788224}
22:05:42.502 [DEBUG] [org.gradle.launcher.daemon.server.health.LowMemoryDaemonExpirationStrategy] Received memory status update: {Total: 34212798464, Free: 14020788224}
22:05:42.502 [DEBUG] [org.gradle.process.internal.health.memory.MemoryManager] Emitting JVM memory status event {Maximum: 477626368, Committed: 343932928}
22:05:43.498 [DEBUG] [org.gradle.launcher.daemon.server.Daemon] DaemonExpirationPeriodicCheck running
22:05:43.498 [DEBUG] [org.gradle.cache.internal.DefaultFileLockManager] Waiting to acquire shared lock on daemon addresses registry.
22:05:43.498 [DEBUG] [org.gradle.cache.internal.DefaultFileLockManager] Lock acquired on daemon addresses registry.
22:05:43.499 [DEBUG] [org.gradle.cache.internal.DefaultFileLockManager] Releasing lock on daemon addresses registry.
22:05:43.499 [DEBUG] [org.gradle.cache.internal.DefaultFileLockManager] Waiting to acquire shared lock on daemon addresses registry.
22:05:43.499 [DEBUG] [org.gradle.cache.internal.DefaultFileLockManager] Lock acquired on daemon addresses registry.
22:05:43.499 [DEBUG] [org.gradle.cache.internal.DefaultFileLockManager] Releasing lock on daemon addresses registry.
22:05:43.499 [DEBUG] [org.gradle.cache.internal.DefaultFileLockManager] Waiting to acquire shared lock on daemon addresses registry.
22:05:43.499 [DEBUG] [org.gradle.cache.internal.DefaultFileLockManager] Lock acquired on daemon addresses registry.
22:05:43.499 [DEBUG] [org.gradle.cache.internal.DefaultFileLockManager] Releasing lock on daemon addresses registry.
22:05:47.498 [DEBUG] [org.gradle.process.internal.health.memory.MemoryManager] Emitting OS memory status event {Total: 34212798464, Free: 14038679552}
22:05:47.498 [DEBUG] [org.gradle.launcher.daemon.server.health.LowMemoryDaemonExpirationStrategy] Received memory status update: {Total: 34212798464, Free: 14038679552}
22:05:47.498 [DEBUG] [org.gradle.process.internal.health.memory.MemoryManager] Emitting JVM memory status event {Maximum: 477626368, Committed: 343932928}
22:05:52.503 [DEBUG] [org.gradle.process.internal.health.memory.MemoryManager] Emitting OS memory status event {Total: 34212798464, Free: 14037192704}
22:05:52.503 [DEBUG] [org.gradle.launcher.daemon.server.health.LowMemoryDaemonExpirationStrategy] Received memory status update: {Total: 34212798464, Free: 14037192704}
22:05:52.503 [DEBUG] [org.gradle.process.internal.health.memory.MemoryManager] Emitting JVM memory status event {Maximum: 477626368, Committed: 343932928}
22:05:53.498 [DEBUG] [org.gradle.launcher.daemon.server.Daemon] DaemonExpirationPeriodicCheck running
22:05:53.499 [DEBUG] [org.gradle.cache.internal.DefaultFileLockManager] Waiting to acquire shared lock on daemon addresses registry.
22:05:53.499 [DEBUG] [org.gradle.cache.internal.DefaultFileLockManager] Lock acquired on daemon addresses registry.
22:05:53.499 [DEBUG] [org.gradle.cache.internal.DefaultFileLockManager] Releasing lock on daemon addresses registry.
22:05:53.500 [DEBUG] [org.gradle.cache.internal.DefaultFileLockManager] Waiting to acquire shared lock on daemon addresses registry.
22:05:53.500 [DEBUG] [org.gradle.cache.internal.DefaultFileLockManager] Lock acquired on daemon addresses registry.
22:05:53.500 [DEBUG] [org.gradle.cache.internal.DefaultFileLockManager] Releasing lock on daemon addresses registry.
22:05:53.500 [DEBUG] [org.gradle.cache.internal.DefaultFileLockManager] Waiting to acquire shared lock on daemon addresses registry.
22:05:53.500 [DEBUG] [org.gradle.cache.internal.DefaultFileLockManager] Lock acquired on daemon addresses registry.
22:05:53.500 [DEBUG] [org.gradle.cache.internal.DefaultFileLockManager] Releasing lock on daemon addresses registry.
22:05:57.499 [DEBUG] [org.gradle.process.internal.health.memory.MemoryManager] Emitting OS memory status event {Total: 34212798464, Free: 14044213248}
22:05:57.499 [DEBUG] [org.gradle.launcher.daemon.server.health.LowMemoryDaemonExpirationStrategy] Received memory status update: {Total: 34212798464, Free: 14044213248}
22:05:57.499 [DEBUG] [org.gradle.process.internal.health.memory.MemoryManager] Emitting JVM memory status event {Maximum: 477626368, Committed: 343932928}
22:06:02.510 [DEBUG] [org.gradle.process.internal.health.memory.MemoryManager] Emitting OS memory status event {Total: 34212798464, Free: 14015639552}
22:06:02.510 [DEBUG] [org.gradle.launcher.daemon.server.health.LowMemoryDaemonExpirationStrategy] Received memory status update: {Total: 34212798464, Free: 14015639552}
22:06:02.510 [DEBUG] [org.gradle.process.internal.health.memory.MemoryManager] Emitting JVM memory status event {Maximum: 477626368, Committed: 343932928}
22:06:03.507 [DEBUG] [org.gradle.launcher.daemon.server.Daemon] DaemonExpirationPeriodicCheck running
22:06:03.508 [DEBUG] [org.gradle.cache.internal.DefaultFileLockManager] Waiting to acquire shared lock on daemon addresses registry.
22:06:03.508 [DEBUG] [org.gradle.cache.internal.DefaultFileLockManager] Lock acquired on daemon addresses registry.
22:06:03.508 [DEBUG] [org.gradle.cache.internal.DefaultFileLockManager] Releasing lock on daemon addresses registry.
22:06:03.508 [DEBUG] [org.gradle.cache.internal.DefaultFileLockManager] Waiting to acquire shared lock on daemon addresses registry.
22:06:03.509 [DEBUG] [org.gradle.cache.internal.DefaultFileLockManager] Lock acquired on daemon addresses registry.
22:06:03.509 [DEBUG] [org.gradle.cache.internal.DefaultFileLockManager] Releasing lock on daemon addresses registry.
22:06:03.509 [DEBUG] [org.gradle.cache.internal.DefaultFileLockManager] Waiting to acquire shared lock on daemon addresses registry.
22:06:03.509 [DEBUG] [org.gradle.cache.internal.DefaultFileLockManager] Lock acquired on daemon addresses registry.
22:06:03.509 [DEBUG] [org.gradle.cache.internal.DefaultFileLockManager] Releasing lock on daemon addresses registry.
22:06:07.503 [DEBUG] [org.gradle.process.internal.health.memory.MemoryManager] Emitting OS memory status event {Total: 34212798464, Free: 14017183744}
22:06:07.503 [DEBUG] [org.gradle.launcher.daemon.server.health.LowMemoryDaemonExpirationStrategy] Received memory status update: {Total: 34212798464, Free: 14017183744}
22:06:07.503 [DEBUG] [org.gradle.process.internal.health.memory.MemoryManager] Emitting JVM memory status event {Maximum: 477626368, Committed: 343932928}
22:06:12.497 [DEBUG] [org.gradle.process.internal.health.memory.MemoryManager] Emitting OS memory status event {Total: 34212798464, Free: 13924478976}
22:06:12.497 [DEBUG] [org.gradle.launcher.daemon.server.health.LowMemoryDaemonExpirationStrategy] Received memory status update: {Total: 34212798464, Free: 13924478976}
22:06:12.497 [DEBUG] [org.gradle.process.internal.health.memory.MemoryManager] Emitting JVM memory status event {Maximum: 477626368, Committed: 343932928}
22:06:13.493 [DEBUG] [org.gradle.launcher.daemon.server.Daemon] DaemonExpirationPeriodicCheck running
22:06:13.493 [DEBUG] [org.gradle.cache.internal.DefaultFileLockManager] Waiting to acquire shared lock on daemon addresses registry.
22:06:13.494 [DEBUG] [org.gradle.cache.internal.DefaultFileLockManager] Lock acquired on daemon addresses registry.
22:06:13.494 [DEBUG] [org.gradle.cache.internal.DefaultFileLockManager] Releasing lock on daemon addresses registry.
22:06:13.494 [DEBUG] [org.gradle.cache.internal.DefaultFileLockManager] Waiting to acquire shared lock on daemon addresses registry.
22:06:13.494 [DEBUG] [org.gradle.cache.internal.DefaultFileLockManager] Lock acquired on daemon addresses registry.
22:06:13.494 [DEBUG] [org.gradle.cache.internal.DefaultFileLockManager] Releasing lock on daemon addresses registry.
22:06:13.495 [DEBUG] [org.gradle.cache.internal.DefaultFileLockManager] Waiting to acquire shared lock on daemon addresses registry.
22:06:13.495 [DEBUG] [org.gradle.cache.internal.DefaultFileLockManager] Lock acquired on daemon addresses registry.
22:06:13.495 [DEBUG] [org.gradle.cache.internal.DefaultFileLockManager] Releasing lock on daemon addresses registry.
22:06:17.499 [DEBUG] [org.gradle.process.internal.health.memory.MemoryManager] Emitting OS memory status event {Total: 34212798464, Free: 13958774784}
22:06:17.499 [DEBUG] [org.gradle.launcher.daemon.server.health.LowMemoryDaemonExpirationStrategy] Received memory status update: {Total: 34212798464, Free: 13958774784}
22:06:17.499 [DEBUG] [org.gradle.process.internal.health.memory.MemoryManager] Emitting JVM memory status event {Maximum: 477626368, Committed: 343932928}
22:06:22.503 [DEBUG] [org.gradle.process.internal.health.memory.MemoryManager] Emitting OS memory status event {Total: 34212798464, Free: 13951209472}
22:06:22.503 [DEBUG] [org.gradle.launcher.daemon.server.health.LowMemoryDaemonExpirationStrategy] Received memory status update: {Total: 34212798464, Free: 13951209472}
22:06:22.503 [DEBUG] [org.gradle.process.internal.health.memory.MemoryManager] Emitting JVM memory status event {Maximum: 477626368, Committed: 343932928}
22:06:23.496 [DEBUG] [org.gradle.launcher.daemon.server.Daemon] DaemonExpirationPeriodicCheck running
22:06:23.496 [DEBUG] [org.gradle.cache.internal.DefaultFileLockManager] Waiting to acquire shared lock on daemon addresses registry.
22:06:23.497 [DEBUG] [org.gradle.cache.internal.DefaultFileLockManager] Lock acquired on daemon addresses registry.
22:06:23.497 [DEBUG] [org.gradle.cache.internal.DefaultFileLockManager] Releasing lock on daemon addresses registry.
22:06:23.497 [DEBUG] [org.gradle.cache.internal.DefaultFileLockManager] Waiting to acquire shared lock on daemon addresses registry.
22:06:23.497 [DEBUG] [org.gradle.cache.internal.DefaultFileLockManager] Lock acquired on daemon addresses registry.
22:06:23.497 [DEBUG] [org.gradle.cache.internal.DefaultFileLockManager] Releasing lock on daemon addresses registry.
22:06:23.498 [DEBUG] [org.gradle.cache.internal.DefaultFileLockManager] Waiting to acquire shared lock on daemon addresses registry.
22:06:23.498 [DEBUG] [org.gradle.cache.internal.DefaultFileLockManager] Lock acquired on daemon addresses registry.
22:06:23.498 [DEBUG] [org.gradle.cache.internal.DefaultFileLockManager] Releasing lock on daemon addresses registry.
22:06:27.508 [DEBUG] [org.gradle.process.internal.health.memory.MemoryManager] Emitting OS memory status event {Total: 34212798464, Free: 13973831680}
22:06:27.508 [DEBUG] [org.gradle.launcher.daemon.server.health.LowMemoryDaemonExpirationStrategy] Received memory status update: {Total: 34212798464, Free: 13973831680}
22:06:27.508 [DEBUG] [org.gradle.process.internal.health.memory.MemoryManager] Emitting JVM memory status event {Maximum: 477626368, Committed: 343932928}
22:06:32.503 [DEBUG] [org.gradle.process.internal.health.memory.MemoryManager] Emitting OS memory status event {Total: 34212798464, Free: 13991899136}
22:06:32.504 [DEBUG] [org.gradle.launcher.daemon.server.health.LowMemoryDaemonExpirationStrategy] Received memory status update: {Total: 34212798464, Free: 13991899136}
22:06:32.504 [DEBUG] [org.gradle.process.internal.health.memory.MemoryManager] Emitting JVM memory status event {Maximum: 477626368, Committed: 343932928}
22:06:33.501 [DEBUG] [org.gradle.launcher.daemon.server.Daemon] DaemonExpirationPeriodicCheck running
22:06:33.501 [DEBUG] [org.gradle.cache.internal.DefaultFileLockManager] Waiting to acquire shared lock on daemon addresses registry.
22:06:33.501 [DEBUG] [org.gradle.cache.internal.DefaultFileLockManager] Lock acquired on daemon addresses registry.
22:06:33.502 [DEBUG] [org.gradle.cache.internal.DefaultFileLockManager] Releasing lock on daemon addresses registry.
22:06:33.502 [DEBUG] [org.gradle.cache.internal.DefaultFileLockManager] Waiting to acquire shared lock on daemon addresses registry.
22:06:33.502 [DEBUG] [org.gradle.cache.internal.DefaultFileLockManager] Lock acquired on daemon addresses registry.
22:06:33.502 [DEBUG] [org.gradle.cache.internal.DefaultFileLockManager] Releasing lock on daemon addresses registry.
22:06:33.503 [DEBUG] [org.gradle.cache.internal.DefaultFileLockManager] Waiting to acquire shared lock on daemon addresses registry.
22:06:33.503 [DEBUG] [org.gradle.cache.internal.DefaultFileLockManager] Lock acquired on daemon addresses registry.
22:06:33.503 [DEBUG] [org.gradle.cache.internal.DefaultFileLockManager] Releasing lock on daemon addresses registry.
22:06:37.497 [DEBUG] [org.gradle.process.internal.health.memory.MemoryManager] Emitting OS memory status event {Total: 34212798464, Free: 13577736192}
22:06:37.497 [DEBUG] [org.gradle.launcher.daemon.server.health.LowMemoryDaemonExpirationStrategy] Received memory status update: {Total: 34212798464, Free: 13577736192}
22:06:37.497 [DEBUG] [org.gradle.process.internal.health.memory.MemoryManager] Emitting JVM memory status event {Maximum: 477626368, Committed: 343932928}
22:06:42.511 [DEBUG] [org.gradle.process.internal.health.memory.MemoryManager] Emitting OS memory status event {Total: 34212798464, Free: 13408235520}
22:06:42.512 [DEBUG] [org.gradle.launcher.daemon.server.health.LowMemoryDaemonExpirationStrategy] Received memory status update: {Total: 34212798464, Free: 13408235520}
22:06:42.512 [DEBUG] [org.gradle.process.internal.health.memory.MemoryManager] Emitting JVM memory status event {Maximum: 477626368, Committed: 343932928}
22:06:43.504 [DEBUG] [org.gradle.launcher.daemon.server.Daemon] DaemonExpirationPeriodicCheck running
22:06:43.504 [DEBUG] [org.gradle.cache.internal.DefaultFileLockManager] Waiting to acquire shared lock on daemon addresses registry.
22:06:43.505 [DEBUG] [org.gradle.cache.internal.DefaultFileLockManager] Lock acquired on daemon addresses registry.
22:06:43.505 [DEBUG] [org.gradle.cache.internal.DefaultFileLockManager] Releasing lock on daemon addresses registry.
22:06:43.505 [DEBUG] [org.gradle.cache.internal.DefaultFileLockManager] Waiting to acquire shared lock on daemon addresses registry.
22:06:43.505 [DEBUG] [org.gradle.cache.internal.DefaultFileLockManager] Lock acquired on daemon addresses registry.
22:06:43.505 [DEBUG] [org.gradle.cache.internal.DefaultFileLockManager] Releasing lock on daemon addresses registry.
22:06:43.505 [DEBUG] [org.gradle.cache.internal.DefaultFileLockManager] Waiting to acquire shared lock on daemon addresses registry.
22:06:43.505 [DEBUG] [org.gradle.cache.internal.DefaultFileLockManager] Lock acquired on daemon addresses registry.
22:06:43.506 [DEBUG] [org.gradle.cache.internal.DefaultFileLockManager] Releasing lock on daemon addresses registry.
22:06:47.498 [DEBUG] [org.gradle.process.internal.health.memory.MemoryManager] Emitting OS memory status event {Total: 34212798464, Free: 13421596672}
22:06:47.498 [DEBUG] [org.gradle.launcher.daemon.server.health.LowMemoryDaemonExpirationStrategy] Received memory status update: {Total: 34212798464, Free: 13421596672}
22:06:47.498 [DEBUG] [org.gradle.process.internal.health.memory.MemoryManager] Emitting JVM memory status event {Maximum: 477626368, Committed: 343932928}
22:06:52.502 [DEBUG] [org.gradle.process.internal.health.memory.MemoryManager] Emitting OS memory status event {Total: 34212798464, Free: 13378752512}
22:06:52.502 [DEBUG] [org.gradle.launcher.daemon.server.health.LowMemoryDaemonExpirationStrategy] Received memory status update: {Total: 34212798464, Free: 13378752512}
22:06:52.502 [DEBUG] [org.gradle.process.internal.health.memory.MemoryManager] Emitting JVM memory status event {Maximum: 477626368, Committed: 343932928}
22:06:53.503 [DEBUG] [org.gradle.launcher.daemon.server.Daemon] DaemonExpirationPeriodicCheck running
22:06:53.504 [DEBUG] [org.gradle.cache.internal.DefaultFileLockManager] Waiting to acquire shared lock on daemon addresses registry.
22:06:53.504 [DEBUG] [org.gradle.cache.internal.DefaultFileLockManager] Lock acquired on daemon addresses registry.
22:06:53.504 [DEBUG] [org.gradle.cache.internal.DefaultFileLockManager] Releasing lock on daemon addresses registry.
22:06:53.504 [DEBUG] [org.gradle.cache.internal.DefaultFileLockManager] Waiting to acquire shared lock on daemon addresses registry.
22:06:53.504 [DEBUG] [org.gradle.cache.internal.DefaultFileLockManager] Lock acquired on daemon addresses registry.
22:06:53.504 [DEBUG] [org.gradle.cache.internal.DefaultFileLockManager] Releasing lock on daemon addresses registry.
22:06:53.505 [DEBUG] [org.gradle.cache.internal.DefaultFileLockManager] Waiting to acquire shared lock on daemon addresses registry.
22:06:53.505 [DEBUG] [org.gradle.cache.internal.DefaultFileLockManager] Lock acquired on daemon addresses registry.
22:06:53.505 [DEBUG] [org.gradle.cache.internal.DefaultFileLockManager] Releasing lock on daemon addresses registry.
22:06:57.509 [DEBUG] [org.gradle.process.internal.health.memory.MemoryManager] Emitting OS memory status event {Total: 34212798464, Free: 13359554560}
22:06:57.509 [DEBUG] [org.gradle.launcher.daemon.server.health.LowMemoryDaemonExpirationStrategy] Received memory status update: {Total: 34212798464, Free: 13359554560}
22:06:57.509 [DEBUG] [org.gradle.process.internal.health.memory.MemoryManager] Emitting JVM memory status event {Maximum: 477626368, Committed: 343932928}
22:07:02.503 [DEBUG] [org.gradle.process.internal.health.memory.MemoryManager] Emitting OS memory status event {Total: 34212798464, Free: 13339508736}
22:07:02.504 [DEBUG] [org.gradle.launcher.daemon.server.health.LowMemoryDaemonExpirationStrategy] Received memory status update: {Total: 34212798464, Free: 13339508736}
22:07:02.504 [DEBUG] [org.gradle.process.internal.health.memory.MemoryManager] Emitting JVM memory status event {Maximum: 477626368, Committed: 343932928}
22:07:03.499 [DEBUG] [org.gradle.launcher.daemon.server.Daemon] DaemonExpirationPeriodicCheck running
22:07:03.500 [DEBUG] [org.gradle.cache.internal.DefaultFileLockManager] Waiting to acquire shared lock on daemon addresses registry.
22:07:03.500 [DEBUG] [org.gradle.cache.internal.DefaultFileLockManager] Lock acquired on daemon addresses registry.
22:07:03.500 [DEBUG] [org.gradle.cache.internal.DefaultFileLockManager] Releasing lock on daemon addresses registry.
22:07:03.500 [DEBUG] [org.gradle.cache.internal.DefaultFileLockManager] Waiting to acquire shared lock on daemon addresses registry.
22:07:03.500 [DEBUG] [org.gradle.cache.internal.DefaultFileLockManager] Lock acquired on daemon addresses registry.
22:07:03.500 [DEBUG] [org.gradle.cache.internal.DefaultFileLockManager] Releasing lock on daemon addresses registry.
22:07:03.501 [DEBUG] [org.gradle.cache.internal.DefaultFileLockManager] Waiting to acquire shared lock on daemon addresses registry.
22:07:03.501 [DEBUG] [org.gradle.cache.internal.DefaultFileLockManager] Lock acquired on daemon addresses registry.
22:07:03.501 [DEBUG] [org.gradle.cache.internal.DefaultFileLockManager] Releasing lock on daemon addresses registry.
22:07:07.504 [DEBUG] [org.gradle.process.internal.health.memory.MemoryManager] Emitting OS memory status event {Total: 34212798464, Free: 13717139456}
22:07:07.504 [DEBUG] [org.gradle.launcher.daemon.server.health.LowMemoryDaemonExpirationStrategy] Received memory status update: {Total: 34212798464, Free: 13717139456}
22:07:07.504 [DEBUG] [org.gradle.process.internal.health.memory.MemoryManager] Emitting JVM memory status event {Maximum: 477626368, Committed: 343932928}
22:07:12.508 [DEBUG] [org.gradle.process.internal.health.memory.MemoryManager] Emitting OS memory status event {Total: 34212798464, Free: 13568999424}
22:07:12.509 [DEBUG] [org.gradle.launcher.daemon.server.health.LowMemoryDaemonExpirationStrategy] Received memory status update: {Total: 34212798464, Free: 13568999424}
22:07:12.509 [DEBUG] [org.gradle.process.internal.health.memory.MemoryManager] Emitting JVM memory status event {Maximum: 477626368, Committed: 343932928}
22:07:13.505 [DEBUG] [org.gradle.launcher.daemon.server.Daemon] DaemonExpirationPeriodicCheck running
22:07:13.506 [DEBUG] [org.gradle.cache.internal.DefaultFileLockManager] Waiting to acquire shared lock on daemon addresses registry.
22:07:13.506 [DEBUG] [org.gradle.cache.internal.DefaultFileLockManager] Lock acquired on daemon addresses registry.
22:07:13.506 [DEBUG] [org.gradle.cache.internal.DefaultFileLockManager] Releasing lock on daemon addresses registry.
22:07:13.507 [DEBUG] [org.gradle.cache.internal.DefaultFileLockManager] Waiting to acquire shared lock on daemon addresses registry.
22:07:13.507 [DEBUG] [org.gradle.cache.internal.DefaultFileLockManager] Lock acquired on daemon addresses registry.
22:07:13.507 [DEBUG] [org.gradle.cache.internal.DefaultFileLockManager] Releasing lock on daemon addresses registry.
22:07:13.507 [DEBUG] [org.gradle.cache.internal.DefaultFileLockManager] Waiting to acquire shared lock on daemon addresses registry.
22:07:13.507 [DEBUG] [org.gradle.cache.internal.DefaultFileLockManager] Lock acquired on daemon addresses registry.
22:07:13.507 [DEBUG] [org.gradle.cache.internal.DefaultFileLockManager] Releasing lock on daemon addresses registry.
22:07:17.503 [DEBUG] [org.gradle.process.internal.health.memory.MemoryManager] Emitting OS memory status event {Total: 34212798464, Free: 13312692224}
22:07:17.503 [DEBUG] [org.gradle.launcher.daemon.server.health.LowMemoryDaemonExpirationStrategy] Received memory status update: {Total: 34212798464, Free: 13312692224}
22:07:17.503 [DEBUG] [org.gradle.process.internal.health.memory.MemoryManager] Emitting JVM memory status event {Maximum: 477626368, Committed: 343932928}
22:07:22.498 [DEBUG] [org.gradle.process.internal.health.memory.MemoryManager] Emitting OS memory status event {Total: 34212798464, Free: 13159731200}
22:07:22.498 [DEBUG] [org.gradle.launcher.daemon.server.health.LowMemoryDaemonExpirationStrategy] Received memory status update: {Total: 34212798464, Free: 13159731200}
22:07:22.498 [DEBUG] [org.gradle.process.internal.health.memory.MemoryManager] Emitting JVM memory status event {Maximum: 477626368, Committed: 343932928}
22:07:23.493 [DEBUG] [org.gradle.launcher.daemon.server.Daemon] DaemonExpirationPeriodicCheck running
22:07:23.494 [DEBUG] [org.gradle.cache.internal.DefaultFileLockManager] Waiting to acquire shared lock on daemon addresses registry.
22:07:23.494 [DEBUG] [org.gradle.cache.internal.DefaultFileLockManager] Lock acquired on daemon addresses registry.
22:07:23.494 [DEBUG] [org.gradle.cache.internal.DefaultFileLockManager] Releasing lock on daemon addresses registry.
22:07:23.494 [DEBUG] [org.gradle.cache.internal.DefaultFileLockManager] Waiting to acquire shared lock on daemon addresses registry.
22:07:23.494 [DEBUG] [org.gradle.cache.internal.DefaultFileLockManager] Lock acquired on daemon addresses registry.
22:07:23.495 [DEBUG] [org.gradle.cache.internal.DefaultFileLockManager] Releasing lock on daemon addresses registry.
22:07:23.495 [DEBUG] [org.gradle.cache.internal.DefaultFileLockManager] Waiting to acquire shared lock on daemon addresses registry.
22:07:23.495 [DEBUG] [org.gradle.cache.internal.DefaultFileLockManager] Lock acquired on daemon addresses registry.
22:07:23.495 [DEBUG] [org.gradle.cache.internal.DefaultFileLockManager] Releasing lock on daemon addresses registry.
22:07:27.509 [DEBUG] [org.gradle.process.internal.health.memory.MemoryManager] Emitting OS memory status event {Total: 34212798464, Free: 13460201472}
22:07:27.509 [DEBUG] [org.gradle.launcher.daemon.server.health.LowMemoryDaemonExpirationStrategy] Received memory status update: {Total: 34212798464, Free: 13460201472}
22:07:27.509 [DEBUG] [org.gradle.process.internal.health.memory.MemoryManager] Emitting JVM memory status event {Maximum: 477626368, Committed: 343932928}
22:07:32.497 [DEBUG] [org.gradle.process.internal.health.memory.MemoryManager] Emitting OS memory status event {Total: 34212798464, Free: 13299134464}
22:07:32.497 [DEBUG] [org.gradle.launcher.daemon.server.health.LowMemoryDaemonExpirationStrategy] Received memory status update: {Total: 34212798464, Free: 13299134464}
22:07:32.497 [DEBUG] [org.gradle.process.internal.health.memory.MemoryManager] Emitting JVM memory status event {Maximum: 477626368, Committed: 343932928}
22:07:33.505 [DEBUG] [org.gradle.launcher.daemon.server.Daemon] DaemonExpirationPeriodicCheck running
22:07:33.506 [DEBUG] [org.gradle.cache.internal.DefaultFileLockManager] Waiting to acquire shared lock on daemon addresses registry.
22:07:33.506 [DEBUG] [org.gradle.cache.internal.DefaultFileLockManager] Lock acquired on daemon addresses registry.
22:07:33.507 [DEBUG] [org.gradle.cache.internal.DefaultFileLockManager] Releasing lock on daemon addresses registry.
22:07:33.507 [DEBUG] [org.gradle.cache.internal.DefaultFileLockManager] Waiting to acquire shared lock on daemon addresses registry.
22:07:33.507 [DEBUG] [org.gradle.cache.internal.DefaultFileLockManager] Lock acquired on daemon addresses registry.
22:07:33.507 [DEBUG] [org.gradle.cache.internal.DefaultFileLockManager] Releasing lock on daemon addresses registry.
22:07:33.507 [DEBUG] [org.gradle.cache.internal.DefaultFileLockManager] Waiting to acquire shared lock on daemon addresses registry.
22:07:33.507 [DEBUG] [org.gradle.cache.internal.DefaultFileLockManager] Lock acquired on daemon addresses registry.
22:07:33.508 [DEBUG] [org.gradle.cache.internal.DefaultFileLockManager] Releasing lock on daemon addresses registry.
22:07:37.503 [DEBUG] [org.gradle.process.internal.health.memory.MemoryManager] Emitting OS memory status event {Total: 34212798464, Free: 13200441344}
22:07:37.503 [DEBUG] [org.gradle.launcher.daemon.server.health.LowMemoryDaemonExpirationStrategy] Received memory status update: {Total: 34212798464, Free: 13200441344}
22:07:37.503 [DEBUG] [org.gradle.process.internal.health.memory.MemoryManager] Emitting JVM memory status event {Maximum: 477626368, Committed: 343932928}
22:07:42.502 [DEBUG] [org.gradle.process.internal.health.memory.MemoryManager] Emitting OS memory status event {Total: 34212798464, Free: 12742287360}
22:07:42.502 [DEBUG] [org.gradle.launcher.daemon.server.health.LowMemoryDaemonExpirationStrategy] Received memory status update: {Total: 34212798464, Free: 12742287360}
22:07:42.502 [DEBUG] [org.gradle.process.internal.health.memory.MemoryManager] Emitting JVM memory status event {Maximum: 477626368, Committed: 343932928}
22:07:43.503 [DEBUG] [org.gradle.launcher.daemon.server.Daemon] DaemonExpirationPeriodicCheck running
22:07:43.503 [DEBUG] [org.gradle.cache.internal.DefaultFileLockManager] Waiting to acquire shared lock on daemon addresses registry.
22:07:43.503 [DEBUG] [org.gradle.cache.internal.DefaultFileLockManager] Lock acquired on daemon addresses registry.
22:07:43.504 [DEBUG] [org.gradle.cache.internal.DefaultFileLockManager] Releasing lock on daemon addresses registry.
22:07:43.504 [DEBUG] [org.gradle.cache.internal.DefaultFileLockManager] Waiting to acquire shared lock on daemon addresses registry.
22:07:43.504 [DEBUG] [org.gradle.cache.internal.DefaultFileLockManager] Lock acquired on daemon addresses registry.
22:07:43.504 [DEBUG] [org.gradle.cache.internal.DefaultFileLockManager] Releasing lock on daemon addresses registry.
22:07:43.504 [DEBUG] [org.gradle.cache.internal.DefaultFileLockManager] Waiting to acquire shared lock on daemon addresses registry.
22:07:43.504 [DEBUG] [org.gradle.cache.internal.DefaultFileLockManager] Lock acquired on daemon addresses registry.
22:07:43.504 [DEBUG] [org.gradle.cache.internal.DefaultFileLockManager] Releasing lock on daemon addresses registry.
22:07:47.508 [DEBUG] [org.gradle.process.internal.health.memory.MemoryManager] Emitting OS memory status event {Total: 34212798464, Free: 12593770496}
22:07:47.508 [DEBUG] [org.gradle.launcher.daemon.server.health.LowMemoryDaemonExpirationStrategy] Received memory status update: {Total: 34212798464, Free: 12593770496}
22:07:47.508 [DEBUG] [org.gradle.process.internal.health.memory.MemoryManager] Emitting JVM memory status event {Maximum: 477626368, Committed: 343932928}
22:07:52.505 [DEBUG] [org.gradle.process.internal.health.memory.MemoryManager] Emitting OS memory status event {Total: 34212798464, Free: 12386713600}
22:07:52.505 [DEBUG] [org.gradle.launcher.daemon.server.health.LowMemoryDaemonExpirationStrategy] Received memory status update: {Total: 34212798464, Free: 12386713600}
22:07:52.505 [DEBUG] [org.gradle.process.internal.health.memory.MemoryManager] Emitting JVM memory status event {Maximum: 477626368, Committed: 343932928}
22:07:53.506 [DEBUG] [org.gradle.launcher.daemon.server.Daemon] DaemonExpirationPeriodicCheck running
22:07:53.507 [DEBUG] [org.gradle.cache.internal.DefaultFileLockManager] Waiting to acquire shared lock on daemon addresses registry.
22:07:53.507 [DEBUG] [org.gradle.cache.internal.DefaultFileLockManager] Lock acquired on daemon addresses registry.
22:07:53.507 [DEBUG] [org.gradle.cache.internal.DefaultFileLockManager] Releasing lock on daemon addresses registry.
22:07:53.508 [DEBUG] [org.gradle.cache.internal.DefaultFileLockManager] Waiting to acquire shared lock on daemon addresses registry.
22:07:53.508 [DEBUG] [org.gradle.cache.internal.DefaultFileLockManager] Lock acquired on daemon addresses registry.
22:07:53.508 [DEBUG] [org.gradle.cache.internal.DefaultFileLockManager] Releasing lock on daemon addresses registry.
22:07:53.509 [DEBUG] [org.gradle.cache.internal.DefaultFileLockManager] Waiting to acquire shared lock on daemon addresses registry.
22:07:53.509 [DEBUG] [org.gradle.cache.internal.DefaultFileLockManager] Lock acquired on daemon addresses registry.
22:07:53.509 [DEBUG] [org.gradle.cache.internal.DefaultFileLockManager] Releasing lock on daemon addresses registry.
22:07:57.506 [DEBUG] [org.gradle.process.internal.health.memory.MemoryManager] Emitting OS memory status event {Total: 34212798464, Free: 12143579136}
22:07:57.506 [DEBUG] [org.gradle.launcher.daemon.server.health.LowMemoryDaemonExpirationStrategy] Received memory status update: {Total: 34212798464, Free: 12143579136}
22:07:57.506 [DEBUG] [org.gradle.process.internal.health.memory.MemoryManager] Emitting JVM memory status event {Maximum: 477626368, Committed: 343932928}
22:08:02.505 [DEBUG] [org.gradle.process.internal.health.memory.MemoryManager] Emitting OS memory status event {Total: 34212798464, Free: 12150308864}
22:08:02.505 [DEBUG] [org.gradle.launcher.daemon.server.health.LowMemoryDaemonExpirationStrategy] Received memory status update: {Total: 34212798464, Free: 12150308864}
22:08:02.505 [DEBUG] [org.gradle.process.internal.health.memory.MemoryManager] Emitting JVM memory status event {Maximum: 477626368, Committed: 343932928}
22:08:03.503 [DEBUG] [org.gradle.launcher.daemon.server.Daemon] DaemonExpirationPeriodicCheck running
22:08:03.504 [DEBUG] [org.gradle.cache.internal.DefaultFileLockManager] Waiting to acquire shared lock on daemon addresses registry.
22:08:03.504 [DEBUG] [org.gradle.cache.internal.DefaultFileLockManager] Lock acquired on daemon addresses registry.
22:08:03.504 [DEBUG] [org.gradle.cache.internal.DefaultFileLockManager] Releasing lock on daemon addresses registry.
22:08:03.504 [DEBUG] [org.gradle.cache.internal.DefaultFileLockManager] Waiting to acquire shared lock on daemon addresses registry.
22:08:03.504 [DEBUG] [org.gradle.cache.internal.DefaultFileLockManager] Lock acquired on daemon addresses registry.
22:08:03.505 [DEBUG] [org.gradle.cache.internal.DefaultFileLockManager] Releasing lock on daemon addresses registry.
22:08:03.505 [DEBUG] [org.gradle.cache.internal.DefaultFileLockManager] Waiting to acquire shared lock on daemon addresses registry.
22:08:03.505 [DEBUG] [org.gradle.cache.internal.DefaultFileLockManager] Lock acquired on daemon addresses registry.
22:08:03.505 [DEBUG] [org.gradle.cache.internal.DefaultFileLockManager] Releasing lock on daemon addresses registry.
22:08:07.497 [DEBUG] [org.gradle.process.internal.health.memory.MemoryManager] Emitting OS memory status event {Total: 34212798464, Free: 11612119040}
22:08:07.497 [DEBUG] [org.gradle.launcher.daemon.server.health.LowMemoryDaemonExpirationStrategy] Received memory status update: {Total: 34212798464, Free: 11612119040}
22:08:07.497 [DEBUG] [org.gradle.process.internal.health.memory.MemoryManager] Emitting JVM memory status event {Maximum: 477626368, Committed: 343932928}
22:08:12.507 [DEBUG] [org.gradle.process.internal.health.memory.MemoryManager] Emitting OS memory status event {Total: 34212798464, Free: 11246632960}
22:08:12.507 [DEBUG] [org.gradle.launcher.daemon.server.health.LowMemoryDaemonExpirationStrategy] Received memory status update: {Total: 34212798464, Free: 11246632960}
22:08:12.507 [DEBUG] [org.gradle.process.internal.health.memory.MemoryManager] Emitting JVM memory status event {Maximum: 477626368, Committed: 343932928}
22:08:13.508 [DEBUG] [org.gradle.launcher.daemon.server.Daemon] DaemonExpirationPeriodicCheck running
22:08:13.508 [DEBUG] [org.gradle.cache.internal.DefaultFileLockManager] Waiting to acquire shared lock on daemon addresses registry.
22:08:13.508 [DEBUG] [org.gradle.cache.internal.DefaultFileLockManager] Lock acquired on daemon addresses registry.
22:08:13.508 [DEBUG] [org.gradle.cache.internal.DefaultFileLockManager] Releasing lock on daemon addresses registry.
22:08:13.509 [DEBUG] [org.gradle.cache.internal.DefaultFileLockManager] Waiting to acquire shared lock on daemon addresses registry.
22:08:13.509 [DEBUG] [org.gradle.cache.internal.DefaultFileLockManager] Lock acquired on daemon addresses registry.
22:08:13.509 [DEBUG] [org.gradle.cache.internal.DefaultFileLockManager] Releasing lock on daemon addresses registry.
22:08:13.509 [DEBUG] [org.gradle.cache.internal.DefaultFileLockManager] Waiting to acquire shared lock on daemon addresses registry.
22:08:13.509 [DEBUG] [org.gradle.cache.internal.DefaultFileLockManager] Lock acquired on daemon addresses registry.
22:08:13.509 [DEBUG] [org.gradle.cache.internal.DefaultFileLockManager] Releasing lock on daemon addresses registry.
22:08:17.499 [DEBUG] [org.gradle.process.internal.health.memory.MemoryManager] Emitting OS memory status event {Total: 34212798464, Free: 10761310208}
22:08:17.500 [DEBUG] [org.gradle.launcher.daemon.server.health.LowMemoryDaemonExpirationStrategy] Received memory status update: {Total: 34212798464, Free: 10761310208}
22:08:17.500 [DEBUG] [org.gradle.process.internal.health.memory.MemoryManager] Emitting JVM memory status event {Maximum: 477626368, Committed: 343932928}
22:08:22.509 [DEBUG] [org.gradle.process.internal.health.memory.MemoryManager] Emitting OS memory status event {Total: 34212798464, Free: 10726506496}
22:08:22.509 [DEBUG] [org.gradle.launcher.daemon.server.health.LowMemoryDaemonExpirationStrategy] Received memory status update: {Total: 34212798464, Free: 10726506496}
22:08:22.509 [DEBUG] [org.gradle.process.internal.health.memory.MemoryManager] Emitting JVM memory status event {Maximum: 477626368, Committed: 343932928}
22:08:23.507 [DEBUG] [org.gradle.launcher.daemon.server.Daemon] DaemonExpirationPeriodicCheck running
22:08:23.508 [DEBUG] [org.gradle.cache.internal.DefaultFileLockManager] Waiting to acquire shared lock on daemon addresses registry.
22:08:23.508 [DEBUG] [org.gradle.cache.internal.DefaultFileLockManager] Lock acquired on daemon addresses registry.
22:08:23.508 [DEBUG] [org.gradle.cache.internal.DefaultFileLockManager] Releasing lock on daemon addresses registry.
22:08:23.509 [DEBUG] [org.gradle.cache.internal.DefaultFileLockManager] Waiting to acquire shared lock on daemon addresses registry.
22:08:23.509 [DEBUG] [org.gradle.cache.internal.DefaultFileLockManager] Lock acquired on daemon addresses registry.
22:08:23.509 [DEBUG] [org.gradle.cache.internal.DefaultFileLockManager] Releasing lock on daemon addresses registry.
22:08:23.509 [DEBUG] [org.gradle.cache.internal.DefaultFileLockManager] Waiting to acquire shared lock on daemon addresses registry.
22:08:23.510 [DEBUG] [org.gradle.cache.internal.DefaultFileLockManager] Lock acquired on daemon addresses registry.
22:08:23.510 [DEBUG] [org.gradle.cache.internal.DefaultFileLockManager] Releasing lock on daemon addresses registry.
22:08:27.512 [DEBUG] [org.gradle.process.internal.health.memory.MemoryManager] Emitting OS memory status event {Total: 34212798464, Free: 10715070464}
22:08:27.512 [DEBUG] [org.gradle.launcher.daemon.server.health.LowMemoryDaemonExpirationStrategy] Received memory status update: {Total: 34212798464, Free: 10715070464}
22:08:27.512 [DEBUG] [org.gradle.process.internal.health.memory.MemoryManager] Emitting JVM memory status event {Maximum: 477626368, Committed: 343932928}
22:08:32.497 [DEBUG] [org.gradle.process.internal.health.memory.MemoryManager] Emitting OS memory status event {Total: 34212798464, Free: 10717270016}
22:08:32.498 [DEBUG] [org.gradle.launcher.daemon.server.health.LowMemoryDaemonExpirationStrategy] Received memory status update: {Total: 34212798464, Free: 10717270016}
22:08:32.498 [DEBUG] [org.gradle.process.internal.health.memory.MemoryManager] Emitting JVM memory status event {Maximum: 477626368, Committed: 343932928}
22:08:33.495 [DEBUG] [org.gradle.launcher.daemon.server.Daemon] DaemonExpirationPeriodicCheck running
22:08:33.495 [DEBUG] [org.gradle.cache.internal.DefaultFileLockManager] Waiting to acquire shared lock on daemon addresses registry.
22:08:33.495 [DEBUG] [org.gradle.cache.internal.DefaultFileLockManager] Lock acquired on daemon addresses registry.
22:08:33.496 [DEBUG] [org.gradle.cache.internal.DefaultFileLockManager] Releasing lock on daemon addresses registry.
22:08:33.496 [DEBUG] [org.gradle.cache.internal.DefaultFileLockManager] Waiting to acquire shared lock on daemon addresses registry.
22:08:33.496 [DEBUG] [org.gradle.cache.internal.DefaultFileLockManager] Lock acquired on daemon addresses registry.
22:08:33.496 [DEBUG] [org.gradle.cache.internal.DefaultFileLockManager] Releasing lock on daemon addresses registry.
22:08:33.497 [DEBUG] [org.gradle.cache.internal.DefaultFileLockManager] Waiting to acquire shared lock on daemon addresses registry.
22:08:33.497 [DEBUG] [org.gradle.cache.internal.DefaultFileLockManager] Lock acquired on daemon addresses registry.
22:08:33.497 [DEBUG] [org.gradle.cache.internal.DefaultFileLockManager] Releasing lock on daemon addresses registry.
22:08:37.503 [DEBUG] [org.gradle.process.internal.health.memory.MemoryManager] Emitting OS memory status event {Total: 34212798464, Free: 10746097664}
22:08:37.503 [DEBUG] [org.gradle.launcher.daemon.server.health.LowMemoryDaemonExpirationStrategy] Received memory status update: {Total: 34212798464, Free: 10746097664}
22:08:37.504 [DEBUG] [org.gradle.process.internal.health.memory.MemoryManager] Emitting JVM memory status event {Maximum: 477626368, Committed: 343932928}
22:08:42.502 [DEBUG] [org.gradle.process.internal.health.memory.MemoryManager] Emitting OS memory status event {Total: 34212798464, Free: 10737033216}
22:08:42.503 [DEBUG] [org.gradle.launcher.daemon.server.health.LowMemoryDaemonExpirationStrategy] Received memory status update: {Total: 34212798464, Free: 10737033216}
22:08:42.503 [DEBUG] [org.gradle.process.internal.health.memory.MemoryManager] Emitting JVM memory status event {Maximum: 477626368, Committed: 343932928}
22:08:43.498 [DEBUG] [org.gradle.launcher.daemon.server.Daemon] DaemonExpirationPeriodicCheck running
22:08:43.498 [DEBUG] [org.gradle.cache.internal.DefaultFileLockManager] Waiting to acquire shared lock on daemon addresses registry.
22:08:43.498 [DEBUG] [org.gradle.cache.internal.DefaultFileLockManager] Lock acquired on daemon addresses registry.
22:08:43.498 [DEBUG] [org.gradle.cache.internal.DefaultFileLockManager] Releasing lock on daemon addresses registry.
22:08:43.499 [DEBUG] [org.gradle.cache.internal.DefaultFileLockManager] Waiting to acquire shared lock on daemon addresses registry.
22:08:43.499 [DEBUG] [org.gradle.cache.internal.DefaultFileLockManager] Lock acquired on daemon addresses registry.
22:08:43.499 [DEBUG] [org.gradle.cache.internal.DefaultFileLockManager] Releasing lock on daemon addresses registry.
22:08:43.499 [DEBUG] [org.gradle.cache.internal.DefaultFileLockManager] Waiting to acquire shared lock on daemon addresses registry.
22:08:43.499 [DEBUG] [org.gradle.cache.internal.DefaultFileLockManager] Lock acquired on daemon addresses registry.
22:08:43.499 [DEBUG] [org.gradle.cache.internal.DefaultFileLockManager] Releasing lock on daemon addresses registry.
22:08:47.502 [DEBUG] [org.gradle.process.internal.health.memory.MemoryManager] Emitting OS memory status event {Total: 34212798464, Free: 10679709696}
22:08:47.502 [DEBUG] [org.gradle.launcher.daemon.server.health.LowMemoryDaemonExpirationStrategy] Received memory status update: {Total: 34212798464, Free: 10679709696}
22:08:47.502 [DEBUG] [org.gradle.process.internal.health.memory.MemoryManager] Emitting JVM memory status event {Maximum: 477626368, Committed: 343932928}
22:08:52.499 [DEBUG] [org.gradle.process.internal.health.memory.MemoryManager] Emitting OS memory status event {Total: 34212798464, Free: 10543489024}
22:08:52.499 [DEBUG] [org.gradle.launcher.daemon.server.health.LowMemoryDaemonExpirationStrategy] Received memory status update: {Total: 34212798464, Free: 10543489024}
22:08:52.499 [DEBUG] [org.gradle.process.internal.health.memory.MemoryManager] Emitting JVM memory status event {Maximum: 477626368, Committed: 343932928}
22:08:53.499 [DEBUG] [org.gradle.launcher.daemon.server.Daemon] DaemonExpirationPeriodicCheck running
22:08:53.499 [DEBUG] [org.gradle.cache.internal.DefaultFileLockManager] Waiting to acquire shared lock on daemon addresses registry.
22:08:53.499 [DEBUG] [org.gradle.cache.internal.DefaultFileLockManager] Lock acquired on daemon addresses registry.
22:08:53.499 [DEBUG] [org.gradle.cache.internal.DefaultFileLockManager] Releasing lock on daemon addresses registry.
22:08:53.500 [DEBUG] [org.gradle.cache.internal.DefaultFileLockManager] Waiting to acquire shared lock on daemon addresses registry.
22:08:53.500 [DEBUG] [org.gradle.cache.internal.DefaultFileLockManager] Lock acquired on daemon addresses registry.
22:08:53.500 [DEBUG] [org.gradle.cache.internal.DefaultFileLockManager] Releasing lock on daemon addresses registry.
22:08:53.500 [DEBUG] [org.gradle.cache.internal.DefaultFileLockManager] Waiting to acquire shared lock on daemon addresses registry.
22:08:53.500 [DEBUG] [org.gradle.cache.internal.DefaultFileLockManager] Lock acquired on daemon addresses registry.
22:08:53.500 [DEBUG] [org.gradle.cache.internal.DefaultFileLockManager] Releasing lock on daemon addresses registry.
22:08:57.505 [DEBUG] [org.gradle.process.internal.health.memory.MemoryManager] Emitting OS memory status event {Total: 34212798464, Free: 10523275264}
22:08:57.506 [DEBUG] [org.gradle.launcher.daemon.server.health.LowMemoryDaemonExpirationStrategy] Received memory status update: {Total: 34212798464, Free: 10523275264}
22:08:57.506 [DEBUG] [org.gradle.process.internal.health.memory.MemoryManager] Emitting JVM memory status event {Maximum: 477626368, Committed: 343932928}
22:09:02.503 [DEBUG] [org.gradle.process.internal.health.memory.MemoryManager] Emitting OS memory status event {Total: 34212798464, Free: 10515501056}
22:09:02.503 [DEBUG] [org.gradle.launcher.daemon.server.health.LowMemoryDaemonExpirationStrategy] Received memory status update: {Total: 34212798464, Free: 10515501056}
22:09:02.503 [DEBUG] [org.gradle.process.internal.health.memory.MemoryManager] Emitting JVM memory status event {Maximum: 477626368, Committed: 343932928}
22:09:03.502 [DEBUG] [org.gradle.launcher.daemon.server.Daemon] DaemonExpirationPeriodicCheck running
22:09:03.503 [DEBUG] [org.gradle.cache.internal.DefaultFileLockManager] Waiting to acquire shared lock on daemon addresses registry.
22:09:03.503 [DEBUG] [org.gradle.cache.internal.DefaultFileLockManager] Lock acquired on daemon addresses registry.
22:09:03.503 [DEBUG] [org.gradle.cache.internal.DefaultFileLockManager] Releasing lock on daemon addresses registry.
22:09:03.504 [DEBUG] [org.gradle.cache.internal.DefaultFileLockManager] Waiting to acquire shared lock on daemon addresses registry.
22:09:03.504 [DEBUG] [org.gradle.cache.internal.DefaultFileLockManager] Lock acquired on daemon addresses registry.
22:09:03.504 [DEBUG] [org.gradle.cache.internal.DefaultFileLockManager] Releasing lock on daemon addresses registry.
22:09:03.505 [DEBUG] [org.gradle.cache.internal.DefaultFileLockManager] Waiting to acquire shared lock on daemon addresses registry.
22:09:03.505 [DEBUG] [org.gradle.cache.internal.DefaultFileLockManager] Lock acquired on daemon addresses registry.
22:09:03.505 [DEBUG] [org.gradle.cache.internal.DefaultFileLockManager] Releasing lock on daemon addresses registry.
22:09:07.509 [DEBUG] [org.gradle.process.internal.health.memory.MemoryManager] Emitting OS memory status event {Total: 34212798464, Free: 10392530944}
22:09:07.509 [DEBUG] [org.gradle.launcher.daemon.server.health.LowMemoryDaemonExpirationStrategy] Received memory status update: {Total: 34212798464, Free: 10392530944}
22:09:07.509 [DEBUG] [org.gradle.process.internal.health.memory.MemoryManager] Emitting JVM memory status event {Maximum: 477626368, Committed: 343932928}
22:09:12.499 [DEBUG] [org.gradle.process.internal.health.memory.MemoryManager] Emitting OS memory status event {Total: 34212798464, Free: 10402844672}
22:09:12.499 [DEBUG] [org.gradle.launcher.daemon.server.health.LowMemoryDaemonExpirationStrategy] Received memory status update: {Total: 34212798464, Free: 10402844672}
22:09:12.499 [DEBUG] [org.gradle.process.internal.health.memory.MemoryManager] Emitting JVM memory status event {Maximum: 477626368, Committed: 343932928}
22:09:13.495 [DEBUG] [org.gradle.launcher.daemon.server.Daemon] DaemonExpirationPeriodicCheck running
22:09:13.496 [DEBUG] [org.gradle.cache.internal.DefaultFileLockManager] Waiting to acquire shared lock on daemon addresses registry.
22:09:13.496 [DEBUG] [org.gradle.cache.internal.DefaultFileLockManager] Lock acquired on daemon addresses registry.
22:09:13.496 [DEBUG] [org.gradle.cache.internal.DefaultFileLockManager] Releasing lock on daemon addresses registry.
22:09:13.497 [DEBUG] [org.gradle.cache.internal.DefaultFileLockManager] Waiting to acquire shared lock on daemon addresses registry.
22:09:13.497 [DEBUG] [org.gradle.cache.internal.DefaultFileLockManager] Lock acquired on daemon addresses registry.
22:09:13.497 [DEBUG] [org.gradle.cache.internal.DefaultFileLockManager] Releasing lock on daemon addresses registry.
22:09:13.497 [DEBUG] [org.gradle.cache.internal.DefaultFileLockManager] Waiting to acquire shared lock on daemon addresses registry.
22:09:13.497 [DEBUG] [org.gradle.cache.internal.DefaultFileLockManager] Lock acquired on daemon addresses registry.
22:09:13.497 [DEBUG] [org.gradle.cache.internal.DefaultFileLockManager] Releasing lock on daemon addresses registry.
22:09:17.504 [DEBUG] [org.gradle.process.internal.health.memory.MemoryManager] Emitting OS memory status event {Total: 34212798464, Free: 10427195392}
22:09:17.504 [DEBUG] [org.gradle.launcher.daemon.server.health.LowMemoryDaemonExpirationStrategy] Received memory status update: {Total: 34212798464, Free: 10427195392}
22:09:17.504 [DEBUG] [org.gradle.process.internal.health.memory.MemoryManager] Emitting JVM memory status event {Maximum: 477626368, Committed: 343932928}
22:09:22.502 [DEBUG] [org.gradle.process.internal.health.memory.MemoryManager] Emitting OS memory status event {Total: 34212798464, Free: 10472026112}
22:09:22.502 [DEBUG] [org.gradle.launcher.daemon.server.health.LowMemoryDaemonExpirationStrategy] Received memory status update: {Total: 34212798464, Free: 10472026112}
22:09:22.502 [DEBUG] [org.gradle.process.internal.health.memory.MemoryManager] Emitting JVM memory status event {Maximum: 477626368, Committed: 343932928}
22:09:23.501 [DEBUG] [org.gradle.launcher.daemon.server.Daemon] DaemonExpirationPeriodicCheck running
22:09:23.502 [DEBUG] [org.gradle.cache.internal.DefaultFileLockManager] Waiting to acquire shared lock on daemon addresses registry.
22:09:23.502 [DEBUG] [org.gradle.cache.internal.DefaultFileLockManager] Lock acquired on daemon addresses registry.
22:09:23.502 [DEBUG] [org.gradle.cache.internal.DefaultFileLockManager] Releasing lock on daemon addresses registry.
22:09:23.503 [DEBUG] [org.gradle.cache.internal.DefaultFileLockManager] Waiting to acquire shared lock on daemon addresses registry.
22:09:23.503 [DEBUG] [org.gradle.cache.internal.DefaultFileLockManager] Lock acquired on daemon addresses registry.
22:09:23.503 [DEBUG] [org.gradle.cache.internal.DefaultFileLockManager] Releasing lock on daemon addresses registry.
22:09:23.503 [DEBUG] [org.gradle.cache.internal.DefaultFileLockManager] Waiting to acquire shared lock on daemon addresses registry.
22:09:23.503 [DEBUG] [org.gradle.cache.internal.DefaultFileLockManager] Lock acquired on daemon addresses registry.
22:09:23.504 [DEBUG] [org.gradle.cache.internal.DefaultFileLockManager] Releasing lock on daemon addresses registry.
22:09:27.511 [DEBUG] [org.gradle.process.internal.health.memory.MemoryManager] Emitting OS memory status event {Total: 34212798464, Free: 10485735424}
22:09:27.511 [DEBUG] [org.gradle.launcher.daemon.server.health.LowMemoryDaemonExpirationStrategy] Received memory status update: {Total: 34212798464, Free: 10485735424}
22:09:27.511 [DEBUG] [org.gradle.process.internal.health.memory.MemoryManager] Emitting JVM memory status event {Maximum: 477626368, Committed: 343932928}
22:09:32.506 [DEBUG] [org.gradle.process.internal.health.memory.MemoryManager] Emitting OS memory status event {Total: 34212798464, Free: 10480959488}
22:09:32.506 [DEBUG] [org.gradle.launcher.daemon.server.health.LowMemoryDaemonExpirationStrategy] Received memory status update: {Total: 34212798464, Free: 10480959488}
22:09:32.506 [DEBUG] [org.gradle.process.internal.health.memory.MemoryManager] Emitting JVM memory status event {Maximum: 477626368, Committed: 343932928}
22:09:33.503 [DEBUG] [org.gradle.launcher.daemon.server.Daemon] DaemonExpirationPeriodicCheck running
22:09:33.504 [DEBUG] [org.gradle.cache.internal.DefaultFileLockManager] Waiting to acquire shared lock on daemon addresses registry.
22:09:33.504 [DEBUG] [org.gradle.cache.internal.DefaultFileLockManager] Lock acquired on daemon addresses registry.
22:09:33.504 [DEBUG] [org.gradle.cache.internal.DefaultFileLockManager] Releasing lock on daemon addresses registry.
22:09:33.505 [DEBUG] [org.gradle.cache.internal.DefaultFileLockManager] Waiting to acquire shared lock on daemon addresses registry.
22:09:33.505 [DEBUG] [org.gradle.cache.internal.DefaultFileLockManager] Lock acquired on daemon addresses registry.
22:09:33.505 [DEBUG] [org.gradle.cache.internal.DefaultFileLockManager] Releasing lock on daemon addresses registry.
22:09:33.505 [DEBUG] [org.gradle.cache.internal.DefaultFileLockManager] Waiting to acquire shared lock on daemon addresses registry.
22:09:33.505 [DEBUG] [org.gradle.cache.internal.DefaultFileLockManager] Lock acquired on daemon addresses registry.
22:09:33.506 [DEBUG] [org.gradle.cache.internal.DefaultFileLockManager] Releasing lock on daemon addresses registry.
22:09:37.499 [DEBUG] [org.gradle.process.internal.health.memory.MemoryManager] Emitting OS memory status event {Total: 34212798464, Free: 10514726912}
22:09:37.499 [DEBUG] [org.gradle.launcher.daemon.server.health.LowMemoryDaemonExpirationStrategy] Received memory status update: {Total: 34212798464, Free: 10514726912}
22:09:37.499 [DEBUG] [org.gradle.process.internal.health.memory.MemoryManager] Emitting JVM memory status event {Maximum: 477626368, Committed: 343932928}
22:09:42.499 [DEBUG] [org.gradle.process.internal.health.memory.MemoryManager] Emitting OS memory status event {Total: 34212798464, Free: 10508640256}
22:09:42.500 [DEBUG] [org.gradle.launcher.daemon.server.health.LowMemoryDaemonExpirationStrategy] Received memory status update: {Total: 34212798464, Free: 10508640256}
22:09:42.500 [DEBUG] [org.gradle.process.internal.health.memory.MemoryManager] Emitting JVM memory status event {Maximum: 477626368, Committed: 343932928}
22:09:43.498 [DEBUG] [org.gradle.launcher.daemon.server.Daemon] DaemonExpirationPeriodicCheck running
22:09:43.498 [DEBUG] [org.gradle.cache.internal.DefaultFileLockManager] Waiting to acquire shared lock on daemon addresses registry.
22:09:43.498 [DEBUG] [org.gradle.cache.internal.DefaultFileLockManager] Lock acquired on daemon addresses registry.
22:09:43.499 [DEBUG] [org.gradle.cache.internal.DefaultFileLockManager] Releasing lock on daemon addresses registry.
22:09:43.499 [DEBUG] [org.gradle.cache.internal.DefaultFileLockManager] Waiting to acquire shared lock on daemon addresses registry.
22:09:43.499 [DEBUG] [org.gradle.cache.internal.DefaultFileLockManager] Lock acquired on daemon addresses registry.
22:09:43.499 [DEBUG] [org.gradle.cache.internal.DefaultFileLockManager] Releasing lock on daemon addresses registry.
22:09:43.500 [DEBUG] [org.gradle.cache.internal.DefaultFileLockManager] Waiting to acquire shared lock on daemon addresses registry.
22:09:43.500 [DEBUG] [org.gradle.cache.internal.DefaultFileLockManager] Lock acquired on daemon addresses registry.
22:09:43.500 [DEBUG] [org.gradle.cache.internal.DefaultFileLockManager] Releasing lock on daemon addresses registry.
22:09:47.499 [DEBUG] [org.gradle.process.internal.health.memory.MemoryManager] Emitting OS memory status event {Total: 34212798464, Free: 10496090112}
22:09:47.499 [DEBUG] [org.gradle.launcher.daemon.server.health.LowMemoryDaemonExpirationStrategy] Received memory status update: {Total: 34212798464, Free: 10496090112}
22:09:47.499 [DEBUG] [org.gradle.process.internal.health.memory.MemoryManager] Emitting JVM memory status event {Maximum: 477626368, Committed: 343932928}
22:09:52.510 [DEBUG] [org.gradle.process.internal.health.memory.MemoryManager] Emitting OS memory status event {Total: 34212798464, Free: 10477404160}
22:09:52.510 [DEBUG] [org.gradle.launcher.daemon.server.health.LowMemoryDaemonExpirationStrategy] Received memory status update: {Total: 34212798464, Free: 10477404160}
22:09:52.510 [DEBUG] [org.gradle.process.internal.health.memory.MemoryManager] Emitting JVM memory status event {Maximum: 477626368, Committed: 343932928}
22:09:53.495 [DEBUG] [org.gradle.launcher.daemon.server.Daemon] DaemonExpirationPeriodicCheck running
22:09:53.496 [DEBUG] [org.gradle.cache.internal.DefaultFileLockManager] Waiting to acquire shared lock on daemon addresses registry.
22:09:53.496 [DEBUG] [org.gradle.cache.internal.DefaultFileLockManager] Lock acquired on daemon addresses registry.
22:09:53.496 [DEBUG] [org.gradle.cache.internal.DefaultFileLockManager] Releasing lock on daemon addresses registry.
22:09:53.496 [DEBUG] [org.gradle.cache.internal.DefaultFileLockManager] Waiting to acquire shared lock on daemon addresses registry.
22:09:53.496 [DEBUG] [org.gradle.cache.internal.DefaultFileLockManager] Lock acquired on daemon addresses registry.
22:09:53.496 [DEBUG] [org.gradle.cache.internal.DefaultFileLockManager] Releasing lock on daemon addresses registry.
22:09:53.497 [DEBUG] [org.gradle.cache.internal.DefaultFileLockManager] Waiting to acquire shared lock on daemon addresses registry.
22:09:53.497 [DEBUG] [org.gradle.cache.internal.DefaultFileLockManager] Lock acquired on daemon addresses registry.
22:09:53.497 [DEBUG] [org.gradle.cache.internal.DefaultFileLockManager] Releasing lock on daemon addresses registry.
22:09:57.501 [DEBUG] [org.gradle.process.internal.health.memory.MemoryManager] Emitting OS memory status event {Total: 34212798464, Free: 10472312832}
22:09:57.501 [DEBUG] [org.gradle.launcher.daemon.server.health.LowMemoryDaemonExpirationStrategy] Received memory status update: {Total: 34212798464, Free: 10472312832}
22:09:57.501 [DEBUG] [org.gradle.process.internal.health.memory.MemoryManager] Emitting JVM memory status event {Maximum: 477626368, Committed: 343932928}
22:10:02.498 [DEBUG] [org.gradle.process.internal.health.memory.MemoryManager] Emitting OS memory status event {Total: 34212798464, Free: 10453803008}
22:10:02.498 [DEBUG] [org.gradle.launcher.daemon.server.health.LowMemoryDaemonExpirationStrategy] Received memory status update: {Total: 34212798464, Free: 10453803008}
22:10:02.498 [DEBUG] [org.gradle.process.internal.health.memory.MemoryManager] Emitting JVM memory status event {Maximum: 477626368, Committed: 343932928}
22:10:03.495 [DEBUG] [org.gradle.launcher.daemon.server.Daemon] DaemonExpirationPeriodicCheck running
22:10:03.496 [DEBUG] [org.gradle.cache.internal.DefaultFileLockManager] Waiting to acquire shared lock on daemon addresses registry.
22:10:03.496 [DEBUG] [org.gradle.cache.internal.DefaultFileLockManager] Lock acquired on daemon addresses registry.
22:10:03.496 [DEBUG] [org.gradle.cache.internal.DefaultFileLockManager] Releasing lock on daemon addresses registry.
22:10:03.496 [DEBUG] [org.gradle.cache.internal.DefaultFileLockManager] Waiting to acquire shared lock on daemon addresses registry.
22:10:03.496 [DEBUG] [org.gradle.cache.internal.DefaultFileLockManager] Lock acquired on daemon addresses registry.
22:10:03.496 [DEBUG] [org.gradle.cache.internal.DefaultFileLockManager] Releasing lock on daemon addresses registry.
22:10:03.497 [DEBUG] [org.gradle.cache.internal.DefaultFileLockManager] Waiting to acquire shared lock on daemon addresses registry.
22:10:03.497 [DEBUG] [org.gradle.cache.internal.DefaultFileLockManager] Lock acquired on daemon addresses registry.
22:10:03.497 [DEBUG] [org.gradle.cache.internal.DefaultFileLockManager] Releasing lock on daemon addresses registry.
22:10:07.510 [DEBUG] [org.gradle.process.internal.health.memory.MemoryManager] Emitting OS memory status event {Total: 34212798464, Free: 10463604736}
22:10:07.510 [DEBUG] [org.gradle.launcher.daemon.server.health.LowMemoryDaemonExpirationStrategy] Received memory status update: {Total: 34212798464, Free: 10463604736}
22:10:07.510 [DEBUG] [org.gradle.process.internal.health.memory.MemoryManager] Emitting JVM memory status event {Maximum: 477626368, Committed: 343932928}
22:10:12.504 [DEBUG] [org.gradle.process.internal.health.memory.MemoryManager] Emitting OS memory status event {Total: 34212798464, Free: 10433032192}
22:10:12.504 [DEBUG] [org.gradle.launcher.daemon.server.health.LowMemoryDaemonExpirationStrategy] Received memory status update: {Total: 34212798464, Free: 10433032192}
22:10:12.504 [DEBUG] [org.gradle.process.internal.health.memory.MemoryManager] Emitting JVM memory status event {Maximum: 477626368, Committed: 343932928}
22:10:13.503 [DEBUG] [org.gradle.launcher.daemon.server.Daemon] DaemonExpirationPeriodicCheck running
22:10:13.509 [DEBUG] [org.gradle.cache.internal.DefaultFileLockManager] Waiting to acquire shared lock on daemon addresses registry.
22:10:13.509 [DEBUG] [org.gradle.cache.internal.DefaultFileLockManager] Lock acquired on daemon addresses registry.
22:10:13.509 [DEBUG] [org.gradle.cache.internal.DefaultFileLockManager] Releasing lock on daemon addresses registry.
22:10:13.510 [DEBUG] [org.gradle.cache.internal.DefaultFileLockManager] Waiting to acquire shared lock on daemon addresses registry.
22:10:13.510 [DEBUG] [org.gradle.cache.internal.DefaultFileLockManager] Lock acquired on daemon addresses registry.
22:10:13.510 [DEBUG] [org.gradle.cache.internal.DefaultFileLockManager] Releasing lock on daemon addresses registry.
22:10:13.511 [DEBUG] [org.gradle.cache.internal.DefaultFileLockManager] Waiting to acquire shared lock on daemon addresses registry.
22:10:13.511 [DEBUG] [org.gradle.cache.internal.DefaultFileLockManager] Lock acquired on daemon addresses registry.
22:10:13.512 [DEBUG] [org.gradle.cache.internal.DefaultFileLockManager] Releasing lock on daemon addresses registry.
22:10:17.498 [DEBUG] [org.gradle.process.internal.health.memory.MemoryManager] Emitting OS memory status event {Total: 34212798464, Free: 10520567808}
22:10:17.498 [DEBUG] [org.gradle.launcher.daemon.server.health.LowMemoryDaemonExpirationStrategy] Received memory status update: {Total: 34212798464, Free: 10520567808}
22:10:17.498 [DEBUG] [org.gradle.process.internal.health.memory.MemoryManager] Emitting JVM memory status event {Maximum: 477626368, Committed: 343932928}
22:10:22.511 [DEBUG] [org.gradle.process.internal.health.memory.MemoryManager] Emitting OS memory status event {Total: 34212798464, Free: 10501906432}
22:10:22.511 [DEBUG] [org.gradle.launcher.daemon.server.health.LowMemoryDaemonExpirationStrategy] Received memory status update: {Total: 34212798464, Free: 10501906432}
22:10:22.511 [DEBUG] [org.gradle.process.internal.health.memory.MemoryManager] Emitting JVM memory status event {Maximum: 477626368, Committed: 343932928}
22:10:23.494 [DEBUG] [org.gradle.launcher.daemon.server.Daemon] DaemonExpirationPeriodicCheck running
22:10:23.494 [DEBUG] [org.gradle.cache.internal.DefaultFileLockManager] Waiting to acquire shared lock on daemon addresses registry.
22:10:23.494 [DEBUG] [org.gradle.cache.internal.DefaultFileLockManager] Lock acquired on daemon addresses registry.
22:10:23.494 [DEBUG] [org.gradle.cache.internal.DefaultFileLockManager] Releasing lock on daemon addresses registry.
22:10:23.495 [DEBUG] [org.gradle.cache.internal.DefaultFileLockManager] Waiting to acquire shared lock on daemon addresses registry.
22:10:23.495 [DEBUG] [org.gradle.cache.internal.DefaultFileLockManager] Lock acquired on daemon addresses registry.
22:10:23.495 [DEBUG] [org.gradle.cache.internal.DefaultFileLockManager] Releasing lock on daemon addresses registry.
22:10:23.495 [DEBUG] [org.gradle.cache.internal.DefaultFileLockManager] Waiting to acquire shared lock on daemon addresses registry.
22:10:23.495 [DEBUG] [org.gradle.cache.internal.DefaultFileLockManager] Lock acquired on daemon addresses registry.
22:10:23.495 [DEBUG] [org.gradle.cache.internal.DefaultFileLockManager] Releasing lock on daemon addresses registry.
22:10:27.498 [DEBUG] [org.gradle.process.internal.health.memory.MemoryManager] Emitting OS memory status event {Total: 34212798464, Free: 10558025728}
22:10:27.498 [DEBUG] [org.gradle.launcher.daemon.server.health.LowMemoryDaemonExpirationStrategy] Received memory status update: {Total: 34212798464, Free: 10558025728}
22:10:27.498 [DEBUG] [org.gradle.process.internal.health.memory.MemoryManager] Emitting JVM memory status event {Maximum: 477626368, Committed: 343932928}
22:10:32.511 [DEBUG] [org.gradle.process.internal.health.memory.MemoryManager] Emitting OS memory status event {Total: 34212798464, Free: 10518425600}
22:10:32.511 [DEBUG] [org.gradle.launcher.daemon.server.health.LowMemoryDaemonExpirationStrategy] Received memory status update: {Total: 34212798464, Free: 10518425600}
22:10:32.511 [DEBUG] [org.gradle.process.internal.health.memory.MemoryManager] Emitting JVM memory status event {Maximum: 477626368, Committed: 343932928}
22:10:33.496 [DEBUG] [org.gradle.launcher.daemon.server.Daemon] DaemonExpirationPeriodicCheck running
22:10:33.496 [DEBUG] [org.gradle.cache.internal.DefaultFileLockManager] Waiting to acquire shared lock on daemon addresses registry.
22:10:33.496 [DEBUG] [org.gradle.cache.internal.DefaultFileLockManager] Lock acquired on daemon addresses registry.
22:10:33.496 [DEBUG] [org.gradle.cache.internal.DefaultFileLockManager] Releasing lock on daemon addresses registry.
22:10:33.497 [DEBUG] [org.gradle.cache.internal.DefaultFileLockManager] Waiting to acquire shared lock on daemon addresses registry.
22:10:33.497 [DEBUG] [org.gradle.cache.internal.DefaultFileLockManager] Lock acquired on daemon addresses registry.
22:10:33.497 [DEBUG] [org.gradle.cache.internal.DefaultFileLockManager] Releasing lock on daemon addresses registry.
22:10:33.497 [DEBUG] [org.gradle.cache.internal.DefaultFileLockManager] Waiting to acquire shared lock on daemon addresses registry.
22:10:33.497 [DEBUG] [org.gradle.cache.internal.DefaultFileLockManager] Lock acquired on daemon addresses registry.
22:10:33.497 [DEBUG] [org.gradle.cache.internal.DefaultFileLockManager] Releasing lock on daemon addresses registry.
22:10:37.498 [DEBUG] [org.gradle.process.internal.health.memory.MemoryManager] Emitting OS memory status event {Total: 34212798464, Free: 10482528256}
22:10:37.498 [DEBUG] [org.gradle.launcher.daemon.server.health.LowMemoryDaemonExpirationStrategy] Received memory status update: {Total: 34212798464, Free: 10482528256}
22:10:37.498 [DEBUG] [org.gradle.process.internal.health.memory.MemoryManager] Emitting JVM memory status event {Maximum: 477626368, Committed: 343932928}
22:10:42.502 [DEBUG] [org.gradle.process.internal.health.memory.MemoryManager] Emitting OS memory status event {Total: 34212798464, Free: 10477228032}
22:10:42.502 [DEBUG] [org.gradle.launcher.daemon.server.health.LowMemoryDaemonExpirationStrategy] Received memory status update: {Total: 34212798464, Free: 10477228032}
22:10:42.502 [DEBUG] [org.gradle.process.internal.health.memory.MemoryManager] Emitting JVM memory status event {Maximum: 477626368, Committed: 343932928}
22:10:43.504 [DEBUG] [org.gradle.launcher.daemon.server.Daemon] DaemonExpirationPeriodicCheck running
22:10:43.504 [DEBUG] [org.gradle.cache.internal.DefaultFileLockManager] Waiting to acquire shared lock on daemon addresses registry.
22:10:43.504 [DEBUG] [org.gradle.cache.internal.DefaultFileLockManager] Lock acquired on daemon addresses registry.
22:10:43.504 [DEBUG] [org.gradle.cache.internal.DefaultFileLockManager] Releasing lock on daemon addresses registry.
22:10:43.505 [DEBUG] [org.gradle.cache.internal.DefaultFileLockManager] Waiting to acquire shared lock on daemon addresses registry.
22:10:43.505 [DEBUG] [org.gradle.cache.internal.DefaultFileLockManager] Lock acquired on daemon addresses registry.
22:10:43.505 [DEBUG] [org.gradle.cache.internal.DefaultFileLockManager] Releasing lock on daemon addresses registry.
22:10:43.505 [DEBUG] [org.gradle.cache.internal.DefaultFileLockManager] Waiting to acquire shared lock on daemon addresses registry.
22:10:43.505 [DEBUG] [org.gradle.cache.internal.DefaultFileLockManager] Lock acquired on daemon addresses registry.
22:10:43.505 [DEBUG] [org.gradle.cache.internal.DefaultFileLockManager] Releasing lock on daemon addresses registry.
22:10:47.511 [DEBUG] [org.gradle.process.internal.health.memory.MemoryManager] Emitting OS memory status event {Total: 34212798464, Free: 10458107904}
22:10:47.511 [DEBUG] [org.gradle.launcher.daemon.server.health.LowMemoryDaemonExpirationStrategy] Received memory status update: {Total: 34212798464, Free: 10458107904}
22:10:47.512 [DEBUG] [org.gradle.process.internal.health.memory.MemoryManager] Emitting JVM memory status event {Maximum: 477626368, Committed: 343932928}
22:10:52.499 [DEBUG] [org.gradle.process.internal.health.memory.MemoryManager] Emitting OS memory status event {Total: 34212798464, Free: 10451824640}
22:10:52.499 [DEBUG] [org.gradle.launcher.daemon.server.health.LowMemoryDaemonExpirationStrategy] Received memory status update: {Total: 34212798464, Free: 10451824640}
22:10:52.499 [DEBUG] [org.gradle.process.internal.health.memory.MemoryManager] Emitting JVM memory status event {Maximum: 477626368, Committed: 343932928}
22:10:53.499 [DEBUG] [org.gradle.launcher.daemon.server.Daemon] DaemonExpirationPeriodicCheck running
22:10:53.499 [DEBUG] [org.gradle.cache.internal.DefaultFileLockManager] Waiting to acquire shared lock on daemon addresses registry.
22:10:53.499 [DEBUG] [org.gradle.cache.internal.DefaultFileLockManager] Lock acquired on daemon addresses registry.
22:10:53.499 [DEBUG] [org.gradle.cache.internal.DefaultFileLockManager] Releasing lock on daemon addresses registry.
22:10:53.500 [DEBUG] [org.gradle.cache.internal.DefaultFileLockManager] Waiting to acquire shared lock on daemon addresses registry.
22:10:53.500 [DEBUG] [org.gradle.cache.internal.DefaultFileLockManager] Lock acquired on daemon addresses registry.
22:10:53.500 [DEBUG] [org.gradle.cache.internal.DefaultFileLockManager] Releasing lock on daemon addresses registry.
22:10:53.501 [DEBUG] [org.gradle.cache.internal.DefaultFileLockManager] Waiting to acquire shared lock on daemon addresses registry.
22:10:53.501 [DEBUG] [org.gradle.cache.internal.DefaultFileLockManager] Lock acquired on daemon addresses registry.
22:10:53.501 [DEBUG] [org.gradle.cache.internal.DefaultFileLockManager] Releasing lock on daemon addresses registry.
22:10:57.500 [DEBUG] [org.gradle.process.internal.health.memory.MemoryManager] Emitting OS memory status event {Total: 34212798464, Free: 10452160512}
22:10:57.500 [DEBUG] [org.gradle.launcher.daemon.server.health.LowMemoryDaemonExpirationStrategy] Received memory status update: {Total: 34212798464, Free: 10452160512}
22:10:57.500 [DEBUG] [org.gradle.process.internal.health.memory.MemoryManager] Emitting JVM memory status event {Maximum: 477626368, Committed: 343932928}
22:11:02.499 [DEBUG] [org.gradle.process.internal.health.memory.MemoryManager] Emitting OS memory status event {Total: 34212798464, Free: 10910384128}
22:11:02.499 [DEBUG] [org.gradle.launcher.daemon.server.health.LowMemoryDaemonExpirationStrategy] Received memory status update: {Total: 34212798464, Free: 10910384128}
22:11:02.499 [DEBUG] [org.gradle.process.internal.health.memory.MemoryManager] Emitting JVM memory status event {Maximum: 477626368, Committed: 343932928}
22:11:03.499 [DEBUG] [org.gradle.launcher.daemon.server.Daemon] DaemonExpirationPeriodicCheck running
22:11:03.500 [DEBUG] [org.gradle.cache.internal.DefaultFileLockManager] Waiting to acquire shared lock on daemon addresses registry.
22:11:03.500 [DEBUG] [org.gradle.cache.internal.DefaultFileLockManager] Lock acquired on daemon addresses registry.
22:11:03.500 [DEBUG] [org.gradle.cache.internal.DefaultFileLockManager] Releasing lock on daemon addresses registry.
22:11:03.500 [DEBUG] [org.gradle.cache.internal.DefaultFileLockManager] Waiting to acquire shared lock on daemon addresses registry.
22:11:03.500 [DEBUG] [org.gradle.cache.internal.DefaultFileLockManager] Lock acquired on daemon addresses registry.
22:11:03.500 [DEBUG] [org.gradle.cache.internal.DefaultFileLockManager] Releasing lock on daemon addresses registry.
22:11:03.501 [DEBUG] [org.gradle.cache.internal.DefaultFileLockManager] Waiting to acquire shared lock on daemon addresses registry.
22:11:03.501 [DEBUG] [org.gradle.cache.internal.DefaultFileLockManager] Lock acquired on daemon addresses registry.
22:11:03.501 [DEBUG] [org.gradle.cache.internal.DefaultFileLockManager] Releasing lock on daemon addresses registry.
22:11:05.620 [DEBUG] [org.gradle.internal.remote.internal.inet.TcpIncomingConnector] Accepted connection from /127.0.0.1:5872 to /127.0.0.1:3415.
22:11:05.623 [DEBUG] [org.gradle.launcher.daemon.server.SynchronizedDispatchConnection] thread 192: received class org.gradle.launcher.daemon.protocol.ReportStatus
22:11:05.623 [DEBUG] [org.gradle.launcher.daemon.server.DefaultDaemonConnection] thread 192: Received non-IO message from client: ReportStatus[id=b619b224-9ae2-4aa0-9ffd-102183d32057]
22:11:05.623 [INFO] [org.gradle.launcher.daemon.server.DefaultIncomingConnectionHandler] Received command: ReportStatus[id=b619b224-9ae2-4aa0-9ffd-102183d32057].
22:11:05.623 [DEBUG] [org.gradle.launcher.daemon.server.DefaultIncomingConnectionHandler] Starting executing command: ReportStatus[id=b619b224-9ae2-4aa0-9ffd-102183d32057] with connection: socket connection from /127.0.0.1:3415 to /127.0.0.1:5872.
22:11:05.624 [DEBUG] [org.gradle.launcher.daemon.server.SynchronizedDispatchConnection] thread 191: dispatching class org.gradle.launcher.daemon.protocol.Success
22:11:05.624 [DEBUG] [org.gradle.launcher.daemon.server.DefaultIncomingConnectionHandler] Finishing executing command: ReportStatus[id=b619b224-9ae2-4aa0-9ffd-102183d32057]
22:11:05.625 [DEBUG] [org.gradle.launcher.daemon.server.SynchronizedDispatchConnection] thread 192: received class org.gradle.launcher.daemon.protocol.Finished
22:11:05.625 [DEBUG] [org.gradle.launcher.daemon.server.DefaultDaemonConnection] thread 192: Received non-IO message from client: org.gradle.launcher.daemon.protocol.Finished@49a3e9f9
22:11:05.625 [DEBUG] [org.gradle.launcher.daemon.server.DefaultIncomingConnectionHandler] Received finished message: org.gradle.launcher.daemon.protocol.Finished@49a3e9f9
22:11:05.625 [DEBUG] [org.gradle.launcher.daemon.server.SynchronizedDispatchConnection] thread 191: stopping connection
22:11:05.625 [DEBUG] [org.gradle.internal.remote.internal.inet.SocketConnection] Discarding EOFException: java.io.EOFException
22:11:05.626 [DEBUG] [org.gradle.launcher.daemon.server.SynchronizedDispatchConnection] thread 192: received null
22:11:05.626 [DEBUG] [org.gradle.launcher.daemon.server.DefaultDaemonConnection] thread 192: Received end-of-input from client.
22:11:05.626 [DEBUG] [org.gradle.launcher.daemon.server.SynchronizedDispatchConnection] thread 191: stopping connection
22:11:05.648 [DEBUG] [org.gradle.internal.remote.internal.inet.TcpIncomingConnector] Accepted connection from /127.0.0.1:5876 to /127.0.0.1:3415.
22:11:05.650 [DEBUG] [org.gradle.launcher.daemon.server.SynchronizedDispatchConnection] thread 194: received class org.gradle.launcher.daemon.protocol.Stop
22:11:05.650 [DEBUG] [org.gradle.launcher.daemon.server.DefaultDaemonConnection] thread 194: Received non-IO message from client: Stop[id=92c02b66-5f9e-4bc9-a605-f039081b5b81]
22:11:05.650 [INFO] [org.gradle.launcher.daemon.server.DefaultIncomingConnectionHandler] Received command: Stop[id=92c02b66-5f9e-4bc9-a605-f039081b5b81].
22:11:05.650 [DEBUG] [org.gradle.internal.remote.internal.inet.SocketConnection] Discarding EOFException: java.io.EOFException
22:11:05.650 [DEBUG] [org.gradle.launcher.daemon.server.DefaultIncomingConnectionHandler] Starting executing command: Stop[id=92c02b66-5f9e-4bc9-a605-f039081b5b81] with connection: socket connection from /127.0.0.1:3415 to /127.0.0.1:5876.
22:11:05.650 [DEBUG] [org.gradle.launcher.daemon.server.SynchronizedDispatchConnection] thread 194: received null
22:11:05.650 [DEBUG] [org.gradle.launcher.daemon.server.DefaultDaemonConnection] thread 194: Received end-of-input from client.
22:11:05.650 [DEBUG] [org.gradle.launcher.daemon.server.DaemonRegistryUpdater] Storing daemon stop event: stop command received
22:11:05.651 [DEBUG] [org.gradle.launcher.daemon.registry.PersistentDaemonRegistry] Storing daemon stop event with timestamp 1740921065651
22:11:05.651 [DEBUG] [org.gradle.cache.internal.DefaultFileLockManager] Waiting to acquire exclusive lock on daemon addresses registry.
22:11:05.652 [DEBUG] [org.gradle.cache.internal.DefaultFileLockManager] Lock acquired on daemon addresses registry.
22:11:05.652 [DEBUG] [org.gradle.cache.internal.DefaultFileLockManager] Releasing lock on daemon addresses registry.
22:11:05.652 [LIFECYCLE] [org.gradle.launcher.daemon.server.DaemonStateCoordinator] Daemon is stopping immediately stop command received
22:11:05.652 [DEBUG] [org.gradle.launcher.daemon.server.DaemonStateCoordinator] Marking daemon stopped due to stop command received. The daemon is running a build: false
22:11:05.652 [DEBUG] [org.gradle.launcher.daemon.server.DaemonStateCoordinator] daemon has stopped.
22:11:05.652 [DEBUG] [org.gradle.launcher.daemon.server.SynchronizedDispatchConnection] thread 191: dispatching class org.gradle.launcher.daemon.protocol.Success
22:11:05.653 [DEBUG] [org.gradle.launcher.daemon.server.Daemon] stop() called on daemon
22:11:05.653 [INFO] [org.gradle.launcher.daemon.server.Daemon] Stop requested. Daemon is removing its presence from the registry...
22:11:05.653 [DEBUG] [org.gradle.launcher.daemon.server.DefaultIncomingConnectionHandler] Finishing executing command: Stop[id=92c02b66-5f9e-4bc9-a605-f039081b5b81]
22:11:05.653 [DEBUG] [org.gradle.launcher.daemon.server.DefaultIncomingConnectionHandler] Received finished message: null
22:11:05.653 [DEBUG] [org.gradle.launcher.daemon.server.DaemonRegistryUpdater] Removing our presence to clients, eg. removing this address from the registry: [c84aa385-e42f-4082-9eec-8f92b1ad1a11 port:3415, addresses:[/127.0.0.1, /0:0:0:0:0:0:0:1]]
22:11:05.653 [DEBUG] [org.gradle.launcher.daemon.server.SynchronizedDispatchConnection] thread 191: stopping connection
22:11:05.653 [DEBUG] [org.gradle.launcher.daemon.registry.PersistentDaemonRegistry] Removing daemon address: [c84aa385-e42f-4082-9eec-8f92b1ad1a11 port:3415, addresses:[/127.0.0.1, /0:0:0:0:0:0:0:1]]
22:11:05.653 [DEBUG] [org.gradle.launcher.daemon.server.SynchronizedDispatchConnection] thread 191: stopping connection
22:11:05.660 [DEBUG] [org.gradle.cache.internal.DefaultFileLockManager] Waiting to acquire exclusive lock on daemon addresses registry.
22:11:05.660 [DEBUG] [org.gradle.cache.internal.DefaultFileLockManager] Lock acquired on daemon addresses registry.
22:11:05.667 [DEBUG] [org.gradle.cache.internal.DefaultFileLockManager] Releasing lock on daemon addresses registry.
22:11:05.667 [DEBUG] [org.gradle.launcher.daemon.server.DaemonRegistryUpdater] Address removed from registry.
22:11:05.668 [DEBUG] [org.gradle.cache.internal.LockOnDemandCrossProcessCacheAccess] Releasing file lock for jars (C:\study\jpashop\jpashop\gradle\caches\jars-3)
22:11:05.668 [DEBUG] [org.gradle.cache.internal.DefaultFileLockManager] Releasing lock on jars (C:\study\jpashop\jpashop\gradle\caches\jars-3).
22:11:05.671 [DEBUG] [org.gradle.cache.internal.LockOnDemandCrossProcessCacheAccess] Releasing file lock for file content cache (C:\study\jpashop\jpashop\gradle\caches\5.6\fileContent)
22:11:05.671 [DEBUG] [org.gradle.cache.internal.DefaultFileLockManager] Releasing lock on file content cache (C:\study\jpashop\jpashop\gradle\caches\5.6\fileContent).
22:11:05.672 [DEBUG] [org.gradle.cache.internal.LockOnDemandCrossProcessCacheAccess] Releasing file lock for Java compile cache (C:\study\jpashop\jpashop\gradle\caches\5.6\javaCompile)
22:11:05.672 [DEBUG] [org.gradle.cache.internal.DefaultFileLockManager] Releasing lock on Java compile cache (C:\study\jpashop\jpashop\gradle\caches\5.6\javaCompile).
22:11:05.672 [DEBUG] [org.gradle.cache.internal.DefaultCacheAccess] Cache Generated Gradle JARs cache (C:\study\jpashop\jpashop\gradle\caches\5.6\generated-gradle-jars) was closed 0 times.
22:11:05.672 [DEBUG] [org.gradle.cache.internal.LockOnDemandCrossProcessCacheAccess] Releasing file lock for artifact cache (C:\study\jpashop\jpashop\gradle\caches\modules-2)
22:11:05.672 [DEBUG] [org.gradle.cache.internal.btree.BTreePersistentIndexedCache] Closing cache module-artifacts.bin (C:\study\jpashop\jpashop\gradle\caches\modules-2\metadata-2.71\module-artifacts.bin)
22:11:05.673 [DEBUG] [org.gradle.cache.internal.btree.BTreePersistentIndexedCache] Closing cache module-artifact.bin (C:\study\jpashop\jpashop\gradle\caches\modules-2\metadata-2.71\module-artifact.bin)
22:11:05.673 [DEBUG] [org.gradle.cache.internal.btree.BTreePersistentIndexedCache] Closing cache resource-at-url.bin (C:\study\jpashop\jpashop\gradle\caches\modules-2\metadata-2.71\resource-at-url.bin)
22:11:05.673 [DEBUG] [org.gradle.cache.internal.btree.BTreePersistentIndexedCache] Closing cache module-metadata.bin (C:\study\jpashop\jpashop\gradle\caches\modules-2\metadata-2.71\module-metadata.bin)
22:11:05.674 [DEBUG] [org.gradle.cache.internal.DefaultFileLockManager] Releasing lock on artifact cache (C:\study\jpashop\jpashop\gradle\caches\modules-2).
22:11:05.674 [DEBUG] [org.gradle.cache.internal.DefaultPersistentDirectoryStore] artifact cache (C:\study\jpashop\jpashop\gradle\caches\modules-2) has last been fully cleaned up 75 hours ago
22:11:05.677 [DEBUG] [org.gradle.cache.internal.AbstractCacheCleanup] artifact cache (C:\study\jpashop\jpashop\gradle\caches\modules-2) cleanup deleted 0 files/directories.
22:11:05.678 [DEBUG] [org.gradle.cache.internal.AbstractCacheCleanup] artifact cache (C:\study\jpashop\jpashop\gradle\caches\modules-2) [subdir: C:\study\jpashop\jpashop\gradle\caches\modules-2\resources-2.1] cleanup deleted 0 files/directories.
22:11:05.678 [INFO] [org.gradle.cache.internal.LeastRecentlyUsedCacheCleanup] artifact cache (C:\study\jpashop\jpashop\gradle\caches\modules-2) [subdir: C:\study\jpashop\jpashop\gradle\caches\modules-2\resources-2.1] removing files not accessed on or after Fri Jan 31 21:46:33 KST 2025.
22:11:05.678 [DEBUG] [org.gradle.cache.internal.AbstractCacheCleanup] artifact cache (C:\study\jpashop\jpashop\gradle\caches\modules-2) [subdir: C:\study\jpashop\jpashop\gradle\caches\modules-2\resources-2.1] cleanup deleted 0 files/directories.
22:11:05.679 [DEBUG] [org.gradle.cache.internal.AbstractCacheCleanup] artifact cache (C:\study\jpashop\jpashop\gradle\caches\modules-2) [subdir: C:\study\jpashop\jpashop\gradle\caches\modules-2\files-2.1] cleanup deleted 0 files/directories.
22:11:05.679 [INFO] [org.gradle.cache.internal.LeastRecentlyUsedCacheCleanup] artifact cache (C:\study\jpashop\jpashop\gradle\caches\modules-2) [subdir: C:\study\jpashop\jpashop\gradle\caches\modules-2\files-2.1] removing files not accessed on or after Fri Jan 31 21:46:33 KST 2025.
22:11:05.715 [INFO] [org.gradle.cache.internal.LoggingEvictionListener] Cache entries evicted. In-memory cache of C:\study\jpashop\jpashop\gradle\caches\journal-1\file-access.bin: Size{372} MaxSize{400}, CacheStats{hitCount=77, missCount=142, loadSuccessCount=143, loadExceptionCount=0, totalLoadTime=5234200, evictionCount=1} 
Performance may suffer from in-memory cache misses. Increase max heap size of Gradle build process to reduce cache misses.
22:11:05.736 [INFO] [org.gradle.cache.internal.LoggingEvictionListener] Cache entries evicted. In-memory cache of C:\study\jpashop\jpashop\gradle\caches\journal-1\file-access.bin: Size{400} MaxSize{400}, CacheStats{hitCount=116, missCount=210, loadSuccessCount=211, loadExceptionCount=0, totalLoadTime=8042900, evictionCount=41} 
Performance may suffer from in-memory cache misses. Increase max heap size of Gradle build process to reduce cache misses.
22:11:05.742 [DEBUG] [org.gradle.cache.internal.LockOnDemandCrossProcessCacheAccess] Lock on journal cache (C:\study\jpashop\jpashop\gradle\caches\journal-1) requested by another process - lock is in use and will be released when operation completed.
22:11:05.745 [INFO] [org.gradle.cache.internal.LoggingEvictionListener] Cache entries evicted. In-memory cache of C:\study\jpashop\jpashop\gradle\caches\journal-1\file-access.bin: Size{400} MaxSize{400}, CacheStats{hitCount=129, missCount=250, loadSuccessCount=251, loadExceptionCount=0, totalLoadTime=9148600, evictionCount=81} 
Performance may suffer from in-memory cache misses. Increase max heap size of Gradle build process to reduce cache misses.
22:11:05.749 [INFO] [org.gradle.cache.internal.LoggingEvictionListener] Cache entries evicted. In-memory cache of C:\study\jpashop\jpashop\gradle\caches\journal-1\file-access.bin: Size{400} MaxSize{400}, CacheStats{hitCount=129, missCount=290, loadSuccessCount=291, loadExceptionCount=0, totalLoadTime=9972500, evictionCount=121} 
Performance may suffer from in-memory cache misses. Increase max heap size of Gradle build process to reduce cache misses.
22:11:05.753 [INFO] [org.gradle.cache.internal.LoggingEvictionListener] Cache entries evicted. In-memory cache of C:\study\jpashop\jpashop\gradle\caches\journal-1\file-access.bin: Size{400} MaxSize{400}, CacheStats{hitCount=129, missCount=330, loadSuccessCount=331, loadExceptionCount=0, totalLoadTime=10579600, evictionCount=161} 
Performance may suffer from in-memory cache misses. Increase max heap size of Gradle build process to reduce cache misses.
22:11:05.756 [INFO] [org.gradle.cache.internal.LoggingEvictionListener] Cache entries evicted. In-memory cache of C:\study\jpashop\jpashop\gradle\caches\journal-1\file-access.bin: Size{400} MaxSize{400}, CacheStats{hitCount=129, missCount=370, loadSuccessCount=371, loadExceptionCount=0, totalLoadTime=11095400, evictionCount=201} 
Performance may suffer from in-memory cache misses. Increase max heap size of Gradle build process to reduce cache misses.
22:11:05.760 [INFO] [org.gradle.cache.internal.LoggingEvictionListener] Cache entries evicted. In-memory cache of C:\study\jpashop\jpashop\gradle\caches\journal-1\file-access.bin: Size{400} MaxSize{400}, CacheStats{hitCount=129, missCount=410, loadSuccessCount=411, loadExceptionCount=0, totalLoadTime=11772100, evictionCount=241} 
Performance may suffer from in-memory cache misses. Increase max heap size of Gradle build process to reduce cache misses.
22:11:05.763 [INFO] [org.gradle.cache.internal.LoggingEvictionListener] Cache entries evicted. In-memory cache of C:\study\jpashop\jpashop\gradle\caches\journal-1\file-access.bin: Size{400} MaxSize{400}, CacheStats{hitCount=129, missCount=450, loadSuccessCount=451, loadExceptionCount=0, totalLoadTime=12378400, evictionCount=281} 
Performance may suffer from in-memory cache misses. Increase max heap size of Gradle build process to reduce cache misses.
22:11:05.766 [INFO] [org.gradle.cache.internal.LoggingEvictionListener] Cache entries evicted. In-memory cache of C:\study\jpashop\jpashop\gradle\caches\journal-1\file-access.bin: Size{400} MaxSize{400}, CacheStats{hitCount=129, missCount=490, loadSuccessCount=491, loadExceptionCount=0, totalLoadTime=12948700, evictionCount=321} 
Performance may suffer from in-memory cache misses. Increase max heap size of Gradle build process to reduce cache misses.
22:11:05.772 [INFO] [org.gradle.cache.internal.LoggingEvictionListener] Cache entries evicted. In-memory cache of C:\study\jpashop\jpashop\gradle\caches\journal-1\file-access.bin: Size{400} MaxSize{400}, CacheStats{hitCount=129, missCount=530, loadSuccessCount=531, loadExceptionCount=0, totalLoadTime=13648900, evictionCount=361} 
Performance may suffer from in-memory cache misses. Increase max heap size of Gradle build process to reduce cache misses.
22:11:05.773 [DEBUG] [org.gradle.cache.internal.AbstractCacheCleanup] artifact cache (C:\study\jpashop\jpashop\gradle\caches\modules-2) [subdir: C:\study\jpashop\jpashop\gradle\caches\modules-2\files-2.1] cleanup deleted 0 files/directories.
22:11:05.774 [DEBUG] [org.gradle.cache.internal.AbstractCacheCleanup] artifact cache (C:\study\jpashop\jpashop\gradle\caches\modules-2) [subdir: C:\study\jpashop\jpashop\gradle\caches\modules-2\metadata-2.71] cleanup deleted 0 files/directories.
22:11:05.774 [INFO] [org.gradle.cache.internal.DefaultPersistentDirectoryStore] artifact cache (C:\study\jpashop\jpashop\gradle\caches\modules-2) cleaned up in 0.099 secs.
22:11:05.775 [DEBUG] [org.gradle.cache.internal.DefaultCacheAccess] Cache Artifact transforms cache (C:\study\jpashop\jpashop\gradle\caches\transforms-2) was closed 0 times.
22:11:05.775 [DEBUG] [org.gradle.cache.internal.LockOnDemandCrossProcessCacheAccess] Releasing file lock for journal cache (C:\study\jpashop\jpashop\gradle\caches\journal-1)
22:11:05.775 [DEBUG] [org.gradle.cache.internal.btree.BTreePersistentIndexedCache] Closing cache file-access.bin (C:\study\jpashop\jpashop\gradle\caches\journal-1\file-access.bin)
22:11:05.775 [DEBUG] [org.gradle.cache.internal.DefaultFileLockManager] Releasing lock on journal cache (C:\study\jpashop\jpashop\gradle\caches\journal-1).
22:11:05.775 [DEBUG] [org.gradle.cache.internal.locklistener.FileLockCommunicator] Confirming lock release to Gradle process at port 63763 for lock with id -8682551875398170390.
22:11:05.776 [DEBUG] [org.gradle.cache.internal.locklistener.FileLockCommunicator] Confirming lock release to Gradle process at port 63763 for lock with id -8682551875398170390.
22:11:05.776 [DEBUG] [org.gradle.cache.internal.DefaultCacheAccess] Cache journal cache (C:\study\jpashop\jpashop\gradle\caches\journal-1) was closed 2 times.
22:11:05.776 [DEBUG] [org.gradle.cache.internal.LockOnDemandCrossProcessCacheAccess] Releasing file lock for file hash cache (C:\study\jpashop\jpashop\gradle\caches\5.6\fileHashes)
22:11:05.776 [DEBUG] [org.gradle.cache.internal.DefaultFileLockManager] Releasing lock on file hash cache (C:\study\jpashop\jpashop\gradle\caches\5.6\fileHashes).
22:11:05.776 [DEBUG] [org.gradle.cache.internal.DefaultCacheAccess] Cache file hash cache (C:\study\jpashop\jpashop\gradle\caches\5.6\fileHashes) was closed 2 times.
22:11:05.776 [DEBUG] [org.gradle.cache.internal.LockOnDemandCrossProcessCacheAccess] Releasing file lock for execution history cache (C:\study\jpashop\jpashop\gradle\caches\5.6\executionHistory)
22:11:05.777 [DEBUG] [org.gradle.cache.internal.DefaultFileLockManager] Releasing lock on execution history cache (C:\study\jpashop\jpashop\gradle\caches\5.6\executionHistory).
22:11:05.778 [DEBUG] [org.gradle.cache.internal.VersionSpecificCacheCleanupAction] Processed version-specific caches at C:\study\jpashop\jpashop\gradle\caches for cleanup in 0.001 secs
Daemon vm is shutting down... The daemon has exited normally or was terminated in response to a user interrupt.
22:11:05.792 [DEBUG] [org.gradle.launcher.daemon.registry.PersistentDaemonRegistry] Removing daemon address: [c84aa385-e42f-4082-9eec-8f92b1ad1a11 port:3415, addresses:[/127.0.0.1, /0:0:0:0:0:0:0:1]]
22:11:05.797 [DEBUG] [org.gradle.cache.internal.DefaultFileLockManager] Waiting to acquire exclusive lock on daemon addresses registry.
22:11:05.798 [DEBUG] [org.gradle.cache.internal.DefaultFileLockManager] Lock acquired on daemon addresses registry.
22:11:05.804 [DEBUG] [org.gradle.cache.internal.DefaultFileLockManager] Releasing lock on daemon addresses registry.
